-17.5	-17.5	-17.5	-17.5	-17.5	-17.5	-17.5	-17.5	-17.5	-17.5	-17.5	-17.5	-17.5	-17.5	-17.5	-17.5	-17.5	-17.5	-17.5	-17.5	-17.5	-17.5	-17.5	-17.5	-17.5	-17.5	-17.5	-17.5	-17.5	-17.5	-17.5	-17.5	-17.5	-17.5	-17.5	-17.5	-17.5	-17.5	-17.5	-17.5	-17.5	-17.5	-17.5	-17.5	-17.5	-17.5	-17.5	-17.5	-17.5	-17.5	-17.5	-17.5	-17.5	-17.5	-17.5	-17.5	-17.5	-17.5	-17.5	-17.5	-17.5	-17.5	-17.5	-17.5	-17.5	-17.5	-17.5	-17.5	-17.5	-17.5	-17.5	-17.5	-17.5	-17.5	-17.5	-17.5	-17.5	-17.5	-17.5	-17.5	-17.5	-17.5	-17.5	-17.5	-17.5	-17.5	-17.5	-17.5	-17.5	-17.5	-17.5	-17.5	-17.5	-17.5	-17.5	-17.5	-17.5	-17.5	-17.5	-17.5	-17.5	-17.5	-17.5	-17.5	-17.5	-17.5	-17.5	-17.5	-17.5	-17.5	-17.5	-17.5	-17.5	-17.5	-17.5	-17.5	-17.5	-17.5	-17.5	-17.5	-17.5	-17.5	-17.5	-17.5	-17.5	-17.5	-17.5	-17.5	-17.5	-17.5	-17.5	-17.5	-17.5	-17.5	-17.5	-17.5	-17.5	-17.5	-17.5	-17.5	-17.5	-17.5	-17.5	-17.5	-17.5	-17.5	-17.5	-17.5	-17.5	-17.5	-17.5	-17.5	-17.5	-17.5	-17.5	-17.5	-17.5	-17.5	-17.5	-17.5	-17.5	-17.5	-17.5	-17.5	-17.5	-17.5	-17.5	-17.5	-17.5	-17.5	-17.5	-17.5	-17.5	-17.5	-17.5	-17.5	-17.5	-17.5	-17.5	-17.5	-17.5	-17.5	-17.5	-17.5	-17.5	-17.5	-17.5	-17.5	-17.5	-17.5	-17.5	-17.5	-17.5	-17.5	-17.5	-17.5	-17.5	-17.5	-17.5	-17.5
-17.28391959799	-17.28391959799	-17.28391959799	-17.28391959799	-17.28391959799	-17.28391959799	-17.28391959799	-17.28391959799	-17.28391959799	-17.28391959799	-17.28391959799	-17.28391959799	-17.28391959799	-17.28391959799	-17.28391959799	-17.28391959799	-17.28391959799	-17.28391959799	-17.28391959799	-17.28391959799	-17.28391959799	-17.28391959799	-17.28391959799	-17.28391959799	-17.28391959799	-17.28391959799	-17.28391959799	-17.28391959799	-17.28391959799	-17.28391959799	-17.28391959799	-17.28391959799	-17.28391959799	-17.28391959799	-17.28391959799	-17.28391959799	-17.28391959799	-17.28391959799	-17.28391959799	-17.28391959799	-17.28391959799	-17.28391959799	-17.28391959799	-17.28391959799	-17.28391959799	-17.28391959799	-17.28391959799	-17.28391959799	-17.28391959799	-17.28391959799	-17.28391959799	-17.28391959799	-17.28391959799	-17.28391959799	-17.28391959799	-17.28391959799	-17.28391959799	-17.28391959799	-17.28391959799	-17.28391959799	-17.28391959799	-17.28391959799	-17.28391959799	-17.28391959799	-17.28391959799	-17.28391959799	-17.28391959799	-17.28391959799	-17.28391959799	-17.28391959799	-17.28391959799	-17.28391959799	-17.28391959799	-17.28391959799	-17.28391959799	-17.28391959799	-17.28391959799	-17.28391959799	-17.28391959799	-17.28391959799	-17.28391959799	-17.28391959799	-17.28391959799	-17.28391959799	-17.28391959799	-17.28391959799	-17.28391959799	-17.28391959799	-17.28391959799	-17.28391959799	-17.28391959799	-17.28391959799	-17.28391959799	-17.28391959799	-17.28391959799	-17.28391959799	-17.28391959799	-17.28391959799	-17.28391959799	-17.28391959799	-17.28391959799	-17.28391959799	-17.28391959799	-17.28391959799	-17.28391959799	-17.28391959799	-17.28391959799	-17.28391959799	-17.28391959799	-17.28391959799	-17.28391959799	-17.28391959799	-17.28391959799	-17.28391959799	-17.28391959799	-17.28391959799	-17.28391959799	-17.28391959799	-17.28391959799	-17.28391959799	-17.28391959799	-17.28391959799	-17.28391959799	-17.28391959799	-17.28391959799	-17.28391959799	-17.28391959799	-17.28391959799	-17.28391959799	-17.28391959799	-17.28391959799	-17.28391959799	-17.28391959799	-17.28391959799	-17.28391959799	-17.28391959799	-17.28391959799	-17.28391959799	-17.28391959799	-17.28391959799	-17.28391959799	-17.28391959799	-17.28391959799	-17.28391959799	-17.28391959799	-17.28391959799	-17.28391959799	-17.28391959799	-17.28391959799	-17.28391959799	-17.28391959799	-17.28391959799	-17.28391959799	-17.28391959799	-17.28391959799	-17.28391959799	-17.28391959799	-17.28391959799	-17.28391959799	-17.28391959799	-17.28391959799	-17.28391959799	-17.28391959799	-17.28391959799	-17.28391959799	-17.28391959799	-17.28391959799	-17.28391959799	-17.28391959799	-17.28391959799	-17.28391959799	-17.28391959799	-17.28391959799	-17.28391959799	-17.28391959799	-17.28391959799	-17.28391959799	-17.28391959799	-17.28391959799	-17.28391959799	-17.28391959799	-17.28391959799	-17.28391959799	-17.28391959799	-17.28391959799	-17.28391959799	-17.28391959799	-17.28391959799	-17.28391959799	-17.28391959799	-17.28391959799	-17.28391959799	-17.28391959799	-17.28391959799	-17.28391959799	-17.28391959799	-17.28391959799	-17.28391959799	-17.28391959799	-17.28391959799
-17.06783919598	-17.06783919598	-17.06783919598	-17.06783919598	-17.06783919598	-17.06783919598	-17.06783919598	-17.06783919598	-17.06783919598	-17.06783919598	-17.06783919598	-17.06783919598	-17.06783919598	-17.06783919598	-17.06783919598	-17.06783919598	-17.06783919598	-17.06783919598	-17.06783919598	-17.06783919598	-17.06783919598	-17.06783919598	-17.06783919598	-17.06783919598	-17.06783919598	-17.06783919598	-17.06783919598	-17.06783919598	-17.06783919598	-17.06783919598	-17.06783919598	-17.06783919598	-17.06783919598	-17.06783919598	-17.06783919598	-17.06783919598	-17.06783919598	-17.06783919598	-17.06783919598	-17.06783919598	-17.06783919598	-17.06783919598	-17.06783919598	-17.06783919598	-17.06783919598	-17.06783919598	-17.06783919598	-17.06783919598	-17.06783919598	-17.06783919598	-17.06783919598	-17.06783919598	-17.06783919598	-17.06783919598	-17.06783919598	-17.06783919598	-17.06783919598	-17.06783919598	-17.06783919598	-17.06783919598	-17.06783919598	-17.06783919598	-17.06783919598	-17.06783919598	-17.06783919598	-17.06783919598	-17.06783919598	-17.06783919598	-17.06783919598	-17.06783919598	-17.06783919598	-17.06783919598	-17.06783919598	-17.06783919598	-17.06783919598	-17.06783919598	-17.06783919598	-17.06783919598	-17.06783919598	-17.06783919598	-17.06783919598	-17.06783919598	-17.06783919598	-17.06783919598	-17.06783919598	-17.06783919598	-17.06783919598	-17.06783919598	-17.06783919598	-17.06783919598	-17.06783919598	-17.06783919598	-17.06783919598	-17.06783919598	-17.06783919598	-17.06783919598	-17.06783919598	-17.06783919598	-17.06783919598	-17.06783919598	-17.06783919598	-17.06783919598	-17.06783919598	-17.06783919598	-17.06783919598	-17.06783919598	-17.06783919598	-17.06783919598	-17.06783919598	-17.06783919598	-17.06783919598	-17.06783919598	-17.06783919598	-17.06783919598	-17.06783919598	-17.06783919598	-17.06783919598	-17.06783919598	-17.06783919598	-17.06783919598	-17.06783919598	-17.06783919598	-17.06783919598	-17.06783919598	-17.06783919598	-17.06783919598	-17.06783919598	-17.06783919598	-17.06783919598	-17.06783919598	-17.06783919598	-17.06783919598	-17.06783919598	-17.06783919598	-17.06783919598	-17.06783919598	-17.06783919598	-17.06783919598	-17.06783919598	-17.06783919598	-17.06783919598	-17.06783919598	-17.06783919598	-17.06783919598	-17.06783919598	-17.06783919598	-17.06783919598	-17.06783919598	-17.06783919598	-17.06783919598	-17.06783919598	-17.06783919598	-17.06783919598	-17.06783919598	-17.06783919598	-17.06783919598	-17.06783919598	-17.06783919598	-17.06783919598	-17.06783919598	-17.06783919598	-17.06783919598	-17.06783919598	-17.06783919598	-17.06783919598	-17.06783919598	-17.06783919598	-17.06783919598	-17.06783919598	-17.06783919598	-17.06783919598	-17.06783919598	-17.06783919598	-17.06783919598	-17.06783919598	-17.06783919598	-17.06783919598	-17.06783919598	-17.06783919598	-17.06783919598	-17.06783919598	-17.06783919598	-17.06783919598	-17.06783919598	-17.06783919598	-17.06783919598	-17.06783919598	-17.06783919598	-17.06783919598	-17.06783919598	-17.06783919598	-17.06783919598	-17.06783919598	-17.06783919598	-17.06783919598	-17.06783919598	-17.06783919598	-17.06783919598	-17.06783919598	-17.06783919598
-16.85175879397	-16.85175879397	-16.85175879397	-16.85175879397	-16.85175879397	-16.85175879397	-16.85175879397	-16.85175879397	-16.85175879397	-16.85175879397	-16.85175879397	-16.85175879397	-16.85175879397	-16.85175879397	-16.85175879397	-16.85175879397	-16.85175879397	-16.85175879397	-16.85175879397	-16.85175879397	-16.85175879397	-16.85175879397	-16.85175879397	-16.85175879397	-16.85175879397	-16.85175879397	-16.85175879397	-16.85175879397	-16.85175879397	-16.85175879397	-16.85175879397	-16.85175879397	-16.85175879397	-16.85175879397	-16.85175879397	-16.85175879397	-16.85175879397	-16.85175879397	-16.85175879397	-16.85175879397	-16.85175879397	-16.85175879397	-16.85175879397	-16.85175879397	-16.85175879397	-16.85175879397	-16.85175879397	-16.85175879397	-16.85175879397	-16.85175879397	-16.85175879397	-16.85175879397	-16.85175879397	-16.85175879397	-16.85175879397	-16.85175879397	-16.85175879397	-16.85175879397	-16.85175879397	-16.85175879397	-16.85175879397	-16.85175879397	-16.85175879397	-16.85175879397	-16.85175879397	-16.85175879397	-16.85175879397	-16.85175879397	-16.85175879397	-16.85175879397	-16.85175879397	-16.85175879397	-16.85175879397	-16.85175879397	-16.85175879397	-16.85175879397	-16.85175879397	-16.85175879397	-16.85175879397	-16.85175879397	-16.85175879397	-16.85175879397	-16.85175879397	-16.85175879397	-16.85175879397	-16.85175879397	-16.85175879397	-16.85175879397	-16.85175879397	-16.85175879397	-16.85175879397	-16.85175879397	-16.85175879397	-16.85175879397	-16.85175879397	-16.85175879397	-16.85175879397	-16.85175879397	-16.85175879397	-16.85175879397	-16.85175879397	-16.85175879397	-16.85175879397	-16.85175879397	-16.85175879397	-16.85175879397	-16.85175879397	-16.85175879397	-16.85175879397	-16.85175879397	-16.85175879397	-16.85175879397	-16.85175879397	-16.85175879397	-16.85175879397	-16.85175879397	-16.85175879397	-16.85175879397	-16.85175879397	-16.85175879397	-16.85175879397	-16.85175879397	-16.85175879397	-16.85175879397	-16.85175879397	-16.85175879397	-16.85175879397	-16.85175879397	-16.85175879397	-16.85175879397	-16.85175879397	-16.85175879397	-16.85175879397	-16.85175879397	-16.85175879397	-16.85175879397	-16.85175879397	-16.85175879397	-16.85175879397	-16.85175879397	-16.85175879397	-16.85175879397	-16.85175879397	-16.85175879397	-16.85175879397	-16.85175879397	-16.85175879397	-16.85175879397	-16.85175879397	-16.85175879397	-16.85175879397	-16.85175879397	-16.85175879397	-16.85175879397	-16.85175879397	-16.85175879397	-16.85175879397	-16.85175879397	-16.85175879397	-16.85175879397	-16.85175879397	-16.85175879397	-16.85175879397	-16.85175879397	-16.85175879397	-16.85175879397	-16.85175879397	-16.85175879397	-16.85175879397	-16.85175879397	-16.85175879397	-16.85175879397	-16.85175879397	-16.85175879397	-16.85175879397	-16.85175879397	-16.85175879397	-16.85175879397	-16.85175879397	-16.85175879397	-16.85175879397	-16.85175879397	-16.85175879397	-16.85175879397	-16.85175879397	-16.85175879397	-16.85175879397	-16.85175879397	-16.85175879397	-16.85175879397	-16.85175879397	-16.85175879397	-16.85175879397	-16.85175879397	-16.85175879397	-16.85175879397	-16.85175879397	-16.85175879397	-16.85175879397	-16.85175879397
-16.63567839196	-16.63567839196	-16.63567839196	-16.63567839196	-16.63567839196	-16.63567839196	-16.63567839196	-16.63567839196	-16.63567839196	-16.63567839196	-16.63567839196	-16.63567839196	-16.63567839196	-16.63567839196	-16.63567839196	-16.63567839196	-16.63567839196	-16.63567839196	-16.63567839196	-16.63567839196	-16.63567839196	-16.63567839196	-16.63567839196	-16.63567839196	-16.63567839196	-16.63567839196	-16.63567839196	-16.63567839196	-16.63567839196	-16.63567839196	-16.63567839196	-16.63567839196	-16.63567839196	-16.63567839196	-16.63567839196	-16.63567839196	-16.63567839196	-16.63567839196	-16.63567839196	-16.63567839196	-16.63567839196	-16.63567839196	-16.63567839196	-16.63567839196	-16.63567839196	-16.63567839196	-16.63567839196	-16.63567839196	-16.63567839196	-16.63567839196	-16.63567839196	-16.63567839196	-16.63567839196	-16.63567839196	-16.63567839196	-16.63567839196	-16.63567839196	-16.63567839196	-16.63567839196	-16.63567839196	-16.63567839196	-16.63567839196	-16.63567839196	-16.63567839196	-16.63567839196	-16.63567839196	-16.63567839196	-16.63567839196	-16.63567839196	-16.63567839196	-16.63567839196	-16.63567839196	-16.63567839196	-16.63567839196	-16.63567839196	-16.63567839196	-16.63567839196	-16.63567839196	-16.63567839196	-16.63567839196	-16.63567839196	-16.63567839196	-16.63567839196	-16.63567839196	-16.63567839196	-16.63567839196	-16.63567839196	-16.63567839196	-16.63567839196	-16.63567839196	-16.63567839196	-16.63567839196	-16.63567839196	-16.63567839196	-16.63567839196	-16.63567839196	-16.63567839196	-16.63567839196	-16.63567839196	-16.63567839196	-16.63567839196	-16.63567839196	-16.63567839196	-16.63567839196	-16.63567839196	-16.63567839196	-16.63567839196	-16.63567839196	-16.63567839196	-16.63567839196	-16.63567839196	-16.63567839196	-16.63567839196	-16.63567839196	-16.63567839196	-16.63567839196	-16.63567839196	-16.63567839196	-16.63567839196	-16.63567839196	-16.63567839196	-16.63567839196	-16.63567839196	-16.63567839196	-16.63567839196	-16.63567839196	-16.63567839196	-16.63567839196	-16.63567839196	-16.63567839196	-16.63567839196	-16.63567839196	-16.63567839196	-16.63567839196	-16.63567839196	-16.63567839196	-16.63567839196	-16.63567839196	-16.63567839196	-16.63567839196	-16.63567839196	-16.63567839196	-16.63567839196	-16.63567839196	-16.63567839196	-16.63567839196	-16.63567839196	-16.63567839196	-16.63567839196	-16.63567839196	-16.63567839196	-16.63567839196	-16.63567839196	-16.63567839196	-16.63567839196	-16.63567839196	-16.63567839196	-16.63567839196	-16.63567839196	-16.63567839196	-16.63567839196	-16.63567839196	-16.63567839196	-16.63567839196	-16.63567839196	-16.63567839196	-16.63567839196	-16.63567839196	-16.63567839196	-16.63567839196	-16.63567839196	-16.63567839196	-16.63567839196	-16.63567839196	-16.63567839196	-16.63567839196	-16.63567839196	-16.63567839196	-16.63567839196	-16.63567839196	-16.63567839196	-16.63567839196	-16.63567839196	-16.63567839196	-16.63567839196	-16.63567839196	-16.63567839196	-16.63567839196	-16.63567839196	-16.63567839196	-16.63567839196	-16.63567839196	-16.63567839196	-16.63567839196	-16.63567839196	-16.63567839196	-16.63567839196	-16.63567839196	-16.63567839196	-16.63567839196
-16.41959798995	-16.41959798995	-16.41959798995	-16.41959798995	-16.41959798995	-16.41959798995	-16.41959798995	-16.41959798995	-16.41959798995	-16.41959798995	-16.41959798995	-16.41959798995	-16.41959798995	-16.41959798995	-16.41959798995	-16.41959798995	-16.41959798995	-16.41959798995	-16.41959798995	-16.41959798995	-16.41959798995	-16.41959798995	-16.41959798995	-16.41959798995	-16.41959798995	-16.41959798995	-16.41959798995	-16.41959798995	-16.41959798995	-16.41959798995	-16.41959798995	-16.41959798995	-16.41959798995	-16.41959798995	-16.41959798995	-16.41959798995	-16.41959798995	-16.41959798995	-16.41959798995	-16.41959798995	-16.41959798995	-16.41959798995	-16.41959798995	-16.41959798995	-16.41959798995	-16.41959798995	-16.41959798995	-16.41959798995	-16.41959798995	-16.41959798995	-16.41959798995	-16.41959798995	-16.41959798995	-16.41959798995	-16.41959798995	-16.41959798995	-16.41959798995	-16.41959798995	-16.41959798995	-16.41959798995	-16.41959798995	-16.41959798995	-16.41959798995	-16.41959798995	-16.41959798995	-16.41959798995	-16.41959798995	-16.41959798995	-16.41959798995	-16.41959798995	-16.41959798995	-16.41959798995	-16.41959798995	-16.41959798995	-16.41959798995	-16.41959798995	-16.41959798995	-16.41959798995	-16.41959798995	-16.41959798995	-16.41959798995	-16.41959798995	-16.41959798995	-16.41959798995	-16.41959798995	-16.41959798995	-16.41959798995	-16.41959798995	-16.41959798995	-16.41959798995	-16.41959798995	-16.41959798995	-16.41959798995	-16.41959798995	-16.41959798995	-16.41959798995	-16.41959798995	-16.41959798995	-16.41959798995	-16.41959798995	-16.41959798995	-16.41959798995	-16.41959798995	-16.41959798995	-16.41959798995	-16.41959798995	-16.41959798995	-16.41959798995	-16.41959798995	-16.41959798995	-16.41959798995	-16.41959798995	-16.41959798995	-16.41959798995	-16.41959798995	-16.41959798995	-16.41959798995	-16.41959798995	-16.41959798995	-16.41959798995	-16.41959798995	-16.41959798995	-16.41959798995	-16.41959798995	-16.41959798995	-16.41959798995	-16.41959798995	-16.41959798995	-16.41959798995	-16.41959798995	-16.41959798995	-16.41959798995	-16.41959798995	-16.41959798995	-16.41959798995	-16.41959798995	-16.41959798995	-16.41959798995	-16.41959798995	-16.41959798995	-16.41959798995	-16.41959798995	-16.41959798995	-16.41959798995	-16.41959798995	-16.41959798995	-16.41959798995	-16.41959798995	-16.41959798995	-16.41959798995	-16.41959798995	-16.41959798995	-16.41959798995	-16.41959798995	-16.41959798995	-16.41959798995	-16.41959798995	-16.41959798995	-16.41959798995	-16.41959798995	-16.41959798995	-16.41959798995	-16.41959798995	-16.41959798995	-16.41959798995	-16.41959798995	-16.41959798995	-16.41959798995	-16.41959798995	-16.41959798995	-16.41959798995	-16.41959798995	-16.41959798995	-16.41959798995	-16.41959798995	-16.41959798995	-16.41959798995	-16.41959798995	-16.41959798995	-16.41959798995	-16.41959798995	-16.41959798995	-16.41959798995	-16.41959798995	-16.41959798995	-16.41959798995	-16.41959798995	-16.41959798995	-16.41959798995	-16.41959798995	-16.41959798995	-16.41959798995	-16.41959798995	-16.41959798995	-16.41959798995	-16.41959798995	-16.41959798995	-16.41959798995	-16.41959798995	-16.41959798995
-16.20351758794	-16.20351758794	-16.20351758794	-16.20351758794	-16.20351758794	-16.20351758794	-16.20351758794	-16.20351758794	-16.20351758794	-16.20351758794	-16.20351758794	-16.20351758794	-16.20351758794	-16.20351758794	-16.20351758794	-16.20351758794	-16.20351758794	-16.20351758794	-16.20351758794	-16.20351758794	-16.20351758794	-16.20351758794	-16.20351758794	-16.20351758794	-16.20351758794	-16.20351758794	-16.20351758794	-16.20351758794	-16.20351758794	-16.20351758794	-16.20351758794	-16.20351758794	-16.20351758794	-16.20351758794	-16.20351758794	-16.20351758794	-16.20351758794	-16.20351758794	-16.20351758794	-16.20351758794	-16.20351758794	-16.20351758794	-16.20351758794	-16.20351758794	-16.20351758794	-16.20351758794	-16.20351758794	-16.20351758794	-16.20351758794	-16.20351758794	-16.20351758794	-16.20351758794	-16.20351758794	-16.20351758794	-16.20351758794	-16.20351758794	-16.20351758794	-16.20351758794	-16.20351758794	-16.20351758794	-16.20351758794	-16.20351758794	-16.20351758794	-16.20351758794	-16.20351758794	-16.20351758794	-16.20351758794	-16.20351758794	-16.20351758794	-16.20351758794	-16.20351758794	-16.20351758794	-16.20351758794	-16.20351758794	-16.20351758794	-16.20351758794	-16.20351758794	-16.20351758794	-16.20351758794	-16.20351758794	-16.20351758794	-16.20351758794	-16.20351758794	-16.20351758794	-16.20351758794	-16.20351758794	-16.20351758794	-16.20351758794	-16.20351758794	-16.20351758794	-16.20351758794	-16.20351758794	-16.20351758794	-16.20351758794	-16.20351758794	-16.20351758794	-16.20351758794	-16.20351758794	-16.20351758794	-16.20351758794	-16.20351758794	-16.20351758794	-16.20351758794	-16.20351758794	-16.20351758794	-16.20351758794	-16.20351758794	-16.20351758794	-16.20351758794	-16.20351758794	-16.20351758794	-16.20351758794	-16.20351758794	-16.20351758794	-16.20351758794	-16.20351758794	-16.20351758794	-16.20351758794	-16.20351758794	-16.20351758794	-16.20351758794	-16.20351758794	-16.20351758794	-16.20351758794	-16.20351758794	-16.20351758794	-16.20351758794	-16.20351758794	-16.20351758794	-16.20351758794	-16.20351758794	-16.20351758794	-16.20351758794	-16.20351758794	-16.20351758794	-16.20351758794	-16.20351758794	-16.20351758794	-16.20351758794	-16.20351758794	-16.20351758794	-16.20351758794	-16.20351758794	-16.20351758794	-16.20351758794	-16.20351758794	-16.20351758794	-16.20351758794	-16.20351758794	-16.20351758794	-16.20351758794	-16.20351758794	-16.20351758794	-16.20351758794	-16.20351758794	-16.20351758794	-16.20351758794	-16.20351758794	-16.20351758794	-16.20351758794	-16.20351758794	-16.20351758794	-16.20351758794	-16.20351758794	-16.20351758794	-16.20351758794	-16.20351758794	-16.20351758794	-16.20351758794	-16.20351758794	-16.20351758794	-16.20351758794	-16.20351758794	-16.20351758794	-16.20351758794	-16.20351758794	-16.20351758794	-16.20351758794	-16.20351758794	-16.20351758794	-16.20351758794	-16.20351758794	-16.20351758794	-16.20351758794	-16.20351758794	-16.20351758794	-16.20351758794	-16.20351758794	-16.20351758794	-16.20351758794	-16.20351758794	-16.20351758794	-16.20351758794	-16.20351758794	-16.20351758794	-16.20351758794	-16.20351758794	-16.20351758794	-16.20351758794	-16.20351758794
-15.98743718593	-15.98743718593	-15.98743718593	-15.98743718593	-15.98743718593	-15.98743718593	-15.98743718593	-15.98743718593	-15.98743718593	-15.98743718593	-15.98743718593	-15.98743718593	-15.98743718593	-15.98743718593	-15.98743718593	-15.98743718593	-15.98743718593	-15.98743718593	-15.98743718593	-15.98743718593	-15.98743718593	-15.98743718593	-15.98743718593	-15.98743718593	-15.98743718593	-15.98743718593	-15.98743718593	-15.98743718593	-15.98743718593	-15.98743718593	-15.98743718593	-15.98743718593	-15.98743718593	-15.98743718593	-15.98743718593	-15.98743718593	-15.98743718593	-15.98743718593	-15.98743718593	-15.98743718593	-15.98743718593	-15.98743718593	-15.98743718593	-15.98743718593	-15.98743718593	-15.98743718593	-15.98743718593	-15.98743718593	-15.98743718593	-15.98743718593	-15.98743718593	-15.98743718593	-15.98743718593	-15.98743718593	-15.98743718593	-15.98743718593	-15.98743718593	-15.98743718593	-15.98743718593	-15.98743718593	-15.98743718593	-15.98743718593	-15.98743718593	-15.98743718593	-15.98743718593	-15.98743718593	-15.98743718593	-15.98743718593	-15.98743718593	-15.98743718593	-15.98743718593	-15.98743718593	-15.98743718593	-15.98743718593	-15.98743718593	-15.98743718593	-15.98743718593	-15.98743718593	-15.98743718593	-15.98743718593	-15.98743718593	-15.98743718593	-15.98743718593	-15.98743718593	-15.98743718593	-15.98743718593	-15.98743718593	-15.98743718593	-15.98743718593	-15.98743718593	-15.98743718593	-15.98743718593	-15.98743718593	-15.98743718593	-15.98743718593	-15.98743718593	-15.98743718593	-15.98743718593	-15.98743718593	-15.98743718593	-15.98743718593	-15.98743718593	-15.98743718593	-15.98743718593	-15.98743718593	-15.98743718593	-15.98743718593	-15.98743718593	-15.98743718593	-15.98743718593	-15.98743718593	-15.98743718593	-15.98743718593	-15.98743718593	-15.98743718593	-15.98743718593	-15.98743718593	-15.98743718593	-15.98743718593	-15.98743718593	-15.98743718593	-15.98743718593	-15.98743718593	-15.98743718593	-15.98743718593	-15.98743718593	-15.98743718593	-15.98743718593	-15.98743718593	-15.98743718593	-15.98743718593	-15.98743718593	-15.98743718593	-15.98743718593	-15.98743718593	-15.98743718593	-15.98743718593	-15.98743718593	-15.98743718593	-15.98743718593	-15.98743718593	-15.98743718593	-15.98743718593	-15.98743718593	-15.98743718593	-15.98743718593	-15.98743718593	-15.98743718593	-15.98743718593	-15.98743718593	-15.98743718593	-15.98743718593	-15.98743718593	-15.98743718593	-15.98743718593	-15.98743718593	-15.98743718593	-15.98743718593	-15.98743718593	-15.98743718593	-15.98743718593	-15.98743718593	-15.98743718593	-15.98743718593	-15.98743718593	-15.98743718593	-15.98743718593	-15.98743718593	-15.98743718593	-15.98743718593	-15.98743718593	-15.98743718593	-15.98743718593	-15.98743718593	-15.98743718593	-15.98743718593	-15.98743718593	-15.98743718593	-15.98743718593	-15.98743718593	-15.98743718593	-15.98743718593	-15.98743718593	-15.98743718593	-15.98743718593	-15.98743718593	-15.98743718593	-15.98743718593	-15.98743718593	-15.98743718593	-15.98743718593	-15.98743718593	-15.98743718593	-15.98743718593	-15.98743718593	-15.98743718593	-15.98743718593	-15.98743718593	-15.98743718593	-15.98743718593
-15.77135678392	-15.77135678392	-15.77135678392	-15.77135678392	-15.77135678392	-15.77135678392	-15.77135678392	-15.77135678392	-15.77135678392	-15.77135678392	-15.77135678392	-15.77135678392	-15.77135678392	-15.77135678392	-15.77135678392	-15.77135678392	-15.77135678392	-15.77135678392	-15.77135678392	-15.77135678392	-15.77135678392	-15.77135678392	-15.77135678392	-15.77135678392	-15.77135678392	-15.77135678392	-15.77135678392	-15.77135678392	-15.77135678392	-15.77135678392	-15.77135678392	-15.77135678392	-15.77135678392	-15.77135678392	-15.77135678392	-15.77135678392	-15.77135678392	-15.77135678392	-15.77135678392	-15.77135678392	-15.77135678392	-15.77135678392	-15.77135678392	-15.77135678392	-15.77135678392	-15.77135678392	-15.77135678392	-15.77135678392	-15.77135678392	-15.77135678392	-15.77135678392	-15.77135678392	-15.77135678392	-15.77135678392	-15.77135678392	-15.77135678392	-15.77135678392	-15.77135678392	-15.77135678392	-15.77135678392	-15.77135678392	-15.77135678392	-15.77135678392	-15.77135678392	-15.77135678392	-15.77135678392	-15.77135678392	-15.77135678392	-15.77135678392	-15.77135678392	-15.77135678392	-15.77135678392	-15.77135678392	-15.77135678392	-15.77135678392	-15.77135678392	-15.77135678392	-15.77135678392	-15.77135678392	-15.77135678392	-15.77135678392	-15.77135678392	-15.77135678392	-15.77135678392	-15.77135678392	-15.77135678392	-15.77135678392	-15.77135678392	-15.77135678392	-15.77135678392	-15.77135678392	-15.77135678392	-15.77135678392	-15.77135678392	-15.77135678392	-15.77135678392	-15.77135678392	-15.77135678392	-15.77135678392	-15.77135678392	-15.77135678392	-15.77135678392	-15.77135678392	-15.77135678392	-15.77135678392	-15.77135678392	-15.77135678392	-15.77135678392	-15.77135678392	-15.77135678392	-15.77135678392	-15.77135678392	-15.77135678392	-15.77135678392	-15.77135678392	-15.77135678392	-15.77135678392	-15.77135678392	-15.77135678392	-15.77135678392	-15.77135678392	-15.77135678392	-15.77135678392	-15.77135678392	-15.77135678392	-15.77135678392	-15.77135678392	-15.77135678392	-15.77135678392	-15.77135678392	-15.77135678392	-15.77135678392	-15.77135678392	-15.77135678392	-15.77135678392	-15.77135678392	-15.77135678392	-15.77135678392	-15.77135678392	-15.77135678392	-15.77135678392	-15.77135678392	-15.77135678392	-15.77135678392	-15.77135678392	-15.77135678392	-15.77135678392	-15.77135678392	-15.77135678392	-15.77135678392	-15.77135678392	-15.77135678392	-15.77135678392	-15.77135678392	-15.77135678392	-15.77135678392	-15.77135678392	-15.77135678392	-15.77135678392	-15.77135678392	-15.77135678392	-15.77135678392	-15.77135678392	-15.77135678392	-15.77135678392	-15.77135678392	-15.77135678392	-15.77135678392	-15.77135678392	-15.77135678392	-15.77135678392	-15.77135678392	-15.77135678392	-15.77135678392	-15.77135678392	-15.77135678392	-15.77135678392	-15.77135678392	-15.77135678392	-15.77135678392	-15.77135678392	-15.77135678392	-15.77135678392	-15.77135678392	-15.77135678392	-15.77135678392	-15.77135678392	-15.77135678392	-15.77135678392	-15.77135678392	-15.77135678392	-15.77135678392	-15.77135678392	-15.77135678392	-15.77135678392	-15.77135678392	-15.77135678392	-15.77135678392	-15.77135678392	-15.77135678392
-15.55527638191	-15.55527638191	-15.55527638191	-15.55527638191	-15.55527638191	-15.55527638191	-15.55527638191	-15.55527638191	-15.55527638191	-15.55527638191	-15.55527638191	-15.55527638191	-15.55527638191	-15.55527638191	-15.55527638191	-15.55527638191	-15.55527638191	-15.55527638191	-15.55527638191	-15.55527638191	-15.55527638191	-15.55527638191	-15.55527638191	-15.55527638191	-15.55527638191	-15.55527638191	-15.55527638191	-15.55527638191	-15.55527638191	-15.55527638191	-15.55527638191	-15.55527638191	-15.55527638191	-15.55527638191	-15.55527638191	-15.55527638191	-15.55527638191	-15.55527638191	-15.55527638191	-15.55527638191	-15.55527638191	-15.55527638191	-15.55527638191	-15.55527638191	-15.55527638191	-15.55527638191	-15.55527638191	-15.55527638191	-15.55527638191	-15.55527638191	-15.55527638191	-15.55527638191	-15.55527638191	-15.55527638191	-15.55527638191	-15.55527638191	-15.55527638191	-15.55527638191	-15.55527638191	-15.55527638191	-15.55527638191	-15.55527638191	-15.55527638191	-15.55527638191	-15.55527638191	-15.55527638191	-15.55527638191	-15.55527638191	-15.55527638191	-15.55527638191	-15.55527638191	-15.55527638191	-15.55527638191	-15.55527638191	-15.55527638191	-15.55527638191	-15.55527638191	-15.55527638191	-15.55527638191	-15.55527638191	-15.55527638191	-15.55527638191	-15.55527638191	-15.55527638191	-15.55527638191	-15.55527638191	-15.55527638191	-15.55527638191	-15.55527638191	-15.55527638191	-15.55527638191	-15.55527638191	-15.55527638191	-15.55527638191	-15.55527638191	-15.55527638191	-15.55527638191	-15.55527638191	-15.55527638191	-15.55527638191	-15.55527638191	-15.55527638191	-15.55527638191	-15.55527638191	-15.55527638191	-15.55527638191	-15.55527638191	-15.55527638191	-15.55527638191	-15.55527638191	-15.55527638191	-15.55527638191	-15.55527638191	-15.55527638191	-15.55527638191	-15.55527638191	-15.55527638191	-15.55527638191	-15.55527638191	-15.55527638191	-15.55527638191	-15.55527638191	-15.55527638191	-15.55527638191	-15.55527638191	-15.55527638191	-15.55527638191	-15.55527638191	-15.55527638191	-15.55527638191	-15.55527638191	-15.55527638191	-15.55527638191	-15.55527638191	-15.55527638191	-15.55527638191	-15.55527638191	-15.55527638191	-15.55527638191	-15.55527638191	-15.55527638191	-15.55527638191	-15.55527638191	-15.55527638191	-15.55527638191	-15.55527638191	-15.55527638191	-15.55527638191	-15.55527638191	-15.55527638191	-15.55527638191	-15.55527638191	-15.55527638191	-15.55527638191	-15.55527638191	-15.55527638191	-15.55527638191	-15.55527638191	-15.55527638191	-15.55527638191	-15.55527638191	-15.55527638191	-15.55527638191	-15.55527638191	-15.55527638191	-15.55527638191	-15.55527638191	-15.55527638191	-15.55527638191	-15.55527638191	-15.55527638191	-15.55527638191	-15.55527638191	-15.55527638191	-15.55527638191	-15.55527638191	-15.55527638191	-15.55527638191	-15.55527638191	-15.55527638191	-15.55527638191	-15.55527638191	-15.55527638191	-15.55527638191	-15.55527638191	-15.55527638191	-15.55527638191	-15.55527638191	-15.55527638191	-15.55527638191	-15.55527638191	-15.55527638191	-15.55527638191	-15.55527638191	-15.55527638191	-15.55527638191	-15.55527638191	-15.55527638191	-15.55527638191	-15.55527638191
-15.339195979899	-15.339195979899	-15.339195979899	-15.339195979899	-15.339195979899	-15.339195979899	-15.339195979899	-15.339195979899	-15.339195979899	-15.339195979899	-15.339195979899	-15.339195979899	-15.339195979899	-15.339195979899	-15.339195979899	-15.339195979899	-15.339195979899	-15.339195979899	-15.339195979899	-15.339195979899	-15.339195979899	-15.339195979899	-15.339195979899	-15.339195979899	-15.339195979899	-15.339195979899	-15.339195979899	-15.339195979899	-15.339195979899	-15.339195979899	-15.339195979899	-15.339195979899	-15.339195979899	-15.339195979899	-15.339195979899	-15.339195979899	-15.339195979899	-15.339195979899	-15.339195979899	-15.339195979899	-15.339195979899	-15.339195979899	-15.339195979899	-15.339195979899	-15.339195979899	-15.339195979899	-15.339195979899	-15.339195979899	-15.339195979899	-15.339195979899	-15.339195979899	-15.339195979899	-15.339195979899	-15.339195979899	-15.339195979899	-15.339195979899	-15.339195979899	-15.339195979899	-15.339195979899	-15.339195979899	-15.339195979899	-15.339195979899	-15.339195979899	-15.339195979899	-15.339195979899	-15.339195979899	-15.339195979899	-15.339195979899	-15.339195979899	-15.339195979899	-15.339195979899	-15.339195979899	-15.339195979899	-15.339195979899	-15.339195979899	-15.339195979899	-15.339195979899	-15.339195979899	-15.339195979899	-15.339195979899	-15.339195979899	-15.339195979899	-15.339195979899	-15.339195979899	-15.339195979899	-15.339195979899	-15.339195979899	-15.339195979899	-15.339195979899	-15.339195979899	-15.339195979899	-15.339195979899	-15.339195979899	-15.339195979899	-15.339195979899	-15.339195979899	-15.339195979899	-15.339195979899	-15.339195979899	-15.339195979899	-15.339195979899	-15.339195979899	-15.339195979899	-15.339195979899	-15.339195979899	-15.339195979899	-15.339195979899	-15.339195979899	-15.339195979899	-15.339195979899	-15.339195979899	-15.339195979899	-15.339195979899	-15.339195979899	-15.339195979899	-15.339195979899	-15.339195979899	-15.339195979899	-15.339195979899	-15.339195979899	-15.339195979899	-15.339195979899	-15.339195979899	-15.339195979899	-15.339195979899	-15.339195979899	-15.339195979899	-15.339195979899	-15.339195979899	-15.339195979899	-15.339195979899	-15.339195979899	-15.339195979899	-15.339195979899	-15.339195979899	-15.339195979899	-15.339195979899	-15.339195979899	-15.339195979899	-15.339195979899	-15.339195979899	-15.339195979899	-15.339195979899	-15.339195979899	-15.339195979899	-15.339195979899	-15.339195979899	-15.339195979899	-15.339195979899	-15.339195979899	-15.339195979899	-15.339195979899	-15.339195979899	-15.339195979899	-15.339195979899	-15.339195979899	-15.339195979899	-15.339195979899	-15.339195979899	-15.339195979899	-15.339195979899	-15.339195979899	-15.339195979899	-15.339195979899	-15.339195979899	-15.339195979899	-15.339195979899	-15.339195979899	-15.339195979899	-15.339195979899	-15.339195979899	-15.339195979899	-15.339195979899	-15.339195979899	-15.339195979899	-15.339195979899	-15.339195979899	-15.339195979899	-15.339195979899	-15.339195979899	-15.339195979899	-15.339195979899	-15.339195979899	-15.339195979899	-15.339195979899	-15.339195979899	-15.339195979899	-15.339195979899	-15.339195979899	-15.339195979899	-15.339195979899	-15.339195979899	-15.339195979899	-15.339195979899	-15.339195979899	-15.339195979899	-15.339195979899	-15.339195979899	-15.339195979899	-15.339195979899
-15.123115577889	-15.123115577889	-15.123115577889	-15.123115577889	-15.123115577889	-15.123115577889	-15.123115577889	-15.123115577889	-15.123115577889	-15.123115577889	-15.123115577889	-15.123115577889	-15.123115577889	-15.123115577889	-15.123115577889	-15.123115577889	-15.123115577889	-15.123115577889	-15.123115577889	-15.123115577889	-15.123115577889	-15.123115577889	-15.123115577889	-15.123115577889	-15.123115577889	-15.123115577889	-15.123115577889	-15.123115577889	-15.123115577889	-15.123115577889	-15.123115577889	-15.123115577889	-15.123115577889	-15.123115577889	-15.123115577889	-15.123115577889	-15.123115577889	-15.123115577889	-15.123115577889	-15.123115577889	-15.123115577889	-15.123115577889	-15.123115577889	-15.123115577889	-15.123115577889	-15.123115577889	-15.123115577889	-15.123115577889	-15.123115577889	-15.123115577889	-15.123115577889	-15.123115577889	-15.123115577889	-15.123115577889	-15.123115577889	-15.123115577889	-15.123115577889	-15.123115577889	-15.123115577889	-15.123115577889	-15.123115577889	-15.123115577889	-15.123115577889	-15.123115577889	-15.123115577889	-15.123115577889	-15.123115577889	-15.123115577889	-15.123115577889	-15.123115577889	-15.123115577889	-15.123115577889	-15.123115577889	-15.123115577889	-15.123115577889	-15.123115577889	-15.123115577889	-15.123115577889	-15.123115577889	-15.123115577889	-15.123115577889	-15.123115577889	-15.123115577889	-15.123115577889	-15.123115577889	-15.123115577889	-15.123115577889	-15.123115577889	-15.123115577889	-15.123115577889	-15.123115577889	-15.123115577889	-15.123115577889	-15.123115577889	-15.123115577889	-15.123115577889	-15.123115577889	-15.123115577889	-15.123115577889	-15.123115577889	-15.123115577889	-15.123115577889	-15.123115577889	-15.123115577889	-15.123115577889	-15.123115577889	-15.123115577889	-15.123115577889	-15.123115577889	-15.123115577889	-15.123115577889	-15.123115577889	-15.123115577889	-15.123115577889	-15.123115577889	-15.123115577889	-15.123115577889	-15.123115577889	-15.123115577889	-15.123115577889	-15.123115577889	-15.123115577889	-15.123115577889	-15.123115577889	-15.123115577889	-15.123115577889	-15.123115577889	-15.123115577889	-15.123115577889	-15.123115577889	-15.123115577889	-15.123115577889	-15.123115577889	-15.123115577889	-15.123115577889	-15.123115577889	-15.123115577889	-15.123115577889	-15.123115577889	-15.123115577889	-15.123115577889	-15.123115577889	-15.123115577889	-15.123115577889	-15.123115577889	-15.123115577889	-15.123115577889	-15.123115577889	-15.123115577889	-15.123115577889	-15.123115577889	-15.123115577889	-15.123115577889	-15.123115577889	-15.123115577889	-15.123115577889	-15.123115577889	-15.123115577889	-15.123115577889	-15.123115577889	-15.123115577889	-15.123115577889	-15.123115577889	-15.123115577889	-15.123115577889	-15.123115577889	-15.123115577889	-15.123115577889	-15.123115577889	-15.123115577889	-15.123115577889	-15.123115577889	-15.123115577889	-15.123115577889	-15.123115577889	-15.123115577889	-15.123115577889	-15.123115577889	-15.123115577889	-15.123115577889	-15.123115577889	-15.123115577889	-15.123115577889	-15.123115577889	-15.123115577889	-15.123115577889	-15.123115577889	-15.123115577889	-15.123115577889	-15.123115577889	-15.123115577889	-15.123115577889	-15.123115577889	-15.123115577889	-15.123115577889	-15.123115577889	-15.123115577889	-15.123115577889	-15.123115577889	-15.123115577889
-14.907035175879	-14.907035175879	-14.907035175879	-14.907035175879	-14.907035175879	-14.907035175879	-14.907035175879	-14.907035175879	-14.907035175879	-14.907035175879	-14.907035175879	-14.907035175879	-14.907035175879	-14.907035175879	-14.907035175879	-14.907035175879	-14.907035175879	-14.907035175879	-14.907035175879	-14.907035175879	-14.907035175879	-14.907035175879	-14.907035175879	-14.907035175879	-14.907035175879	-14.907035175879	-14.907035175879	-14.907035175879	-14.907035175879	-14.907035175879	-14.907035175879	-14.907035175879	-14.907035175879	-14.907035175879	-14.907035175879	-14.907035175879	-14.907035175879	-14.907035175879	-14.907035175879	-14.907035175879	-14.907035175879	-14.907035175879	-14.907035175879	-14.907035175879	-14.907035175879	-14.907035175879	-14.907035175879	-14.907035175879	-14.907035175879	-14.907035175879	-14.907035175879	-14.907035175879	-14.907035175879	-14.907035175879	-14.907035175879	-14.907035175879	-14.907035175879	-14.907035175879	-14.907035175879	-14.907035175879	-14.907035175879	-14.907035175879	-14.907035175879	-14.907035175879	-14.907035175879	-14.907035175879	-14.907035175879	-14.907035175879	-14.907035175879	-14.907035175879	-14.907035175879	-14.907035175879	-14.907035175879	-14.907035175879	-14.907035175879	-14.907035175879	-14.907035175879	-14.907035175879	-14.907035175879	-14.907035175879	-14.907035175879	-14.907035175879	-14.907035175879	-14.907035175879	-14.907035175879	-14.907035175879	-14.907035175879	-14.907035175879	-14.907035175879	-14.907035175879	-14.907035175879	-14.907035175879	-14.907035175879	-14.907035175879	-14.907035175879	-14.907035175879	-14.907035175879	-14.907035175879	-14.907035175879	-14.907035175879	-14.907035175879	-14.907035175879	-14.907035175879	-14.907035175879	-14.907035175879	-14.907035175879	-14.907035175879	-14.907035175879	-14.907035175879	-14.907035175879	-14.907035175879	-14.907035175879	-14.907035175879	-14.907035175879	-14.907035175879	-14.907035175879	-14.907035175879	-14.907035175879	-14.907035175879	-14.907035175879	-14.907035175879	-14.907035175879	-14.907035175879	-14.907035175879	-14.907035175879	-14.907035175879	-14.907035175879	-14.907035175879	-14.907035175879	-14.907035175879	-14.907035175879	-14.907035175879	-14.907035175879	-14.907035175879	-14.907035175879	-14.907035175879	-14.907035175879	-14.907035175879	-14.907035175879	-14.907035175879	-14.907035175879	-14.907035175879	-14.907035175879	-14.907035175879	-14.907035175879	-14.907035175879	-14.907035175879	-14.907035175879	-14.907035175879	-14.907035175879	-14.907035175879	-14.907035175879	-14.907035175879	-14.907035175879	-14.907035175879	-14.907035175879	-14.907035175879	-14.907035175879	-14.907035175879	-14.907035175879	-14.907035175879	-14.907035175879	-14.907035175879	-14.907035175879	-14.907035175879	-14.907035175879	-14.907035175879	-14.907035175879	-14.907035175879	-14.907035175879	-14.907035175879	-14.907035175879	-14.907035175879	-14.907035175879	-14.907035175879	-14.907035175879	-14.907035175879	-14.907035175879	-14.907035175879	-14.907035175879	-14.907035175879	-14.907035175879	-14.907035175879	-14.907035175879	-14.907035175879	-14.907035175879	-14.907035175879	-14.907035175879	-14.907035175879	-14.907035175879	-14.907035175879	-14.907035175879	-14.907035175879	-14.907035175879	-14.907035175879	-14.907035175879	-14.907035175879	-14.907035175879	-14.907035175879	-14.907035175879
-14.690954773869	-14.690954773869	-14.690954773869	-14.690954773869	-14.690954773869	-14.690954773869	-14.690954773869	-14.690954773869	-14.690954773869	-14.690954773869	-14.690954773869	-14.690954773869	-14.690954773869	-14.690954773869	-14.690954773869	-14.690954773869	-14.690954773869	-14.690954773869	-14.690954773869	-14.690954773869	-14.690954773869	-14.690954773869	-14.690954773869	-14.690954773869	-14.690954773869	-14.690954773869	-14.690954773869	-14.690954773869	-14.690954773869	-14.690954773869	-14.690954773869	-14.690954773869	-14.690954773869	-14.690954773869	-14.690954773869	-14.690954773869	-14.690954773869	-14.690954773869	-14.690954773869	-14.690954773869	-14.690954773869	-14.690954773869	-14.690954773869	-14.690954773869	-14.690954773869	-14.690954773869	-14.690954773869	-14.690954773869	-14.690954773869	-14.690954773869	-14.690954773869	-14.690954773869	-14.690954773869	-14.690954773869	-14.690954773869	-14.690954773869	-14.690954773869	-14.690954773869	-14.690954773869	-14.690954773869	-14.690954773869	-14.690954773869	-14.690954773869	-14.690954773869	-14.690954773869	-14.690954773869	-14.690954773869	-14.690954773869	-14.690954773869	-14.690954773869	-14.690954773869	-14.690954773869	-14.690954773869	-14.690954773869	-14.690954773869	-14.690954773869	-14.690954773869	-14.690954773869	-14.690954773869	-14.690954773869	-14.690954773869	-14.690954773869	-14.690954773869	-14.690954773869	-14.690954773869	-14.690954773869	-14.690954773869	-14.690954773869	-14.690954773869	-14.690954773869	-14.690954773869	-14.690954773869	-14.690954773869	-14.690954773869	-14.690954773869	-14.690954773869	-14.690954773869	-14.690954773869	-14.690954773869	-14.690954773869	-14.690954773869	-14.690954773869	-14.690954773869	-14.690954773869	-14.690954773869	-14.690954773869	-14.690954773869	-14.690954773869	-14.690954773869	-14.690954773869	-14.690954773869	-14.690954773869	-14.690954773869	-14.690954773869	-14.690954773869	-14.690954773869	-14.690954773869	-14.690954773869	-14.690954773869	-14.690954773869	-14.690954773869	-14.690954773869	-14.690954773869	-14.690954773869	-14.690954773869	-14.690954773869	-14.690954773869	-14.690954773869	-14.690954773869	-14.690954773869	-14.690954773869	-14.690954773869	-14.690954773869	-14.690954773869	-14.690954773869	-14.690954773869	-14.690954773869	-14.690954773869	-14.690954773869	-14.690954773869	-14.690954773869	-14.690954773869	-14.690954773869	-14.690954773869	-14.690954773869	-14.690954773869	-14.690954773869	-14.690954773869	-14.690954773869	-14.690954773869	-14.690954773869	-14.690954773869	-14.690954773869	-14.690954773869	-14.690954773869	-14.690954773869	-14.690954773869	-14.690954773869	-14.690954773869	-14.690954773869	-14.690954773869	-14.690954773869	-14.690954773869	-14.690954773869	-14.690954773869	-14.690954773869	-14.690954773869	-14.690954773869	-14.690954773869	-14.690954773869	-14.690954773869	-14.690954773869	-14.690954773869	-14.690954773869	-14.690954773869	-14.690954773869	-14.690954773869	-14.690954773869	-14.690954773869	-14.690954773869	-14.690954773869	-14.690954773869	-14.690954773869	-14.690954773869	-14.690954773869	-14.690954773869	-14.690954773869	-14.690954773869	-14.690954773869	-14.690954773869	-14.690954773869	-14.690954773869	-14.690954773869	-14.690954773869	-14.690954773869	-14.690954773869	-14.690954773869	-14.690954773869	-14.690954773869	-14.690954773869
-14.474874371859	-14.474874371859	-14.474874371859	-14.474874371859	-14.474874371859	-14.474874371859	-14.474874371859	-14.474874371859	-14.474874371859	-14.474874371859	-14.474874371859	-14.474874371859	-14.474874371859	-14.474874371859	-14.474874371859	-14.474874371859	-14.474874371859	-14.474874371859	-14.474874371859	-14.474874371859	-14.474874371859	-14.474874371859	-14.474874371859	-14.474874371859	-14.474874371859	-14.474874371859	-14.474874371859	-14.474874371859	-14.474874371859	-14.474874371859	-14.474874371859	-14.474874371859	-14.474874371859	-14.474874371859	-14.474874371859	-14.474874371859	-14.474874371859	-14.474874371859	-14.474874371859	-14.474874371859	-14.474874371859	-14.474874371859	-14.474874371859	-14.474874371859	-14.474874371859	-14.474874371859	-14.474874371859	-14.474874371859	-14.474874371859	-14.474874371859	-14.474874371859	-14.474874371859	-14.474874371859	-14.474874371859	-14.474874371859	-14.474874371859	-14.474874371859	-14.474874371859	-14.474874371859	-14.474874371859	-14.474874371859	-14.474874371859	-14.474874371859	-14.474874371859	-14.474874371859	-14.474874371859	-14.474874371859	-14.474874371859	-14.474874371859	-14.474874371859	-14.474874371859	-14.474874371859	-14.474874371859	-14.474874371859	-14.474874371859	-14.474874371859	-14.474874371859	-14.474874371859	-14.474874371859	-14.474874371859	-14.474874371859	-14.474874371859	-14.474874371859	-14.474874371859	-14.474874371859	-14.474874371859	-14.474874371859	-14.474874371859	-14.474874371859	-14.474874371859	-14.474874371859	-14.474874371859	-14.474874371859	-14.474874371859	-14.474874371859	-14.474874371859	-14.474874371859	-14.474874371859	-14.474874371859	-14.474874371859	-14.474874371859	-14.474874371859	-14.474874371859	-14.474874371859	-14.474874371859	-14.474874371859	-14.474874371859	-14.474874371859	-14.474874371859	-14.474874371859	-14.474874371859	-14.474874371859	-14.474874371859	-14.474874371859	-14.474874371859	-14.474874371859	-14.474874371859	-14.474874371859	-14.474874371859	-14.474874371859	-14.474874371859	-14.474874371859	-14.474874371859	-14.474874371859	-14.474874371859	-14.474874371859	-14.474874371859	-14.474874371859	-14.474874371859	-14.474874371859	-14.474874371859	-14.474874371859	-14.474874371859	-14.474874371859	-14.474874371859	-14.474874371859	-14.474874371859	-14.474874371859	-14.474874371859	-14.474874371859	-14.474874371859	-14.474874371859	-14.474874371859	-14.474874371859	-14.474874371859	-14.474874371859	-14.474874371859	-14.474874371859	-14.474874371859	-14.474874371859	-14.474874371859	-14.474874371859	-14.474874371859	-14.474874371859	-14.474874371859	-14.474874371859	-14.474874371859	-14.474874371859	-14.474874371859	-14.474874371859	-14.474874371859	-14.474874371859	-14.474874371859	-14.474874371859	-14.474874371859	-14.474874371859	-14.474874371859	-14.474874371859	-14.474874371859	-14.474874371859	-14.474874371859	-14.474874371859	-14.474874371859	-14.474874371859	-14.474874371859	-14.474874371859	-14.474874371859	-14.474874371859	-14.474874371859	-14.474874371859	-14.474874371859	-14.474874371859	-14.474874371859	-14.474874371859	-14.474874371859	-14.474874371859	-14.474874371859	-14.474874371859	-14.474874371859	-14.474874371859	-14.474874371859	-14.474874371859	-14.474874371859	-14.474874371859	-14.474874371859	-14.474874371859	-14.474874371859	-14.474874371859	-14.474874371859	-14.474874371859
-14.258793969849	-14.258793969849	-14.258793969849	-14.258793969849	-14.258793969849	-14.258793969849	-14.258793969849	-14.258793969849	-14.258793969849	-14.258793969849	-14.258793969849	-14.258793969849	-14.258793969849	-14.258793969849	-14.258793969849	-14.258793969849	-14.258793969849	-14.258793969849	-14.258793969849	-14.258793969849	-14.258793969849	-14.258793969849	-14.258793969849	-14.258793969849	-14.258793969849	-14.258793969849	-14.258793969849	-14.258793969849	-14.258793969849	-14.258793969849	-14.258793969849	-14.258793969849	-14.258793969849	-14.258793969849	-14.258793969849	-14.258793969849	-14.258793969849	-14.258793969849	-14.258793969849	-14.258793969849	-14.258793969849	-14.258793969849	-14.258793969849	-14.258793969849	-14.258793969849	-14.258793969849	-14.258793969849	-14.258793969849	-14.258793969849	-14.258793969849	-14.258793969849	-14.258793969849	-14.258793969849	-14.258793969849	-14.258793969849	-14.258793969849	-14.258793969849	-14.258793969849	-14.258793969849	-14.258793969849	-14.258793969849	-14.258793969849	-14.258793969849	-14.258793969849	-14.258793969849	-14.258793969849	-14.258793969849	-14.258793969849	-14.258793969849	-14.258793969849	-14.258793969849	-14.258793969849	-14.258793969849	-14.258793969849	-14.258793969849	-14.258793969849	-14.258793969849	-14.258793969849	-14.258793969849	-14.258793969849	-14.258793969849	-14.258793969849	-14.258793969849	-14.258793969849	-14.258793969849	-14.258793969849	-14.258793969849	-14.258793969849	-14.258793969849	-14.258793969849	-14.258793969849	-14.258793969849	-14.258793969849	-14.258793969849	-14.258793969849	-14.258793969849	-14.258793969849	-14.258793969849	-14.258793969849	-14.258793969849	-14.258793969849	-14.258793969849	-14.258793969849	-14.258793969849	-14.258793969849	-14.258793969849	-14.258793969849	-14.258793969849	-14.258793969849	-14.258793969849	-14.258793969849	-14.258793969849	-14.258793969849	-14.258793969849	-14.258793969849	-14.258793969849	-14.258793969849	-14.258793969849	-14.258793969849	-14.258793969849	-14.258793969849	-14.258793969849	-14.258793969849	-14.258793969849	-14.258793969849	-14.258793969849	-14.258793969849	-14.258793969849	-14.258793969849	-14.258793969849	-14.258793969849	-14.258793969849	-14.258793969849	-14.258793969849	-14.258793969849	-14.258793969849	-14.258793969849	-14.258793969849	-14.258793969849	-14.258793969849	-14.258793969849	-14.258793969849	-14.258793969849	-14.258793969849	-14.258793969849	-14.258793969849	-14.258793969849	-14.258793969849	-14.258793969849	-14.258793969849	-14.258793969849	-14.258793969849	-14.258793969849	-14.258793969849	-14.258793969849	-14.258793969849	-14.258793969849	-14.258793969849	-14.258793969849	-14.258793969849	-14.258793969849	-14.258793969849	-14.258793969849	-14.258793969849	-14.258793969849	-14.258793969849	-14.258793969849	-14.258793969849	-14.258793969849	-14.258793969849	-14.258793969849	-14.258793969849	-14.258793969849	-14.258793969849	-14.258793969849	-14.258793969849	-14.258793969849	-14.258793969849	-14.258793969849	-14.258793969849	-14.258793969849	-14.258793969849	-14.258793969849	-14.258793969849	-14.258793969849	-14.258793969849	-14.258793969849	-14.258793969849	-14.258793969849	-14.258793969849	-14.258793969849	-14.258793969849	-14.258793969849	-14.258793969849	-14.258793969849	-14.258793969849	-14.258793969849	-14.258793969849	-14.258793969849	-14.258793969849
-14.042713567839	-14.042713567839	-14.042713567839	-14.042713567839	-14.042713567839	-14.042713567839	-14.042713567839	-14.042713567839	-14.042713567839	-14.042713567839	-14.042713567839	-14.042713567839	-14.042713567839	-14.042713567839	-14.042713567839	-14.042713567839	-14.042713567839	-14.042713567839	-14.042713567839	-14.042713567839	-14.042713567839	-14.042713567839	-14.042713567839	-14.042713567839	-14.042713567839	-14.042713567839	-14.042713567839	-14.042713567839	-14.042713567839	-14.042713567839	-14.042713567839	-14.042713567839	-14.042713567839	-14.042713567839	-14.042713567839	-14.042713567839	-14.042713567839	-14.042713567839	-14.042713567839	-14.042713567839	-14.042713567839	-14.042713567839	-14.042713567839	-14.042713567839	-14.042713567839	-14.042713567839	-14.042713567839	-14.042713567839	-14.042713567839	-14.042713567839	-14.042713567839	-14.042713567839	-14.042713567839	-14.042713567839	-14.042713567839	-14.042713567839	-14.042713567839	-14.042713567839	-14.042713567839	-14.042713567839	-14.042713567839	-14.042713567839	-14.042713567839	-14.042713567839	-14.042713567839	-14.042713567839	-14.042713567839	-14.042713567839	-14.042713567839	-14.042713567839	-14.042713567839	-14.042713567839	-14.042713567839	-14.042713567839	-14.042713567839	-14.042713567839	-14.042713567839	-14.042713567839	-14.042713567839	-14.042713567839	-14.042713567839	-14.042713567839	-14.042713567839	-14.042713567839	-14.042713567839	-14.042713567839	-14.042713567839	-14.042713567839	-14.042713567839	-14.042713567839	-14.042713567839	-14.042713567839	-14.042713567839	-14.042713567839	-14.042713567839	-14.042713567839	-14.042713567839	-14.042713567839	-14.042713567839	-14.042713567839	-14.042713567839	-14.042713567839	-14.042713567839	-14.042713567839	-14.042713567839	-14.042713567839	-14.042713567839	-14.042713567839	-14.042713567839	-14.042713567839	-14.042713567839	-14.042713567839	-14.042713567839	-14.042713567839	-14.042713567839	-14.042713567839	-14.042713567839	-14.042713567839	-14.042713567839	-14.042713567839	-14.042713567839	-14.042713567839	-14.042713567839	-14.042713567839	-14.042713567839	-14.042713567839	-14.042713567839	-14.042713567839	-14.042713567839	-14.042713567839	-14.042713567839	-14.042713567839	-14.042713567839	-14.042713567839	-14.042713567839	-14.042713567839	-14.042713567839	-14.042713567839	-14.042713567839	-14.042713567839	-14.042713567839	-14.042713567839	-14.042713567839	-14.042713567839	-14.042713567839	-14.042713567839	-14.042713567839	-14.042713567839	-14.042713567839	-14.042713567839	-14.042713567839	-14.042713567839	-14.042713567839	-14.042713567839	-14.042713567839	-14.042713567839	-14.042713567839	-14.042713567839	-14.042713567839	-14.042713567839	-14.042713567839	-14.042713567839	-14.042713567839	-14.042713567839	-14.042713567839	-14.042713567839	-14.042713567839	-14.042713567839	-14.042713567839	-14.042713567839	-14.042713567839	-14.042713567839	-14.042713567839	-14.042713567839	-14.042713567839	-14.042713567839	-14.042713567839	-14.042713567839	-14.042713567839	-14.042713567839	-14.042713567839	-14.042713567839	-14.042713567839	-14.042713567839	-14.042713567839	-14.042713567839	-14.042713567839	-14.042713567839	-14.042713567839	-14.042713567839	-14.042713567839	-14.042713567839	-14.042713567839	-14.042713567839	-14.042713567839	-14.042713567839	-14.042713567839	-14.042713567839	-14.042713567839	-14.042713567839
-13.826633165829	-13.826633165829	-13.826633165829	-13.826633165829	-13.826633165829	-13.826633165829	-13.826633165829	-13.826633165829	-13.826633165829	-13.826633165829	-13.826633165829	-13.826633165829	-13.826633165829	-13.826633165829	-13.826633165829	-13.826633165829	-13.826633165829	-13.826633165829	-13.826633165829	-13.826633165829	-13.826633165829	-13.826633165829	-13.826633165829	-13.826633165829	-13.826633165829	-13.826633165829	-13.826633165829	-13.826633165829	-13.826633165829	-13.826633165829	-13.826633165829	-13.826633165829	-13.826633165829	-13.826633165829	-13.826633165829	-13.826633165829	-13.826633165829	-13.826633165829	-13.826633165829	-13.826633165829	-13.826633165829	-13.826633165829	-13.826633165829	-13.826633165829	-13.826633165829	-13.826633165829	-13.826633165829	-13.826633165829	-13.826633165829	-13.826633165829	-13.826633165829	-13.826633165829	-13.826633165829	-13.826633165829	-13.826633165829	-13.826633165829	-13.826633165829	-13.826633165829	-13.826633165829	-13.826633165829	-13.826633165829	-13.826633165829	-13.826633165829	-13.826633165829	-13.826633165829	-13.826633165829	-13.826633165829	-13.826633165829	-13.826633165829	-13.826633165829	-13.826633165829	-13.826633165829	-13.826633165829	-13.826633165829	-13.826633165829	-13.826633165829	-13.826633165829	-13.826633165829	-13.826633165829	-13.826633165829	-13.826633165829	-13.826633165829	-13.826633165829	-13.826633165829	-13.826633165829	-13.826633165829	-13.826633165829	-13.826633165829	-13.826633165829	-13.826633165829	-13.826633165829	-13.826633165829	-13.826633165829	-13.826633165829	-13.826633165829	-13.826633165829	-13.826633165829	-13.826633165829	-13.826633165829	-13.826633165829	-13.826633165829	-13.826633165829	-13.826633165829	-13.826633165829	-13.826633165829	-13.826633165829	-13.826633165829	-13.826633165829	-13.826633165829	-13.826633165829	-13.826633165829	-13.826633165829	-13.826633165829	-13.826633165829	-13.826633165829	-13.826633165829	-13.826633165829	-13.826633165829	-13.826633165829	-13.826633165829	-13.826633165829	-13.826633165829	-13.826633165829	-13.826633165829	-13.826633165829	-13.826633165829	-13.826633165829	-13.826633165829	-13.826633165829	-13.826633165829	-13.826633165829	-13.826633165829	-13.826633165829	-13.826633165829	-13.826633165829	-13.826633165829	-13.826633165829	-13.826633165829	-13.826633165829	-13.826633165829	-13.826633165829	-13.826633165829	-13.826633165829	-13.826633165829	-13.826633165829	-13.826633165829	-13.826633165829	-13.826633165829	-13.826633165829	-13.826633165829	-13.826633165829	-13.826633165829	-13.826633165829	-13.826633165829	-13.826633165829	-13.826633165829	-13.826633165829	-13.826633165829	-13.826633165829	-13.826633165829	-13.826633165829	-13.826633165829	-13.826633165829	-13.826633165829	-13.826633165829	-13.826633165829	-13.826633165829	-13.826633165829	-13.826633165829	-13.826633165829	-13.826633165829	-13.826633165829	-13.826633165829	-13.826633165829	-13.826633165829	-13.826633165829	-13.826633165829	-13.826633165829	-13.826633165829	-13.826633165829	-13.826633165829	-13.826633165829	-13.826633165829	-13.826633165829	-13.826633165829	-13.826633165829	-13.826633165829	-13.826633165829	-13.826633165829	-13.826633165829	-13.826633165829	-13.826633165829	-13.826633165829	-13.826633165829	-13.826633165829	-13.826633165829	-13.826633165829	-13.826633165829	-13.826633165829	-13.826633165829
-13.610552763819	-13.610552763819	-13.610552763819	-13.610552763819	-13.610552763819	-13.610552763819	-13.610552763819	-13.610552763819	-13.610552763819	-13.610552763819	-13.610552763819	-13.610552763819	-13.610552763819	-13.610552763819	-13.610552763819	-13.610552763819	-13.610552763819	-13.610552763819	-13.610552763819	-13.610552763819	-13.610552763819	-13.610552763819	-13.610552763819	-13.610552763819	-13.610552763819	-13.610552763819	-13.610552763819	-13.610552763819	-13.610552763819	-13.610552763819	-13.610552763819	-13.610552763819	-13.610552763819	-13.610552763819	-13.610552763819	-13.610552763819	-13.610552763819	-13.610552763819	-13.610552763819	-13.610552763819	-13.610552763819	-13.610552763819	-13.610552763819	-13.610552763819	-13.610552763819	-13.610552763819	-13.610552763819	-13.610552763819	-13.610552763819	-13.610552763819	-13.610552763819	-13.610552763819	-13.610552763819	-13.610552763819	-13.610552763819	-13.610552763819	-13.610552763819	-13.610552763819	-13.610552763819	-13.610552763819	-13.610552763819	-13.610552763819	-13.610552763819	-13.610552763819	-13.610552763819	-13.610552763819	-13.610552763819	-13.610552763819	-13.610552763819	-13.610552763819	-13.610552763819	-13.610552763819	-13.610552763819	-13.610552763819	-13.610552763819	-13.610552763819	-13.610552763819	-13.610552763819	-13.610552763819	-13.610552763819	-13.610552763819	-13.610552763819	-13.610552763819	-13.610552763819	-13.610552763819	-13.610552763819	-13.610552763819	-13.610552763819	-13.610552763819	-13.610552763819	-13.610552763819	-13.610552763819	-13.610552763819	-13.610552763819	-13.610552763819	-13.610552763819	-13.610552763819	-13.610552763819	-13.610552763819	-13.610552763819	-13.610552763819	-13.610552763819	-13.610552763819	-13.610552763819	-13.610552763819	-13.610552763819	-13.610552763819	-13.610552763819	-13.610552763819	-13.610552763819	-13.610552763819	-13.610552763819	-13.610552763819	-13.610552763819	-13.610552763819	-13.610552763819	-13.610552763819	-13.610552763819	-13.610552763819	-13.610552763819	-13.610552763819	-13.610552763819	-13.610552763819	-13.610552763819	-13.610552763819	-13.610552763819	-13.610552763819	-13.610552763819	-13.610552763819	-13.610552763819	-13.610552763819	-13.610552763819	-13.610552763819	-13.610552763819	-13.610552763819	-13.610552763819	-13.610552763819	-13.610552763819	-13.610552763819	-13.610552763819	-13.610552763819	-13.610552763819	-13.610552763819	-13.610552763819	-13.610552763819	-13.610552763819	-13.610552763819	-13.610552763819	-13.610552763819	-13.610552763819	-13.610552763819	-13.610552763819	-13.610552763819	-13.610552763819	-13.610552763819	-13.610552763819	-13.610552763819	-13.610552763819	-13.610552763819	-13.610552763819	-13.610552763819	-13.610552763819	-13.610552763819	-13.610552763819	-13.610552763819	-13.610552763819	-13.610552763819	-13.610552763819	-13.610552763819	-13.610552763819	-13.610552763819	-13.610552763819	-13.610552763819	-13.610552763819	-13.610552763819	-13.610552763819	-13.610552763819	-13.610552763819	-13.610552763819	-13.610552763819	-13.610552763819	-13.610552763819	-13.610552763819	-13.610552763819	-13.610552763819	-13.610552763819	-13.610552763819	-13.610552763819	-13.610552763819	-13.610552763819	-13.610552763819	-13.610552763819	-13.610552763819	-13.610552763819	-13.610552763819	-13.610552763819	-13.610552763819	-13.610552763819	-13.610552763819	-13.610552763819
-13.394472361809	-13.394472361809	-13.394472361809	-13.394472361809	-13.394472361809	-13.394472361809	-13.394472361809	-13.394472361809	-13.394472361809	-13.394472361809	-13.394472361809	-13.394472361809	-13.394472361809	-13.394472361809	-13.394472361809	-13.394472361809	-13.394472361809	-13.394472361809	-13.394472361809	-13.394472361809	-13.394472361809	-13.394472361809	-13.394472361809	-13.394472361809	-13.394472361809	-13.394472361809	-13.394472361809	-13.394472361809	-13.394472361809	-13.394472361809	-13.394472361809	-13.394472361809	-13.394472361809	-13.394472361809	-13.394472361809	-13.394472361809	-13.394472361809	-13.394472361809	-13.394472361809	-13.394472361809	-13.394472361809	-13.394472361809	-13.394472361809	-13.394472361809	-13.394472361809	-13.394472361809	-13.394472361809	-13.394472361809	-13.394472361809	-13.394472361809	-13.394472361809	-13.394472361809	-13.394472361809	-13.394472361809	-13.394472361809	-13.394472361809	-13.394472361809	-13.394472361809	-13.394472361809	-13.394472361809	-13.394472361809	-13.394472361809	-13.394472361809	-13.394472361809	-13.394472361809	-13.394472361809	-13.394472361809	-13.394472361809	-13.394472361809	-13.394472361809	-13.394472361809	-13.394472361809	-13.394472361809	-13.394472361809	-13.394472361809	-13.394472361809	-13.394472361809	-13.394472361809	-13.394472361809	-13.394472361809	-13.394472361809	-13.394472361809	-13.394472361809	-13.394472361809	-13.394472361809	-13.394472361809	-13.394472361809	-13.394472361809	-13.394472361809	-13.394472361809	-13.394472361809	-13.394472361809	-13.394472361809	-13.394472361809	-13.394472361809	-13.394472361809	-13.394472361809	-13.394472361809	-13.394472361809	-13.394472361809	-13.394472361809	-13.394472361809	-13.394472361809	-13.394472361809	-13.394472361809	-13.394472361809	-13.394472361809	-13.394472361809	-13.394472361809	-13.394472361809	-13.394472361809	-13.394472361809	-13.394472361809	-13.394472361809	-13.394472361809	-13.394472361809	-13.394472361809	-13.394472361809	-13.394472361809	-13.394472361809	-13.394472361809	-13.394472361809	-13.394472361809	-13.394472361809	-13.394472361809	-13.394472361809	-13.394472361809	-13.394472361809	-13.394472361809	-13.394472361809	-13.394472361809	-13.394472361809	-13.394472361809	-13.394472361809	-13.394472361809	-13.394472361809	-13.394472361809	-13.394472361809	-13.394472361809	-13.394472361809	-13.394472361809	-13.394472361809	-13.394472361809	-13.394472361809	-13.394472361809	-13.394472361809	-13.394472361809	-13.394472361809	-13.394472361809	-13.394472361809	-13.394472361809	-13.394472361809	-13.394472361809	-13.394472361809	-13.394472361809	-13.394472361809	-13.394472361809	-13.394472361809	-13.394472361809	-13.394472361809	-13.394472361809	-13.394472361809	-13.394472361809	-13.394472361809	-13.394472361809	-13.394472361809	-13.394472361809	-13.394472361809	-13.394472361809	-13.394472361809	-13.394472361809	-13.394472361809	-13.394472361809	-13.394472361809	-13.394472361809	-13.394472361809	-13.394472361809	-13.394472361809	-13.394472361809	-13.394472361809	-13.394472361809	-13.394472361809	-13.394472361809	-13.394472361809	-13.394472361809	-13.394472361809	-13.394472361809	-13.394472361809	-13.394472361809	-13.394472361809	-13.394472361809	-13.394472361809	-13.394472361809	-13.394472361809	-13.394472361809	-13.394472361809	-13.394472361809	-13.394472361809	-13.394472361809	-13.394472361809
-13.178391959799	-13.178391959799	-13.178391959799	-13.178391959799	-13.178391959799	-13.178391959799	-13.178391959799	-13.178391959799	-13.178391959799	-13.178391959799	-13.178391959799	-13.178391959799	-13.178391959799	-13.178391959799	-13.178391959799	-13.178391959799	-13.178391959799	-13.178391959799	-13.178391959799	-13.178391959799	-13.178391959799	-13.178391959799	-13.178391959799	-13.178391959799	-13.178391959799	-13.178391959799	-13.178391959799	-13.178391959799	-13.178391959799	-13.178391959799	-13.178391959799	-13.178391959799	-13.178391959799	-13.178391959799	-13.178391959799	-13.178391959799	-13.178391959799	-13.178391959799	-13.178391959799	-13.178391959799	-13.178391959799	-13.178391959799	-13.178391959799	-13.178391959799	-13.178391959799	-13.178391959799	-13.178391959799	-13.178391959799	-13.178391959799	-13.178391959799	-13.178391959799	-13.178391959799	-13.178391959799	-13.178391959799	-13.178391959799	-13.178391959799	-13.178391959799	-13.178391959799	-13.178391959799	-13.178391959799	-13.178391959799	-13.178391959799	-13.178391959799	-13.178391959799	-13.178391959799	-13.178391959799	-13.178391959799	-13.178391959799	-13.178391959799	-13.178391959799	-13.178391959799	-13.178391959799	-13.178391959799	-13.178391959799	-13.178391959799	-13.178391959799	-13.178391959799	-13.178391959799	-13.178391959799	-13.178391959799	-13.178391959799	-13.178391959799	-13.178391959799	-13.178391959799	-13.178391959799	-13.178391959799	-13.178391959799	-13.178391959799	-13.178391959799	-13.178391959799	-13.178391959799	-13.178391959799	-13.178391959799	-13.178391959799	-13.178391959799	-13.178391959799	-13.178391959799	-13.178391959799	-13.178391959799	-13.178391959799	-13.178391959799	-13.178391959799	-13.178391959799	-13.178391959799	-13.178391959799	-13.178391959799	-13.178391959799	-13.178391959799	-13.178391959799	-13.178391959799	-13.178391959799	-13.178391959799	-13.178391959799	-13.178391959799	-13.178391959799	-13.178391959799	-13.178391959799	-13.178391959799	-13.178391959799	-13.178391959799	-13.178391959799	-13.178391959799	-13.178391959799	-13.178391959799	-13.178391959799	-13.178391959799	-13.178391959799	-13.178391959799	-13.178391959799	-13.178391959799	-13.178391959799	-13.178391959799	-13.178391959799	-13.178391959799	-13.178391959799	-13.178391959799	-13.178391959799	-13.178391959799	-13.178391959799	-13.178391959799	-13.178391959799	-13.178391959799	-13.178391959799	-13.178391959799	-13.178391959799	-13.178391959799	-13.178391959799	-13.178391959799	-13.178391959799	-13.178391959799	-13.178391959799	-13.178391959799	-13.178391959799	-13.178391959799	-13.178391959799	-13.178391959799	-13.178391959799	-13.178391959799	-13.178391959799	-13.178391959799	-13.178391959799	-13.178391959799	-13.178391959799	-13.178391959799	-13.178391959799	-13.178391959799	-13.178391959799	-13.178391959799	-13.178391959799	-13.178391959799	-13.178391959799	-13.178391959799	-13.178391959799	-13.178391959799	-13.178391959799	-13.178391959799	-13.178391959799	-13.178391959799	-13.178391959799	-13.178391959799	-13.178391959799	-13.178391959799	-13.178391959799	-13.178391959799	-13.178391959799	-13.178391959799	-13.178391959799	-13.178391959799	-13.178391959799	-13.178391959799	-13.178391959799	-13.178391959799	-13.178391959799	-13.178391959799	-13.178391959799	-13.178391959799	-13.178391959799	-13.178391959799	-13.178391959799	-13.178391959799
-12.962311557789	-12.962311557789	-12.962311557789	-12.962311557789	-12.962311557789	-12.962311557789	-12.962311557789	-12.962311557789	-12.962311557789	-12.962311557789	-12.962311557789	-12.962311557789	-12.962311557789	-12.962311557789	-12.962311557789	-12.962311557789	-12.962311557789	-12.962311557789	-12.962311557789	-12.962311557789	-12.962311557789	-12.962311557789	-12.962311557789	-12.962311557789	-12.962311557789	-12.962311557789	-12.962311557789	-12.962311557789	-12.962311557789	-12.962311557789	-12.962311557789	-12.962311557789	-12.962311557789	-12.962311557789	-12.962311557789	-12.962311557789	-12.962311557789	-12.962311557789	-12.962311557789	-12.962311557789	-12.962311557789	-12.962311557789	-12.962311557789	-12.962311557789	-12.962311557789	-12.962311557789	-12.962311557789	-12.962311557789	-12.962311557789	-12.962311557789	-12.962311557789	-12.962311557789	-12.962311557789	-12.962311557789	-12.962311557789	-12.962311557789	-12.962311557789	-12.962311557789	-12.962311557789	-12.962311557789	-12.962311557789	-12.962311557789	-12.962311557789	-12.962311557789	-12.962311557789	-12.962311557789	-12.962311557789	-12.962311557789	-12.962311557789	-12.962311557789	-12.962311557789	-12.962311557789	-12.962311557789	-12.962311557789	-12.962311557789	-12.962311557789	-12.962311557789	-12.962311557789	-12.962311557789	-12.962311557789	-12.962311557789	-12.962311557789	-12.962311557789	-12.962311557789	-12.962311557789	-12.962311557789	-12.962311557789	-12.962311557789	-12.962311557789	-12.962311557789	-12.962311557789	-12.962311557789	-12.962311557789	-12.962311557789	-12.962311557789	-12.962311557789	-12.962311557789	-12.962311557789	-12.962311557789	-12.962311557789	-12.962311557789	-12.962311557789	-12.962311557789	-12.962311557789	-12.962311557789	-12.962311557789	-12.962311557789	-12.962311557789	-12.962311557789	-12.962311557789	-12.962311557789	-12.962311557789	-12.962311557789	-12.962311557789	-12.962311557789	-12.962311557789	-12.962311557789	-12.962311557789	-12.962311557789	-12.962311557789	-12.962311557789	-12.962311557789	-12.962311557789	-12.962311557789	-12.962311557789	-12.962311557789	-12.962311557789	-12.962311557789	-12.962311557789	-12.962311557789	-12.962311557789	-12.962311557789	-12.962311557789	-12.962311557789	-12.962311557789	-12.962311557789	-12.962311557789	-12.962311557789	-12.962311557789	-12.962311557789	-12.962311557789	-12.962311557789	-12.962311557789	-12.962311557789	-12.962311557789	-12.962311557789	-12.962311557789	-12.962311557789	-12.962311557789	-12.962311557789	-12.962311557789	-12.962311557789	-12.962311557789	-12.962311557789	-12.962311557789	-12.962311557789	-12.962311557789	-12.962311557789	-12.962311557789	-12.962311557789	-12.962311557789	-12.962311557789	-12.962311557789	-12.962311557789	-12.962311557789	-12.962311557789	-12.962311557789	-12.962311557789	-12.962311557789	-12.962311557789	-12.962311557789	-12.962311557789	-12.962311557789	-12.962311557789	-12.962311557789	-12.962311557789	-12.962311557789	-12.962311557789	-12.962311557789	-12.962311557789	-12.962311557789	-12.962311557789	-12.962311557789	-12.962311557789	-12.962311557789	-12.962311557789	-12.962311557789	-12.962311557789	-12.962311557789	-12.962311557789	-12.962311557789	-12.962311557789	-12.962311557789	-12.962311557789	-12.962311557789	-12.962311557789	-12.962311557789	-12.962311557789	-12.962311557789	-12.962311557789
-12.746231155779	-12.746231155779	-12.746231155779	-12.746231155779	-12.746231155779	-12.746231155779	-12.746231155779	-12.746231155779	-12.746231155779	-12.746231155779	-12.746231155779	-12.746231155779	-12.746231155779	-12.746231155779	-12.746231155779	-12.746231155779	-12.746231155779	-12.746231155779	-12.746231155779	-12.746231155779	-12.746231155779	-12.746231155779	-12.746231155779	-12.746231155779	-12.746231155779	-12.746231155779	-12.746231155779	-12.746231155779	-12.746231155779	-12.746231155779	-12.746231155779	-12.746231155779	-12.746231155779	-12.746231155779	-12.746231155779	-12.746231155779	-12.746231155779	-12.746231155779	-12.746231155779	-12.746231155779	-12.746231155779	-12.746231155779	-12.746231155779	-12.746231155779	-12.746231155779	-12.746231155779	-12.746231155779	-12.746231155779	-12.746231155779	-12.746231155779	-12.746231155779	-12.746231155779	-12.746231155779	-12.746231155779	-12.746231155779	-12.746231155779	-12.746231155779	-12.746231155779	-12.746231155779	-12.746231155779	-12.746231155779	-12.746231155779	-12.746231155779	-12.746231155779	-12.746231155779	-12.746231155779	-12.746231155779	-12.746231155779	-12.746231155779	-12.746231155779	-12.746231155779	-12.746231155779	-12.746231155779	-12.746231155779	-12.746231155779	-12.746231155779	-12.746231155779	-12.746231155779	-12.746231155779	-12.746231155779	-12.746231155779	-12.746231155779	-12.746231155779	-12.746231155779	-12.746231155779	-12.746231155779	-12.746231155779	-12.746231155779	-12.746231155779	-12.746231155779	-12.746231155779	-12.746231155779	-12.746231155779	-12.746231155779	-12.746231155779	-12.746231155779	-12.746231155779	-12.746231155779	-12.746231155779	-12.746231155779	-12.746231155779	-12.746231155779	-12.746231155779	-12.746231155779	-12.746231155779	-12.746231155779	-12.746231155779	-12.746231155779	-12.746231155779	-12.746231155779	-12.746231155779	-12.746231155779	-12.746231155779	-12.746231155779	-12.746231155779	-12.746231155779	-12.746231155779	-12.746231155779	-12.746231155779	-12.746231155779	-12.746231155779	-12.746231155779	-12.746231155779	-12.746231155779	-12.746231155779	-12.746231155779	-12.746231155779	-12.746231155779	-12.746231155779	-12.746231155779	-12.746231155779	-12.746231155779	-12.746231155779	-12.746231155779	-12.746231155779	-12.746231155779	-12.746231155779	-12.746231155779	-12.746231155779	-12.746231155779	-12.746231155779	-12.746231155779	-12.746231155779	-12.746231155779	-12.746231155779	-12.746231155779	-12.746231155779	-12.746231155779	-12.746231155779	-12.746231155779	-12.746231155779	-12.746231155779	-12.746231155779	-12.746231155779	-12.746231155779	-12.746231155779	-12.746231155779	-12.746231155779	-12.746231155779	-12.746231155779	-12.746231155779	-12.746231155779	-12.746231155779	-12.746231155779	-12.746231155779	-12.746231155779	-12.746231155779	-12.746231155779	-12.746231155779	-12.746231155779	-12.746231155779	-12.746231155779	-12.746231155779	-12.746231155779	-12.746231155779	-12.746231155779	-12.746231155779	-12.746231155779	-12.746231155779	-12.746231155779	-12.746231155779	-12.746231155779	-12.746231155779	-12.746231155779	-12.746231155779	-12.746231155779	-12.746231155779	-12.746231155779	-12.746231155779	-12.746231155779	-12.746231155779	-12.746231155779	-12.746231155779	-12.746231155779	-12.746231155779	-12.746231155779	-12.746231155779	-12.746231155779	-12.746231155779	-12.746231155779
-12.530150753769	-12.530150753769	-12.530150753769	-12.530150753769	-12.530150753769	-12.530150753769	-12.530150753769	-12.530150753769	-12.530150753769	-12.530150753769	-12.530150753769	-12.530150753769	-12.530150753769	-12.530150753769	-12.530150753769	-12.530150753769	-12.530150753769	-12.530150753769	-12.530150753769	-12.530150753769	-12.530150753769	-12.530150753769	-12.530150753769	-12.530150753769	-12.530150753769	-12.530150753769	-12.530150753769	-12.530150753769	-12.530150753769	-12.530150753769	-12.530150753769	-12.530150753769	-12.530150753769	-12.530150753769	-12.530150753769	-12.530150753769	-12.530150753769	-12.530150753769	-12.530150753769	-12.530150753769	-12.530150753769	-12.530150753769	-12.530150753769	-12.530150753769	-12.530150753769	-12.530150753769	-12.530150753769	-12.530150753769	-12.530150753769	-12.530150753769	-12.530150753769	-12.530150753769	-12.530150753769	-12.530150753769	-12.530150753769	-12.530150753769	-12.530150753769	-12.530150753769	-12.530150753769	-12.530150753769	-12.530150753769	-12.530150753769	-12.530150753769	-12.530150753769	-12.530150753769	-12.530150753769	-12.530150753769	-12.530150753769	-12.530150753769	-12.530150753769	-12.530150753769	-12.530150753769	-12.530150753769	-12.530150753769	-12.530150753769	-12.530150753769	-12.530150753769	-12.530150753769	-12.530150753769	-12.530150753769	-12.530150753769	-12.530150753769	-12.530150753769	-12.530150753769	-12.530150753769	-12.530150753769	-12.530150753769	-12.530150753769	-12.530150753769	-12.530150753769	-12.530150753769	-12.530150753769	-12.530150753769	-12.530150753769	-12.530150753769	-12.530150753769	-12.530150753769	-12.530150753769	-12.530150753769	-12.530150753769	-12.530150753769	-12.530150753769	-12.530150753769	-12.530150753769	-12.530150753769	-12.530150753769	-12.530150753769	-12.530150753769	-12.530150753769	-12.530150753769	-12.530150753769	-12.530150753769	-12.530150753769	-12.530150753769	-12.530150753769	-12.530150753769	-12.530150753769	-12.530150753769	-12.530150753769	-12.530150753769	-12.530150753769	-12.530150753769	-12.530150753769	-12.530150753769	-12.530150753769	-12.530150753769	-12.530150753769	-12.530150753769	-12.530150753769	-12.530150753769	-12.530150753769	-12.530150753769	-12.530150753769	-12.530150753769	-12.530150753769	-12.530150753769	-12.530150753769	-12.530150753769	-12.530150753769	-12.530150753769	-12.530150753769	-12.530150753769	-12.530150753769	-12.530150753769	-12.530150753769	-12.530150753769	-12.530150753769	-12.530150753769	-12.530150753769	-12.530150753769	-12.530150753769	-12.530150753769	-12.530150753769	-12.530150753769	-12.530150753769	-12.530150753769	-12.530150753769	-12.530150753769	-12.530150753769	-12.530150753769	-12.530150753769	-12.530150753769	-12.530150753769	-12.530150753769	-12.530150753769	-12.530150753769	-12.530150753769	-12.530150753769	-12.530150753769	-12.530150753769	-12.530150753769	-12.530150753769	-12.530150753769	-12.530150753769	-12.530150753769	-12.530150753769	-12.530150753769	-12.530150753769	-12.530150753769	-12.530150753769	-12.530150753769	-12.530150753769	-12.530150753769	-12.530150753769	-12.530150753769	-12.530150753769	-12.530150753769	-12.530150753769	-12.530150753769	-12.530150753769	-12.530150753769	-12.530150753769	-12.530150753769	-12.530150753769	-12.530150753769	-12.530150753769	-12.530150753769	-12.530150753769	-12.530150753769	-12.530150753769
-12.314070351759	-12.314070351759	-12.314070351759	-12.314070351759	-12.314070351759	-12.314070351759	-12.314070351759	-12.314070351759	-12.314070351759	-12.314070351759	-12.314070351759	-12.314070351759	-12.314070351759	-12.314070351759	-12.314070351759	-12.314070351759	-12.314070351759	-12.314070351759	-12.314070351759	-12.314070351759	-12.314070351759	-12.314070351759	-12.314070351759	-12.314070351759	-12.314070351759	-12.314070351759	-12.314070351759	-12.314070351759	-12.314070351759	-12.314070351759	-12.314070351759	-12.314070351759	-12.314070351759	-12.314070351759	-12.314070351759	-12.314070351759	-12.314070351759	-12.314070351759	-12.314070351759	-12.314070351759	-12.314070351759	-12.314070351759	-12.314070351759	-12.314070351759	-12.314070351759	-12.314070351759	-12.314070351759	-12.314070351759	-12.314070351759	-12.314070351759	-12.314070351759	-12.314070351759	-12.314070351759	-12.314070351759	-12.314070351759	-12.314070351759	-12.314070351759	-12.314070351759	-12.314070351759	-12.314070351759	-12.314070351759	-12.314070351759	-12.314070351759	-12.314070351759	-12.314070351759	-12.314070351759	-12.314070351759	-12.314070351759	-12.314070351759	-12.314070351759	-12.314070351759	-12.314070351759	-12.314070351759	-12.314070351759	-12.314070351759	-12.314070351759	-12.314070351759	-12.314070351759	-12.314070351759	-12.314070351759	-12.314070351759	-12.314070351759	-12.314070351759	-12.314070351759	-12.314070351759	-12.314070351759	-12.314070351759	-12.314070351759	-12.314070351759	-12.314070351759	-12.314070351759	-12.314070351759	-12.314070351759	-12.314070351759	-12.314070351759	-12.314070351759	-12.314070351759	-12.314070351759	-12.314070351759	-12.314070351759	-12.314070351759	-12.314070351759	-12.314070351759	-12.314070351759	-12.314070351759	-12.314070351759	-12.314070351759	-12.314070351759	-12.314070351759	-12.314070351759	-12.314070351759	-12.314070351759	-12.314070351759	-12.314070351759	-12.314070351759	-12.314070351759	-12.314070351759	-12.314070351759	-12.314070351759	-12.314070351759	-12.314070351759	-12.314070351759	-12.314070351759	-12.314070351759	-12.314070351759	-12.314070351759	-12.314070351759	-12.314070351759	-12.314070351759	-12.314070351759	-12.314070351759	-12.314070351759	-12.314070351759	-12.314070351759	-12.314070351759	-12.314070351759	-12.314070351759	-12.314070351759	-12.314070351759	-12.314070351759	-12.314070351759	-12.314070351759	-12.314070351759	-12.314070351759	-12.314070351759	-12.314070351759	-12.314070351759	-12.314070351759	-12.314070351759	-12.314070351759	-12.314070351759	-12.314070351759	-12.314070351759	-12.314070351759	-12.314070351759	-12.314070351759	-12.314070351759	-12.314070351759	-12.314070351759	-12.314070351759	-12.314070351759	-12.314070351759	-12.314070351759	-12.314070351759	-12.314070351759	-12.314070351759	-12.314070351759	-12.314070351759	-12.314070351759	-12.314070351759	-12.314070351759	-12.314070351759	-12.314070351759	-12.314070351759	-12.314070351759	-12.314070351759	-12.314070351759	-12.314070351759	-12.314070351759	-12.314070351759	-12.314070351759	-12.314070351759	-12.314070351759	-12.314070351759	-12.314070351759	-12.314070351759	-12.314070351759	-12.314070351759	-12.314070351759	-12.314070351759	-12.314070351759	-12.314070351759	-12.314070351759	-12.314070351759	-12.314070351759	-12.314070351759	-12.314070351759	-12.314070351759	-12.314070351759	-12.314070351759
-12.097989949749	-12.097989949749	-12.097989949749	-12.097989949749	-12.097989949749	-12.097989949749	-12.097989949749	-12.097989949749	-12.097989949749	-12.097989949749	-12.097989949749	-12.097989949749	-12.097989949749	-12.097989949749	-12.097989949749	-12.097989949749	-12.097989949749	-12.097989949749	-12.097989949749	-12.097989949749	-12.097989949749	-12.097989949749	-12.097989949749	-12.097989949749	-12.097989949749	-12.097989949749	-12.097989949749	-12.097989949749	-12.097989949749	-12.097989949749	-12.097989949749	-12.097989949749	-12.097989949749	-12.097989949749	-12.097989949749	-12.097989949749	-12.097989949749	-12.097989949749	-12.097989949749	-12.097989949749	-12.097989949749	-12.097989949749	-12.097989949749	-12.097989949749	-12.097989949749	-12.097989949749	-12.097989949749	-12.097989949749	-12.097989949749	-12.097989949749	-12.097989949749	-12.097989949749	-12.097989949749	-12.097989949749	-12.097989949749	-12.097989949749	-12.097989949749	-12.097989949749	-12.097989949749	-12.097989949749	-12.097989949749	-12.097989949749	-12.097989949749	-12.097989949749	-12.097989949749	-12.097989949749	-12.097989949749	-12.097989949749	-12.097989949749	-12.097989949749	-12.097989949749	-12.097989949749	-12.097989949749	-12.097989949749	-12.097989949749	-12.097989949749	-12.097989949749	-12.097989949749	-12.097989949749	-12.097989949749	-12.097989949749	-12.097989949749	-12.097989949749	-12.097989949749	-12.097989949749	-12.097989949749	-12.097989949749	-12.097989949749	-12.097989949749	-12.097989949749	-12.097989949749	-12.097989949749	-12.097989949749	-12.097989949749	-12.097989949749	-12.097989949749	-12.097989949749	-12.097989949749	-12.097989949749	-12.097989949749	-12.097989949749	-12.097989949749	-12.097989949749	-12.097989949749	-12.097989949749	-12.097989949749	-12.097989949749	-12.097989949749	-12.097989949749	-12.097989949749	-12.097989949749	-12.097989949749	-12.097989949749	-12.097989949749	-12.097989949749	-12.097989949749	-12.097989949749	-12.097989949749	-12.097989949749	-12.097989949749	-12.097989949749	-12.097989949749	-12.097989949749	-12.097989949749	-12.097989949749	-12.097989949749	-12.097989949749	-12.097989949749	-12.097989949749	-12.097989949749	-12.097989949749	-12.097989949749	-12.097989949749	-12.097989949749	-12.097989949749	-12.097989949749	-12.097989949749	-12.097989949749	-12.097989949749	-12.097989949749	-12.097989949749	-12.097989949749	-12.097989949749	-12.097989949749	-12.097989949749	-12.097989949749	-12.097989949749	-12.097989949749	-12.097989949749	-12.097989949749	-12.097989949749	-12.097989949749	-12.097989949749	-12.097989949749	-12.097989949749	-12.097989949749	-12.097989949749	-12.097989949749	-12.097989949749	-12.097989949749	-12.097989949749	-12.097989949749	-12.097989949749	-12.097989949749	-12.097989949749	-12.097989949749	-12.097989949749	-12.097989949749	-12.097989949749	-12.097989949749	-12.097989949749	-12.097989949749	-12.097989949749	-12.097989949749	-12.097989949749	-12.097989949749	-12.097989949749	-12.097989949749	-12.097989949749	-12.097989949749	-12.097989949749	-12.097989949749	-12.097989949749	-12.097989949749	-12.097989949749	-12.097989949749	-12.097989949749	-12.097989949749	-12.097989949749	-12.097989949749	-12.097989949749	-12.097989949749	-12.097989949749	-12.097989949749	-12.097989949749	-12.097989949749	-12.097989949749	-12.097989949749	-12.097989949749	-12.097989949749
-11.881909547739	-11.881909547739	-11.881909547739	-11.881909547739	-11.881909547739	-11.881909547739	-11.881909547739	-11.881909547739	-11.881909547739	-11.881909547739	-11.881909547739	-11.881909547739	-11.881909547739	-11.881909547739	-11.881909547739	-11.881909547739	-11.881909547739	-11.881909547739	-11.881909547739	-11.881909547739	-11.881909547739	-11.881909547739	-11.881909547739	-11.881909547739	-11.881909547739	-11.881909547739	-11.881909547739	-11.881909547739	-11.881909547739	-11.881909547739	-11.881909547739	-11.881909547739	-11.881909547739	-11.881909547739	-11.881909547739	-11.881909547739	-11.881909547739	-11.881909547739	-11.881909547739	-11.881909547739	-11.881909547739	-11.881909547739	-11.881909547739	-11.881909547739	-11.881909547739	-11.881909547739	-11.881909547739	-11.881909547739	-11.881909547739	-11.881909547739	-11.881909547739	-11.881909547739	-11.881909547739	-11.881909547739	-11.881909547739	-11.881909547739	-11.881909547739	-11.881909547739	-11.881909547739	-11.881909547739	-11.881909547739	-11.881909547739	-11.881909547739	-11.881909547739	-11.881909547739	-11.881909547739	-11.881909547739	-11.881909547739	-11.881909547739	-11.881909547739	-11.881909547739	-11.881909547739	-11.881909547739	-11.881909547739	-11.881909547739	-11.881909547739	-11.881909547739	-11.881909547739	-11.881909547739	-11.881909547739	-11.881909547739	-11.881909547739	-11.881909547739	-11.881909547739	-11.881909547739	-11.881909547739	-11.881909547739	-11.881909547739	-11.881909547739	-11.881909547739	-11.881909547739	-11.881909547739	-11.881909547739	-11.881909547739	-11.881909547739	-11.881909547739	-11.881909547739	-11.881909547739	-11.881909547739	-11.881909547739	-11.881909547739	-11.881909547739	-11.881909547739	-11.881909547739	-11.881909547739	-11.881909547739	-11.881909547739	-11.881909547739	-11.881909547739	-11.881909547739	-11.881909547739	-11.881909547739	-11.881909547739	-11.881909547739	-11.881909547739	-11.881909547739	-11.881909547739	-11.881909547739	-11.881909547739	-11.881909547739	-11.881909547739	-11.881909547739	-11.881909547739	-11.881909547739	-11.881909547739	-11.881909547739	-11.881909547739	-11.881909547739	-11.881909547739	-11.881909547739	-11.881909547739	-11.881909547739	-11.881909547739	-11.881909547739	-11.881909547739	-11.881909547739	-11.881909547739	-11.881909547739	-11.881909547739	-11.881909547739	-11.881909547739	-11.881909547739	-11.881909547739	-11.881909547739	-11.881909547739	-11.881909547739	-11.881909547739	-11.881909547739	-11.881909547739	-11.881909547739	-11.881909547739	-11.881909547739	-11.881909547739	-11.881909547739	-11.881909547739	-11.881909547739	-11.881909547739	-11.881909547739	-11.881909547739	-11.881909547739	-11.881909547739	-11.881909547739	-11.881909547739	-11.881909547739	-11.881909547739	-11.881909547739	-11.881909547739	-11.881909547739	-11.881909547739	-11.881909547739	-11.881909547739	-11.881909547739	-11.881909547739	-11.881909547739	-11.881909547739	-11.881909547739	-11.881909547739	-11.881909547739	-11.881909547739	-11.881909547739	-11.881909547739	-11.881909547739	-11.881909547739	-11.881909547739	-11.881909547739	-11.881909547739	-11.881909547739	-11.881909547739	-11.881909547739	-11.881909547739	-11.881909547739	-11.881909547739	-11.881909547739	-11.881909547739	-11.881909547739	-11.881909547739	-11.881909547739	-11.881909547739	-11.881909547739	-11.881909547739
-11.665829145729	-11.665829145729	-11.665829145729	-11.665829145729	-11.665829145729	-11.665829145729	-11.665829145729	-11.665829145729	-11.665829145729	-11.665829145729	-11.665829145729	-11.665829145729	-11.665829145729	-11.665829145729	-11.665829145729	-11.665829145729	-11.665829145729	-11.665829145729	-11.665829145729	-11.665829145729	-11.665829145729	-11.665829145729	-11.665829145729	-11.665829145729	-11.665829145729	-11.665829145729	-11.665829145729	-11.665829145729	-11.665829145729	-11.665829145729	-11.665829145729	-11.665829145729	-11.665829145729	-11.665829145729	-11.665829145729	-11.665829145729	-11.665829145729	-11.665829145729	-11.665829145729	-11.665829145729	-11.665829145729	-11.665829145729	-11.665829145729	-11.665829145729	-11.665829145729	-11.665829145729	-11.665829145729	-11.665829145729	-11.665829145729	-11.665829145729	-11.665829145729	-11.665829145729	-11.665829145729	-11.665829145729	-11.665829145729	-11.665829145729	-11.665829145729	-11.665829145729	-11.665829145729	-11.665829145729	-11.665829145729	-11.665829145729	-11.665829145729	-11.665829145729	-11.665829145729	-11.665829145729	-11.665829145729	-11.665829145729	-11.665829145729	-11.665829145729	-11.665829145729	-11.665829145729	-11.665829145729	-11.665829145729	-11.665829145729	-11.665829145729	-11.665829145729	-11.665829145729	-11.665829145729	-11.665829145729	-11.665829145729	-11.665829145729	-11.665829145729	-11.665829145729	-11.665829145729	-11.665829145729	-11.665829145729	-11.665829145729	-11.665829145729	-11.665829145729	-11.665829145729	-11.665829145729	-11.665829145729	-11.665829145729	-11.665829145729	-11.665829145729	-11.665829145729	-11.665829145729	-11.665829145729	-11.665829145729	-11.665829145729	-11.665829145729	-11.665829145729	-11.665829145729	-11.665829145729	-11.665829145729	-11.665829145729	-11.665829145729	-11.665829145729	-11.665829145729	-11.665829145729	-11.665829145729	-11.665829145729	-11.665829145729	-11.665829145729	-11.665829145729	-11.665829145729	-11.665829145729	-11.665829145729	-11.665829145729	-11.665829145729	-11.665829145729	-11.665829145729	-11.665829145729	-11.665829145729	-11.665829145729	-11.665829145729	-11.665829145729	-11.665829145729	-11.665829145729	-11.665829145729	-11.665829145729	-11.665829145729	-11.665829145729	-11.665829145729	-11.665829145729	-11.665829145729	-11.665829145729	-11.665829145729	-11.665829145729	-11.665829145729	-11.665829145729	-11.665829145729	-11.665829145729	-11.665829145729	-11.665829145729	-11.665829145729	-11.665829145729	-11.665829145729	-11.665829145729	-11.665829145729	-11.665829145729	-11.665829145729	-11.665829145729	-11.665829145729	-11.665829145729	-11.665829145729	-11.665829145729	-11.665829145729	-11.665829145729	-11.665829145729	-11.665829145729	-11.665829145729	-11.665829145729	-11.665829145729	-11.665829145729	-11.665829145729	-11.665829145729	-11.665829145729	-11.665829145729	-11.665829145729	-11.665829145729	-11.665829145729	-11.665829145729	-11.665829145729	-11.665829145729	-11.665829145729	-11.665829145729	-11.665829145729	-11.665829145729	-11.665829145729	-11.665829145729	-11.665829145729	-11.665829145729	-11.665829145729	-11.665829145729	-11.665829145729	-11.665829145729	-11.665829145729	-11.665829145729	-11.665829145729	-11.665829145729	-11.665829145729	-11.665829145729	-11.665829145729	-11.665829145729	-11.665829145729	-11.665829145729	-11.665829145729	-11.665829145729
-11.449748743719	-11.449748743719	-11.449748743719	-11.449748743719	-11.449748743719	-11.449748743719	-11.449748743719	-11.449748743719	-11.449748743719	-11.449748743719	-11.449748743719	-11.449748743719	-11.449748743719	-11.449748743719	-11.449748743719	-11.449748743719	-11.449748743719	-11.449748743719	-11.449748743719	-11.449748743719	-11.449748743719	-11.449748743719	-11.449748743719	-11.449748743719	-11.449748743719	-11.449748743719	-11.449748743719	-11.449748743719	-11.449748743719	-11.449748743719	-11.449748743719	-11.449748743719	-11.449748743719	-11.449748743719	-11.449748743719	-11.449748743719	-11.449748743719	-11.449748743719	-11.449748743719	-11.449748743719	-11.449748743719	-11.449748743719	-11.449748743719	-11.449748743719	-11.449748743719	-11.449748743719	-11.449748743719	-11.449748743719	-11.449748743719	-11.449748743719	-11.449748743719	-11.449748743719	-11.449748743719	-11.449748743719	-11.449748743719	-11.449748743719	-11.449748743719	-11.449748743719	-11.449748743719	-11.449748743719	-11.449748743719	-11.449748743719	-11.449748743719	-11.449748743719	-11.449748743719	-11.449748743719	-11.449748743719	-11.449748743719	-11.449748743719	-11.449748743719	-11.449748743719	-11.449748743719	-11.449748743719	-11.449748743719	-11.449748743719	-11.449748743719	-11.449748743719	-11.449748743719	-11.449748743719	-11.449748743719	-11.449748743719	-11.449748743719	-11.449748743719	-11.449748743719	-11.449748743719	-11.449748743719	-11.449748743719	-11.449748743719	-11.449748743719	-11.449748743719	-11.449748743719	-11.449748743719	-11.449748743719	-11.449748743719	-11.449748743719	-11.449748743719	-11.449748743719	-11.449748743719	-11.449748743719	-11.449748743719	-11.449748743719	-11.449748743719	-11.449748743719	-11.449748743719	-11.449748743719	-11.449748743719	-11.449748743719	-11.449748743719	-11.449748743719	-11.449748743719	-11.449748743719	-11.449748743719	-11.449748743719	-11.449748743719	-11.449748743719	-11.449748743719	-11.449748743719	-11.449748743719	-11.449748743719	-11.449748743719	-11.449748743719	-11.449748743719	-11.449748743719	-11.449748743719	-11.449748743719	-11.449748743719	-11.449748743719	-11.449748743719	-11.449748743719	-11.449748743719	-11.449748743719	-11.449748743719	-11.449748743719	-11.449748743719	-11.449748743719	-11.449748743719	-11.449748743719	-11.449748743719	-11.449748743719	-11.449748743719	-11.449748743719	-11.449748743719	-11.449748743719	-11.449748743719	-11.449748743719	-11.449748743719	-11.449748743719	-11.449748743719	-11.449748743719	-11.449748743719	-11.449748743719	-11.449748743719	-11.449748743719	-11.449748743719	-11.449748743719	-11.449748743719	-11.449748743719	-11.449748743719	-11.449748743719	-11.449748743719	-11.449748743719	-11.449748743719	-11.449748743719	-11.449748743719	-11.449748743719	-11.449748743719	-11.449748743719	-11.449748743719	-11.449748743719	-11.449748743719	-11.449748743719	-11.449748743719	-11.449748743719	-11.449748743719	-11.449748743719	-11.449748743719	-11.449748743719	-11.449748743719	-11.449748743719	-11.449748743719	-11.449748743719	-11.449748743719	-11.449748743719	-11.449748743719	-11.449748743719	-11.449748743719	-11.449748743719	-11.449748743719	-11.449748743719	-11.449748743719	-11.449748743719	-11.449748743719	-11.449748743719	-11.449748743719	-11.449748743719	-11.449748743719	-11.449748743719	-11.449748743719	-11.449748743719	-11.449748743719
-11.233668341709	-11.233668341709	-11.233668341709	-11.233668341709	-11.233668341709	-11.233668341709	-11.233668341709	-11.233668341709	-11.233668341709	-11.233668341709	-11.233668341709	-11.233668341709	-11.233668341709	-11.233668341709	-11.233668341709	-11.233668341709	-11.233668341709	-11.233668341709	-11.233668341709	-11.233668341709	-11.233668341709	-11.233668341709	-11.233668341709	-11.233668341709	-11.233668341709	-11.233668341709	-11.233668341709	-11.233668341709	-11.233668341709	-11.233668341709	-11.233668341709	-11.233668341709	-11.233668341709	-11.233668341709	-11.233668341709	-11.233668341709	-11.233668341709	-11.233668341709	-11.233668341709	-11.233668341709	-11.233668341709	-11.233668341709	-11.233668341709	-11.233668341709	-11.233668341709	-11.233668341709	-11.233668341709	-11.233668341709	-11.233668341709	-11.233668341709	-11.233668341709	-11.233668341709	-11.233668341709	-11.233668341709	-11.233668341709	-11.233668341709	-11.233668341709	-11.233668341709	-11.233668341709	-11.233668341709	-11.233668341709	-11.233668341709	-11.233668341709	-11.233668341709	-11.233668341709	-11.233668341709	-11.233668341709	-11.233668341709	-11.233668341709	-11.233668341709	-11.233668341709	-11.233668341709	-11.233668341709	-11.233668341709	-11.233668341709	-11.233668341709	-11.233668341709	-11.233668341709	-11.233668341709	-11.233668341709	-11.233668341709	-11.233668341709	-11.233668341709	-11.233668341709	-11.233668341709	-11.233668341709	-11.233668341709	-11.233668341709	-11.233668341709	-11.233668341709	-11.233668341709	-11.233668341709	-11.233668341709	-11.233668341709	-11.233668341709	-11.233668341709	-11.233668341709	-11.233668341709	-11.233668341709	-11.233668341709	-11.233668341709	-11.233668341709	-11.233668341709	-11.233668341709	-11.233668341709	-11.233668341709	-11.233668341709	-11.233668341709	-11.233668341709	-11.233668341709	-11.233668341709	-11.233668341709	-11.233668341709	-11.233668341709	-11.233668341709	-11.233668341709	-11.233668341709	-11.233668341709	-11.233668341709	-11.233668341709	-11.233668341709	-11.233668341709	-11.233668341709	-11.233668341709	-11.233668341709	-11.233668341709	-11.233668341709	-11.233668341709	-11.233668341709	-11.233668341709	-11.233668341709	-11.233668341709	-11.233668341709	-11.233668341709	-11.233668341709	-11.233668341709	-11.233668341709	-11.233668341709	-11.233668341709	-11.233668341709	-11.233668341709	-11.233668341709	-11.233668341709	-11.233668341709	-11.233668341709	-11.233668341709	-11.233668341709	-11.233668341709	-11.233668341709	-11.233668341709	-11.233668341709	-11.233668341709	-11.233668341709	-11.233668341709	-11.233668341709	-11.233668341709	-11.233668341709	-11.233668341709	-11.233668341709	-11.233668341709	-11.233668341709	-11.233668341709	-11.233668341709	-11.233668341709	-11.233668341709	-11.233668341709	-11.233668341709	-11.233668341709	-11.233668341709	-11.233668341709	-11.233668341709	-11.233668341709	-11.233668341709	-11.233668341709	-11.233668341709	-11.233668341709	-11.233668341709	-11.233668341709	-11.233668341709	-11.233668341709	-11.233668341709	-11.233668341709	-11.233668341709	-11.233668341709	-11.233668341709	-11.233668341709	-11.233668341709	-11.233668341709	-11.233668341709	-11.233668341709	-11.233668341709	-11.233668341709	-11.233668341709	-11.233668341709	-11.233668341709	-11.233668341709	-11.233668341709	-11.233668341709	-11.233668341709	-11.233668341709
-11.017587939698	-11.017587939698	-11.017587939698	-11.017587939698	-11.017587939698	-11.017587939698	-11.017587939698	-11.017587939698	-11.017587939698	-11.017587939698	-11.017587939698	-11.017587939698	-11.017587939698	-11.017587939698	-11.017587939698	-11.017587939698	-11.017587939698	-11.017587939698	-11.017587939698	-11.017587939698	-11.017587939698	-11.017587939698	-11.017587939698	-11.017587939698	-11.017587939698	-11.017587939698	-11.017587939698	-11.017587939698	-11.017587939698	-11.017587939698	-11.017587939698	-11.017587939698	-11.017587939698	-11.017587939698	-11.017587939698	-11.017587939698	-11.017587939698	-11.017587939698	-11.017587939698	-11.017587939698	-11.017587939698	-11.017587939698	-11.017587939698	-11.017587939698	-11.017587939698	-11.017587939698	-11.017587939698	-11.017587939698	-11.017587939698	-11.017587939698	-11.017587939698	-11.017587939698	-11.017587939698	-11.017587939698	-11.017587939698	-11.017587939698	-11.017587939698	-11.017587939698	-11.017587939698	-11.017587939698	-11.017587939698	-11.017587939698	-11.017587939698	-11.017587939698	-11.017587939698	-11.017587939698	-11.017587939698	-11.017587939698	-11.017587939698	-11.017587939698	-11.017587939698	-11.017587939698	-11.017587939698	-11.017587939698	-11.017587939698	-11.017587939698	-11.017587939698	-11.017587939698	-11.017587939698	-11.017587939698	-11.017587939698	-11.017587939698	-11.017587939698	-11.017587939698	-11.017587939698	-11.017587939698	-11.017587939698	-11.017587939698	-11.017587939698	-11.017587939698	-11.017587939698	-11.017587939698	-11.017587939698	-11.017587939698	-11.017587939698	-11.017587939698	-11.017587939698	-11.017587939698	-11.017587939698	-11.017587939698	-11.017587939698	-11.017587939698	-11.017587939698	-11.017587939698	-11.017587939698	-11.017587939698	-11.017587939698	-11.017587939698	-11.017587939698	-11.017587939698	-11.017587939698	-11.017587939698	-11.017587939698	-11.017587939698	-11.017587939698	-11.017587939698	-11.017587939698	-11.017587939698	-11.017587939698	-11.017587939698	-11.017587939698	-11.017587939698	-11.017587939698	-11.017587939698	-11.017587939698	-11.017587939698	-11.017587939698	-11.017587939698	-11.017587939698	-11.017587939698	-11.017587939698	-11.017587939698	-11.017587939698	-11.017587939698	-11.017587939698	-11.017587939698	-11.017587939698	-11.017587939698	-11.017587939698	-11.017587939698	-11.017587939698	-11.017587939698	-11.017587939698	-11.017587939698	-11.017587939698	-11.017587939698	-11.017587939698	-11.017587939698	-11.017587939698	-11.017587939698	-11.017587939698	-11.017587939698	-11.017587939698	-11.017587939698	-11.017587939698	-11.017587939698	-11.017587939698	-11.017587939698	-11.017587939698	-11.017587939698	-11.017587939698	-11.017587939698	-11.017587939698	-11.017587939698	-11.017587939698	-11.017587939698	-11.017587939698	-11.017587939698	-11.017587939698	-11.017587939698	-11.017587939698	-11.017587939698	-11.017587939698	-11.017587939698	-11.017587939698	-11.017587939698	-11.017587939698	-11.017587939698	-11.017587939698	-11.017587939698	-11.017587939698	-11.017587939698	-11.017587939698	-11.017587939698	-11.017587939698	-11.017587939698	-11.017587939698	-11.017587939698	-11.017587939698	-11.017587939698	-11.017587939698	-11.017587939698	-11.017587939698	-11.017587939698	-11.017587939698	-11.017587939698	-11.017587939698	-11.017587939698	-11.017587939698	-11.017587939698
-10.801507537688	-10.801507537688	-10.801507537688	-10.801507537688	-10.801507537688	-10.801507537688	-10.801507537688	-10.801507537688	-10.801507537688	-10.801507537688	-10.801507537688	-10.801507537688	-10.801507537688	-10.801507537688	-10.801507537688	-10.801507537688	-10.801507537688	-10.801507537688	-10.801507537688	-10.801507537688	-10.801507537688	-10.801507537688	-10.801507537688	-10.801507537688	-10.801507537688	-10.801507537688	-10.801507537688	-10.801507537688	-10.801507537688	-10.801507537688	-10.801507537688	-10.801507537688	-10.801507537688	-10.801507537688	-10.801507537688	-10.801507537688	-10.801507537688	-10.801507537688	-10.801507537688	-10.801507537688	-10.801507537688	-10.801507537688	-10.801507537688	-10.801507537688	-10.801507537688	-10.801507537688	-10.801507537688	-10.801507537688	-10.801507537688	-10.801507537688	-10.801507537688	-10.801507537688	-10.801507537688	-10.801507537688	-10.801507537688	-10.801507537688	-10.801507537688	-10.801507537688	-10.801507537688	-10.801507537688	-10.801507537688	-10.801507537688	-10.801507537688	-10.801507537688	-10.801507537688	-10.801507537688	-10.801507537688	-10.801507537688	-10.801507537688	-10.801507537688	-10.801507537688	-10.801507537688	-10.801507537688	-10.801507537688	-10.801507537688	-10.801507537688	-10.801507537688	-10.801507537688	-10.801507537688	-10.801507537688	-10.801507537688	-10.801507537688	-10.801507537688	-10.801507537688	-10.801507537688	-10.801507537688	-10.801507537688	-10.801507537688	-10.801507537688	-10.801507537688	-10.801507537688	-10.801507537688	-10.801507537688	-10.801507537688	-10.801507537688	-10.801507537688	-10.801507537688	-10.801507537688	-10.801507537688	-10.801507537688	-10.801507537688	-10.801507537688	-10.801507537688	-10.801507537688	-10.801507537688	-10.801507537688	-10.801507537688	-10.801507537688	-10.801507537688	-10.801507537688	-10.801507537688	-10.801507537688	-10.801507537688	-10.801507537688	-10.801507537688	-10.801507537688	-10.801507537688	-10.801507537688	-10.801507537688	-10.801507537688	-10.801507537688	-10.801507537688	-10.801507537688	-10.801507537688	-10.801507537688	-10.801507537688	-10.801507537688	-10.801507537688	-10.801507537688	-10.801507537688	-10.801507537688	-10.801507537688	-10.801507537688	-10.801507537688	-10.801507537688	-10.801507537688	-10.801507537688	-10.801507537688	-10.801507537688	-10.801507537688	-10.801507537688	-10.801507537688	-10.801507537688	-10.801507537688	-10.801507537688	-10.801507537688	-10.801507537688	-10.801507537688	-10.801507537688	-10.801507537688	-10.801507537688	-10.801507537688	-10.801507537688	-10.801507537688	-10.801507537688	-10.801507537688	-10.801507537688	-10.801507537688	-10.801507537688	-10.801507537688	-10.801507537688	-10.801507537688	-10.801507537688	-10.801507537688	-10.801507537688	-10.801507537688	-10.801507537688	-10.801507537688	-10.801507537688	-10.801507537688	-10.801507537688	-10.801507537688	-10.801507537688	-10.801507537688	-10.801507537688	-10.801507537688	-10.801507537688	-10.801507537688	-10.801507537688	-10.801507537688	-10.801507537688	-10.801507537688	-10.801507537688	-10.801507537688	-10.801507537688	-10.801507537688	-10.801507537688	-10.801507537688	-10.801507537688	-10.801507537688	-10.801507537688	-10.801507537688	-10.801507537688	-10.801507537688	-10.801507537688	-10.801507537688	-10.801507537688	-10.801507537688	-10.801507537688	-10.801507537688
-10.585427135678	-10.585427135678	-10.585427135678	-10.585427135678	-10.585427135678	-10.585427135678	-10.585427135678	-10.585427135678	-10.585427135678	-10.585427135678	-10.585427135678	-10.585427135678	-10.585427135678	-10.585427135678	-10.585427135678	-10.585427135678	-10.585427135678	-10.585427135678	-10.585427135678	-10.585427135678	-10.585427135678	-10.585427135678	-10.585427135678	-10.585427135678	-10.585427135678	-10.585427135678	-10.585427135678	-10.585427135678	-10.585427135678	-10.585427135678	-10.585427135678	-10.585427135678	-10.585427135678	-10.585427135678	-10.585427135678	-10.585427135678	-10.585427135678	-10.585427135678	-10.585427135678	-10.585427135678	-10.585427135678	-10.585427135678	-10.585427135678	-10.585427135678	-10.585427135678	-10.585427135678	-10.585427135678	-10.585427135678	-10.585427135678	-10.585427135678	-10.585427135678	-10.585427135678	-10.585427135678	-10.585427135678	-10.585427135678	-10.585427135678	-10.585427135678	-10.585427135678	-10.585427135678	-10.585427135678	-10.585427135678	-10.585427135678	-10.585427135678	-10.585427135678	-10.585427135678	-10.585427135678	-10.585427135678	-10.585427135678	-10.585427135678	-10.585427135678	-10.585427135678	-10.585427135678	-10.585427135678	-10.585427135678	-10.585427135678	-10.585427135678	-10.585427135678	-10.585427135678	-10.585427135678	-10.585427135678	-10.585427135678	-10.585427135678	-10.585427135678	-10.585427135678	-10.585427135678	-10.585427135678	-10.585427135678	-10.585427135678	-10.585427135678	-10.585427135678	-10.585427135678	-10.585427135678	-10.585427135678	-10.585427135678	-10.585427135678	-10.585427135678	-10.585427135678	-10.585427135678	-10.585427135678	-10.585427135678	-10.585427135678	-10.585427135678	-10.585427135678	-10.585427135678	-10.585427135678	-10.585427135678	-10.585427135678	-10.585427135678	-10.585427135678	-10.585427135678	-10.585427135678	-10.585427135678	-10.585427135678	-10.585427135678	-10.585427135678	-10.585427135678	-10.585427135678	-10.585427135678	-10.585427135678	-10.585427135678	-10.585427135678	-10.585427135678	-10.585427135678	-10.585427135678	-10.585427135678	-10.585427135678	-10.585427135678	-10.585427135678	-10.585427135678	-10.585427135678	-10.585427135678	-10.585427135678	-10.585427135678	-10.585427135678	-10.585427135678	-10.585427135678	-10.585427135678	-10.585427135678	-10.585427135678	-10.585427135678	-10.585427135678	-10.585427135678	-10.585427135678	-10.585427135678	-10.585427135678	-10.585427135678	-10.585427135678	-10.585427135678	-10.585427135678	-10.585427135678	-10.585427135678	-10.585427135678	-10.585427135678	-10.585427135678	-10.585427135678	-10.585427135678	-10.585427135678	-10.585427135678	-10.585427135678	-10.585427135678	-10.585427135678	-10.585427135678	-10.585427135678	-10.585427135678	-10.585427135678	-10.585427135678	-10.585427135678	-10.585427135678	-10.585427135678	-10.585427135678	-10.585427135678	-10.585427135678	-10.585427135678	-10.585427135678	-10.585427135678	-10.585427135678	-10.585427135678	-10.585427135678	-10.585427135678	-10.585427135678	-10.585427135678	-10.585427135678	-10.585427135678	-10.585427135678	-10.585427135678	-10.585427135678	-10.585427135678	-10.585427135678	-10.585427135678	-10.585427135678	-10.585427135678	-10.585427135678	-10.585427135678	-10.585427135678	-10.585427135678	-10.585427135678	-10.585427135678	-10.585427135678	-10.585427135678	-10.585427135678
-10.369346733668	-10.369346733668	-10.369346733668	-10.369346733668	-10.369346733668	-10.369346733668	-10.369346733668	-10.369346733668	-10.369346733668	-10.369346733668	-10.369346733668	-10.369346733668	-10.369346733668	-10.369346733668	-10.369346733668	-10.369346733668	-10.369346733668	-10.369346733668	-10.369346733668	-10.369346733668	-10.369346733668	-10.369346733668	-10.369346733668	-10.369346733668	-10.369346733668	-10.369346733668	-10.369346733668	-10.369346733668	-10.369346733668	-10.369346733668	-10.369346733668	-10.369346733668	-10.369346733668	-10.369346733668	-10.369346733668	-10.369346733668	-10.369346733668	-10.369346733668	-10.369346733668	-10.369346733668	-10.369346733668	-10.369346733668	-10.369346733668	-10.369346733668	-10.369346733668	-10.369346733668	-10.369346733668	-10.369346733668	-10.369346733668	-10.369346733668	-10.369346733668	-10.369346733668	-10.369346733668	-10.369346733668	-10.369346733668	-10.369346733668	-10.369346733668	-10.369346733668	-10.369346733668	-10.369346733668	-10.369346733668	-10.369346733668	-10.369346733668	-10.369346733668	-10.369346733668	-10.369346733668	-10.369346733668	-10.369346733668	-10.369346733668	-10.369346733668	-10.369346733668	-10.369346733668	-10.369346733668	-10.369346733668	-10.369346733668	-10.369346733668	-10.369346733668	-10.369346733668	-10.369346733668	-10.369346733668	-10.369346733668	-10.369346733668	-10.369346733668	-10.369346733668	-10.369346733668	-10.369346733668	-10.369346733668	-10.369346733668	-10.369346733668	-10.369346733668	-10.369346733668	-10.369346733668	-10.369346733668	-10.369346733668	-10.369346733668	-10.369346733668	-10.369346733668	-10.369346733668	-10.369346733668	-10.369346733668	-10.369346733668	-10.369346733668	-10.369346733668	-10.369346733668	-10.369346733668	-10.369346733668	-10.369346733668	-10.369346733668	-10.369346733668	-10.369346733668	-10.369346733668	-10.369346733668	-10.369346733668	-10.369346733668	-10.369346733668	-10.369346733668	-10.369346733668	-10.369346733668	-10.369346733668	-10.369346733668	-10.369346733668	-10.369346733668	-10.369346733668	-10.369346733668	-10.369346733668	-10.369346733668	-10.369346733668	-10.369346733668	-10.369346733668	-10.369346733668	-10.369346733668	-10.369346733668	-10.369346733668	-10.369346733668	-10.369346733668	-10.369346733668	-10.369346733668	-10.369346733668	-10.369346733668	-10.369346733668	-10.369346733668	-10.369346733668	-10.369346733668	-10.369346733668	-10.369346733668	-10.369346733668	-10.369346733668	-10.369346733668	-10.369346733668	-10.369346733668	-10.369346733668	-10.369346733668	-10.369346733668	-10.369346733668	-10.369346733668	-10.369346733668	-10.369346733668	-10.369346733668	-10.369346733668	-10.369346733668	-10.369346733668	-10.369346733668	-10.369346733668	-10.369346733668	-10.369346733668	-10.369346733668	-10.369346733668	-10.369346733668	-10.369346733668	-10.369346733668	-10.369346733668	-10.369346733668	-10.369346733668	-10.369346733668	-10.369346733668	-10.369346733668	-10.369346733668	-10.369346733668	-10.369346733668	-10.369346733668	-10.369346733668	-10.369346733668	-10.369346733668	-10.369346733668	-10.369346733668	-10.369346733668	-10.369346733668	-10.369346733668	-10.369346733668	-10.369346733668	-10.369346733668	-10.369346733668	-10.369346733668	-10.369346733668	-10.369346733668	-10.369346733668	-10.369346733668	-10.369346733668	-10.369346733668	-10.369346733668
-10.153266331658	-10.153266331658	-10.153266331658	-10.153266331658	-10.153266331658	-10.153266331658	-10.153266331658	-10.153266331658	-10.153266331658	-10.153266331658	-10.153266331658	-10.153266331658	-10.153266331658	-10.153266331658	-10.153266331658	-10.153266331658	-10.153266331658	-10.153266331658	-10.153266331658	-10.153266331658	-10.153266331658	-10.153266331658	-10.153266331658	-10.153266331658	-10.153266331658	-10.153266331658	-10.153266331658	-10.153266331658	-10.153266331658	-10.153266331658	-10.153266331658	-10.153266331658	-10.153266331658	-10.153266331658	-10.153266331658	-10.153266331658	-10.153266331658	-10.153266331658	-10.153266331658	-10.153266331658	-10.153266331658	-10.153266331658	-10.153266331658	-10.153266331658	-10.153266331658	-10.153266331658	-10.153266331658	-10.153266331658	-10.153266331658	-10.153266331658	-10.153266331658	-10.153266331658	-10.153266331658	-10.153266331658	-10.153266331658	-10.153266331658	-10.153266331658	-10.153266331658	-10.153266331658	-10.153266331658	-10.153266331658	-10.153266331658	-10.153266331658	-10.153266331658	-10.153266331658	-10.153266331658	-10.153266331658	-10.153266331658	-10.153266331658	-10.153266331658	-10.153266331658	-10.153266331658	-10.153266331658	-10.153266331658	-10.153266331658	-10.153266331658	-10.153266331658	-10.153266331658	-10.153266331658	-10.153266331658	-10.153266331658	-10.153266331658	-10.153266331658	-10.153266331658	-10.153266331658	-10.153266331658	-10.153266331658	-10.153266331658	-10.153266331658	-10.153266331658	-10.153266331658	-10.153266331658	-10.153266331658	-10.153266331658	-10.153266331658	-10.153266331658	-10.153266331658	-10.153266331658	-10.153266331658	-10.153266331658	-10.153266331658	-10.153266331658	-10.153266331658	-10.153266331658	-10.153266331658	-10.153266331658	-10.153266331658	-10.153266331658	-10.153266331658	-10.153266331658	-10.153266331658	-10.153266331658	-10.153266331658	-10.153266331658	-10.153266331658	-10.153266331658	-10.153266331658	-10.153266331658	-10.153266331658	-10.153266331658	-10.153266331658	-10.153266331658	-10.153266331658	-10.153266331658	-10.153266331658	-10.153266331658	-10.153266331658	-10.153266331658	-10.153266331658	-10.153266331658	-10.153266331658	-10.153266331658	-10.153266331658	-10.153266331658	-10.153266331658	-10.153266331658	-10.153266331658	-10.153266331658	-10.153266331658	-10.153266331658	-10.153266331658	-10.153266331658	-10.153266331658	-10.153266331658	-10.153266331658	-10.153266331658	-10.153266331658	-10.153266331658	-10.153266331658	-10.153266331658	-10.153266331658	-10.153266331658	-10.153266331658	-10.153266331658	-10.153266331658	-10.153266331658	-10.153266331658	-10.153266331658	-10.153266331658	-10.153266331658	-10.153266331658	-10.153266331658	-10.153266331658	-10.153266331658	-10.153266331658	-10.153266331658	-10.153266331658	-10.153266331658	-10.153266331658	-10.153266331658	-10.153266331658	-10.153266331658	-10.153266331658	-10.153266331658	-10.153266331658	-10.153266331658	-10.153266331658	-10.153266331658	-10.153266331658	-10.153266331658	-10.153266331658	-10.153266331658	-10.153266331658	-10.153266331658	-10.153266331658	-10.153266331658	-10.153266331658	-10.153266331658	-10.153266331658	-10.153266331658	-10.153266331658	-10.153266331658	-10.153266331658	-10.153266331658	-10.153266331658	-10.153266331658	-10.153266331658	-10.153266331658	-10.153266331658	-10.153266331658
-9.9371859296482	-9.9371859296482	-9.9371859296482	-9.9371859296482	-9.9371859296482	-9.9371859296482	-9.9371859296482	-9.9371859296482	-9.9371859296482	-9.9371859296482	-9.9371859296482	-9.9371859296482	-9.9371859296482	-9.9371859296482	-9.9371859296482	-9.9371859296482	-9.9371859296482	-9.9371859296482	-9.9371859296482	-9.9371859296482	-9.9371859296482	-9.9371859296482	-9.9371859296482	-9.9371859296482	-9.9371859296482	-9.9371859296482	-9.9371859296482	-9.9371859296482	-9.9371859296482	-9.9371859296482	-9.9371859296482	-9.9371859296482	-9.9371859296482	-9.9371859296482	-9.9371859296482	-9.9371859296482	-9.9371859296482	-9.9371859296482	-9.9371859296482	-9.9371859296482	-9.9371859296482	-9.9371859296482	-9.9371859296482	-9.9371859296482	-9.9371859296482	-9.9371859296482	-9.9371859296482	-9.9371859296482	-9.9371859296482	-9.9371859296482	-9.9371859296482	-9.9371859296482	-9.9371859296482	-9.9371859296482	-9.9371859296482	-9.9371859296482	-9.9371859296482	-9.9371859296482	-9.9371859296482	-9.9371859296482	-9.9371859296482	-9.9371859296482	-9.9371859296482	-9.9371859296482	-9.9371859296482	-9.9371859296482	-9.9371859296482	-9.9371859296482	-9.9371859296482	-9.9371859296482	-9.9371859296482	-9.9371859296482	-9.9371859296482	-9.9371859296482	-9.9371859296482	-9.9371859296482	-9.9371859296482	-9.9371859296482	-9.9371859296482	-9.9371859296482	-9.9371859296482	-9.9371859296482	-9.9371859296482	-9.9371859296482	-9.9371859296482	-9.9371859296482	-9.9371859296482	-9.9371859296482	-9.9371859296482	-9.9371859296482	-9.9371859296482	-9.9371859296482	-9.9371859296482	-9.9371859296482	-9.9371859296482	-9.9371859296482	-9.9371859296482	-9.9371859296482	-9.9371859296482	-9.9371859296482	-9.9371859296482	-9.9371859296482	-9.9371859296482	-9.9371859296482	-9.9371859296482	-9.9371859296482	-9.9371859296482	-9.9371859296482	-9.9371859296482	-9.9371859296482	-9.9371859296482	-9.9371859296482	-9.9371859296482	-9.9371859296482	-9.9371859296482	-9.9371859296482	-9.9371859296482	-9.9371859296482	-9.9371859296482	-9.9371859296482	-9.9371859296482	-9.9371859296482	-9.9371859296482	-9.9371859296482	-9.9371859296482	-9.9371859296482	-9.9371859296482	-9.9371859296482	-9.9371859296482	-9.9371859296482	-9.9371859296482	-9.9371859296482	-9.9371859296482	-9.9371859296482	-9.9371859296482	-9.9371859296482	-9.9371859296482	-9.9371859296482	-9.9371859296482	-9.9371859296482	-9.9371859296482	-9.9371859296482	-9.9371859296482	-9.9371859296482	-9.9371859296482	-9.9371859296482	-9.9371859296482	-9.9371859296482	-9.9371859296482	-9.9371859296482	-9.9371859296482	-9.9371859296482	-9.9371859296482	-9.9371859296482	-9.9371859296482	-9.9371859296482	-9.9371859296482	-9.9371859296482	-9.9371859296482	-9.9371859296482	-9.9371859296482	-9.9371859296482	-9.9371859296482	-9.9371859296482	-9.9371859296482	-9.9371859296482	-9.9371859296482	-9.9371859296482	-9.9371859296482	-9.9371859296482	-9.9371859296482	-9.9371859296482	-9.9371859296482	-9.9371859296482	-9.9371859296482	-9.9371859296482	-9.9371859296482	-9.9371859296482	-9.9371859296482	-9.9371859296482	-9.9371859296482	-9.9371859296482	-9.9371859296482	-9.9371859296482	-9.9371859296482	-9.9371859296482	-9.9371859296482	-9.9371859296482	-9.9371859296482	-9.9371859296482	-9.9371859296482	-9.9371859296482	-9.9371859296482	-9.9371859296482	-9.9371859296482	-9.9371859296482	-9.9371859296482	-9.9371859296482	-9.9371859296482	-9.9371859296482
-9.7211055276382	-9.7211055276382	-9.7211055276382	-9.7211055276382	-9.7211055276382	-9.7211055276382	-9.7211055276382	-9.7211055276382	-9.7211055276382	-9.7211055276382	-9.7211055276382	-9.7211055276382	-9.7211055276382	-9.7211055276382	-9.7211055276382	-9.7211055276382	-9.7211055276382	-9.7211055276382	-9.7211055276382	-9.7211055276382	-9.7211055276382	-9.7211055276382	-9.7211055276382	-9.7211055276382	-9.7211055276382	-9.7211055276382	-9.7211055276382	-9.7211055276382	-9.7211055276382	-9.7211055276382	-9.7211055276382	-9.7211055276382	-9.7211055276382	-9.7211055276382	-9.7211055276382	-9.7211055276382	-9.7211055276382	-9.7211055276382	-9.7211055276382	-9.7211055276382	-9.7211055276382	-9.7211055276382	-9.7211055276382	-9.7211055276382	-9.7211055276382	-9.7211055276382	-9.7211055276382	-9.7211055276382	-9.7211055276382	-9.7211055276382	-9.7211055276382	-9.7211055276382	-9.7211055276382	-9.7211055276382	-9.7211055276382	-9.7211055276382	-9.7211055276382	-9.7211055276382	-9.7211055276382	-9.7211055276382	-9.7211055276382	-9.7211055276382	-9.7211055276382	-9.7211055276382	-9.7211055276382	-9.7211055276382	-9.7211055276382	-9.7211055276382	-9.7211055276382	-9.7211055276382	-9.7211055276382	-9.7211055276382	-9.7211055276382	-9.7211055276382	-9.7211055276382	-9.7211055276382	-9.7211055276382	-9.7211055276382	-9.7211055276382	-9.7211055276382	-9.7211055276382	-9.7211055276382	-9.7211055276382	-9.7211055276382	-9.7211055276382	-9.7211055276382	-9.7211055276382	-9.7211055276382	-9.7211055276382	-9.7211055276382	-9.7211055276382	-9.7211055276382	-9.7211055276382	-9.7211055276382	-9.7211055276382	-9.7211055276382	-9.7211055276382	-9.7211055276382	-9.7211055276382	-9.7211055276382	-9.7211055276382	-9.7211055276382	-9.7211055276382	-9.7211055276382	-9.7211055276382	-9.7211055276382	-9.7211055276382	-9.7211055276382	-9.7211055276382	-9.7211055276382	-9.7211055276382	-9.7211055276382	-9.7211055276382	-9.7211055276382	-9.7211055276382	-9.7211055276382	-9.7211055276382	-9.7211055276382	-9.7211055276382	-9.7211055276382	-9.7211055276382	-9.7211055276382	-9.7211055276382	-9.7211055276382	-9.7211055276382	-9.7211055276382	-9.7211055276382	-9.7211055276382	-9.7211055276382	-9.7211055276382	-9.7211055276382	-9.7211055276382	-9.7211055276382	-9.7211055276382	-9.7211055276382	-9.7211055276382	-9.7211055276382	-9.7211055276382	-9.7211055276382	-9.7211055276382	-9.7211055276382	-9.7211055276382	-9.7211055276382	-9.7211055276382	-9.7211055276382	-9.7211055276382	-9.7211055276382	-9.7211055276382	-9.7211055276382	-9.7211055276382	-9.7211055276382	-9.7211055276382	-9.7211055276382	-9.7211055276382	-9.7211055276382	-9.7211055276382	-9.7211055276382	-9.7211055276382	-9.7211055276382	-9.7211055276382	-9.7211055276382	-9.7211055276382	-9.7211055276382	-9.7211055276382	-9.7211055276382	-9.7211055276382	-9.7211055276382	-9.7211055276382	-9.7211055276382	-9.7211055276382	-9.7211055276382	-9.7211055276382	-9.7211055276382	-9.7211055276382	-9.7211055276382	-9.7211055276382	-9.7211055276382	-9.7211055276382	-9.7211055276382	-9.7211055276382	-9.7211055276382	-9.7211055276382	-9.7211055276382	-9.7211055276382	-9.7211055276382	-9.7211055276382	-9.7211055276382	-9.7211055276382	-9.7211055276382	-9.7211055276382	-9.7211055276382	-9.7211055276382	-9.7211055276382	-9.7211055276382	-9.7211055276382	-9.7211055276382	-9.7211055276382	-9.7211055276382	-9.7211055276382	-9.7211055276382
-9.5050251256281	-9.5050251256281	-9.5050251256281	-9.5050251256281	-9.5050251256281	-9.5050251256281	-9.5050251256281	-9.5050251256281	-9.5050251256281	-9.5050251256281	-9.5050251256281	-9.5050251256281	-9.5050251256281	-9.5050251256281	-9.5050251256281	-9.5050251256281	-9.5050251256281	-9.5050251256281	-9.5050251256281	-9.5050251256281	-9.5050251256281	-9.5050251256281	-9.5050251256281	-9.5050251256281	-9.5050251256281	-9.5050251256281	-9.5050251256281	-9.5050251256281	-9.5050251256281	-9.5050251256281	-9.5050251256281	-9.5050251256281	-9.5050251256281	-9.5050251256281	-9.5050251256281	-9.5050251256281	-9.5050251256281	-9.5050251256281	-9.5050251256281	-9.5050251256281	-9.5050251256281	-9.5050251256281	-9.5050251256281	-9.5050251256281	-9.5050251256281	-9.5050251256281	-9.5050251256281	-9.5050251256281	-9.5050251256281	-9.5050251256281	-9.5050251256281	-9.5050251256281	-9.5050251256281	-9.5050251256281	-9.5050251256281	-9.5050251256281	-9.5050251256281	-9.5050251256281	-9.5050251256281	-9.5050251256281	-9.5050251256281	-9.5050251256281	-9.5050251256281	-9.5050251256281	-9.5050251256281	-9.5050251256281	-9.5050251256281	-9.5050251256281	-9.5050251256281	-9.5050251256281	-9.5050251256281	-9.5050251256281	-9.5050251256281	-9.5050251256281	-9.5050251256281	-9.5050251256281	-9.5050251256281	-9.5050251256281	-9.5050251256281	-9.5050251256281	-9.5050251256281	-9.5050251256281	-9.5050251256281	-9.5050251256281	-9.5050251256281	-9.5050251256281	-9.5050251256281	-9.5050251256281	-9.5050251256281	-9.5050251256281	-9.5050251256281	-9.5050251256281	-9.5050251256281	-9.5050251256281	-9.5050251256281	-9.5050251256281	-9.5050251256281	-9.5050251256281	-9.5050251256281	-9.5050251256281	-9.5050251256281	-9.5050251256281	-9.5050251256281	-9.5050251256281	-9.5050251256281	-9.5050251256281	-9.5050251256281	-9.5050251256281	-9.5050251256281	-9.5050251256281	-9.5050251256281	-9.5050251256281	-9.5050251256281	-9.5050251256281	-9.5050251256281	-9.5050251256281	-9.5050251256281	-9.5050251256281	-9.5050251256281	-9.5050251256281	-9.5050251256281	-9.5050251256281	-9.5050251256281	-9.5050251256281	-9.5050251256281	-9.5050251256281	-9.5050251256281	-9.5050251256281	-9.5050251256281	-9.5050251256281	-9.5050251256281	-9.5050251256281	-9.5050251256281	-9.5050251256281	-9.5050251256281	-9.5050251256281	-9.5050251256281	-9.5050251256281	-9.5050251256281	-9.5050251256281	-9.5050251256281	-9.5050251256281	-9.5050251256281	-9.5050251256281	-9.5050251256281	-9.5050251256281	-9.5050251256281	-9.5050251256281	-9.5050251256281	-9.5050251256281	-9.5050251256281	-9.5050251256281	-9.5050251256281	-9.5050251256281	-9.5050251256281	-9.5050251256281	-9.5050251256281	-9.5050251256281	-9.5050251256281	-9.5050251256281	-9.5050251256281	-9.5050251256281	-9.5050251256281	-9.5050251256281	-9.5050251256281	-9.5050251256281	-9.5050251256281	-9.5050251256281	-9.5050251256281	-9.5050251256281	-9.5050251256281	-9.5050251256281	-9.5050251256281	-9.5050251256281	-9.5050251256281	-9.5050251256281	-9.5050251256281	-9.5050251256281	-9.5050251256281	-9.5050251256281	-9.5050251256281	-9.5050251256281	-9.5050251256281	-9.5050251256281	-9.5050251256281	-9.5050251256281	-9.5050251256281	-9.5050251256281	-9.5050251256281	-9.5050251256281	-9.5050251256281	-9.5050251256281	-9.5050251256281	-9.5050251256281	-9.5050251256281	-9.5050251256281	-9.5050251256281	-9.5050251256281	-9.5050251256281	-9.5050251256281
-9.2889447236181	-9.2889447236181	-9.2889447236181	-9.2889447236181	-9.2889447236181	-9.2889447236181	-9.2889447236181	-9.2889447236181	-9.2889447236181	-9.2889447236181	-9.2889447236181	-9.2889447236181	-9.2889447236181	-9.2889447236181	-9.2889447236181	-9.2889447236181	-9.2889447236181	-9.2889447236181	-9.2889447236181	-9.2889447236181	-9.2889447236181	-9.2889447236181	-9.2889447236181	-9.2889447236181	-9.2889447236181	-9.2889447236181	-9.2889447236181	-9.2889447236181	-9.2889447236181	-9.2889447236181	-9.2889447236181	-9.2889447236181	-9.2889447236181	-9.2889447236181	-9.2889447236181	-9.2889447236181	-9.2889447236181	-9.2889447236181	-9.2889447236181	-9.2889447236181	-9.2889447236181	-9.2889447236181	-9.2889447236181	-9.2889447236181	-9.2889447236181	-9.2889447236181	-9.2889447236181	-9.2889447236181	-9.2889447236181	-9.2889447236181	-9.2889447236181	-9.2889447236181	-9.2889447236181	-9.2889447236181	-9.2889447236181	-9.2889447236181	-9.2889447236181	-9.2889447236181	-9.2889447236181	-9.2889447236181	-9.2889447236181	-9.2889447236181	-9.2889447236181	-9.2889447236181	-9.2889447236181	-9.2889447236181	-9.2889447236181	-9.2889447236181	-9.2889447236181	-9.2889447236181	-9.2889447236181	-9.2889447236181	-9.2889447236181	-9.2889447236181	-9.2889447236181	-9.2889447236181	-9.2889447236181	-9.2889447236181	-9.2889447236181	-9.2889447236181	-9.2889447236181	-9.2889447236181	-9.2889447236181	-9.2889447236181	-9.2889447236181	-9.2889447236181	-9.2889447236181	-9.2889447236181	-9.2889447236181	-9.2889447236181	-9.2889447236181	-9.2889447236181	-9.2889447236181	-9.2889447236181	-9.2889447236181	-9.2889447236181	-9.2889447236181	-9.2889447236181	-9.2889447236181	-9.2889447236181	-9.2889447236181	-9.2889447236181	-9.2889447236181	-9.2889447236181	-9.2889447236181	-9.2889447236181	-9.2889447236181	-9.2889447236181	-9.2889447236181	-9.2889447236181	-9.2889447236181	-9.2889447236181	-9.2889447236181	-9.2889447236181	-9.2889447236181	-9.2889447236181	-9.2889447236181	-9.2889447236181	-9.2889447236181	-9.2889447236181	-9.2889447236181	-9.2889447236181	-9.2889447236181	-9.2889447236181	-9.2889447236181	-9.2889447236181	-9.2889447236181	-9.2889447236181	-9.2889447236181	-9.2889447236181	-9.2889447236181	-9.2889447236181	-9.2889447236181	-9.2889447236181	-9.2889447236181	-9.2889447236181	-9.2889447236181	-9.2889447236181	-9.2889447236181	-9.2889447236181	-9.2889447236181	-9.2889447236181	-9.2889447236181	-9.2889447236181	-9.2889447236181	-9.2889447236181	-9.2889447236181	-9.2889447236181	-9.2889447236181	-9.2889447236181	-9.2889447236181	-9.2889447236181	-9.2889447236181	-9.2889447236181	-9.2889447236181	-9.2889447236181	-9.2889447236181	-9.2889447236181	-9.2889447236181	-9.2889447236181	-9.2889447236181	-9.2889447236181	-9.2889447236181	-9.2889447236181	-9.2889447236181	-9.2889447236181	-9.2889447236181	-9.2889447236181	-9.2889447236181	-9.2889447236181	-9.2889447236181	-9.2889447236181	-9.2889447236181	-9.2889447236181	-9.2889447236181	-9.2889447236181	-9.2889447236181	-9.2889447236181	-9.2889447236181	-9.2889447236181	-9.2889447236181	-9.2889447236181	-9.2889447236181	-9.2889447236181	-9.2889447236181	-9.2889447236181	-9.2889447236181	-9.2889447236181	-9.2889447236181	-9.2889447236181	-9.2889447236181	-9.2889447236181	-9.2889447236181	-9.2889447236181	-9.2889447236181	-9.2889447236181	-9.2889447236181	-9.2889447236181	-9.2889447236181	-9.2889447236181
-9.072864321608	-9.072864321608	-9.072864321608	-9.072864321608	-9.072864321608	-9.072864321608	-9.072864321608	-9.072864321608	-9.072864321608	-9.072864321608	-9.072864321608	-9.072864321608	-9.072864321608	-9.072864321608	-9.072864321608	-9.072864321608	-9.072864321608	-9.072864321608	-9.072864321608	-9.072864321608	-9.072864321608	-9.072864321608	-9.072864321608	-9.072864321608	-9.072864321608	-9.072864321608	-9.072864321608	-9.072864321608	-9.072864321608	-9.072864321608	-9.072864321608	-9.072864321608	-9.072864321608	-9.072864321608	-9.072864321608	-9.072864321608	-9.072864321608	-9.072864321608	-9.072864321608	-9.072864321608	-9.072864321608	-9.072864321608	-9.072864321608	-9.072864321608	-9.072864321608	-9.072864321608	-9.072864321608	-9.072864321608	-9.072864321608	-9.072864321608	-9.072864321608	-9.072864321608	-9.072864321608	-9.072864321608	-9.072864321608	-9.072864321608	-9.072864321608	-9.072864321608	-9.072864321608	-9.072864321608	-9.072864321608	-9.072864321608	-9.072864321608	-9.072864321608	-9.072864321608	-9.072864321608	-9.072864321608	-9.072864321608	-9.072864321608	-9.072864321608	-9.072864321608	-9.072864321608	-9.072864321608	-9.072864321608	-9.072864321608	-9.072864321608	-9.072864321608	-9.072864321608	-9.072864321608	-9.072864321608	-9.072864321608	-9.072864321608	-9.072864321608	-9.072864321608	-9.072864321608	-9.072864321608	-9.072864321608	-9.072864321608	-9.072864321608	-9.072864321608	-9.072864321608	-9.072864321608	-9.072864321608	-9.072864321608	-9.072864321608	-9.072864321608	-9.072864321608	-9.072864321608	-9.072864321608	-9.072864321608	-9.072864321608	-9.072864321608	-9.072864321608	-9.072864321608	-9.072864321608	-9.072864321608	-9.072864321608	-9.072864321608	-9.072864321608	-9.072864321608	-9.072864321608	-9.072864321608	-9.072864321608	-9.072864321608	-9.072864321608	-9.072864321608	-9.072864321608	-9.072864321608	-9.072864321608	-9.072864321608	-9.072864321608	-9.072864321608	-9.072864321608	-9.072864321608	-9.072864321608	-9.072864321608	-9.072864321608	-9.072864321608	-9.072864321608	-9.072864321608	-9.072864321608	-9.072864321608	-9.072864321608	-9.072864321608	-9.072864321608	-9.072864321608	-9.072864321608	-9.072864321608	-9.072864321608	-9.072864321608	-9.072864321608	-9.072864321608	-9.072864321608	-9.072864321608	-9.072864321608	-9.072864321608	-9.072864321608	-9.072864321608	-9.072864321608	-9.072864321608	-9.072864321608	-9.072864321608	-9.072864321608	-9.072864321608	-9.072864321608	-9.072864321608	-9.072864321608	-9.072864321608	-9.072864321608	-9.072864321608	-9.072864321608	-9.072864321608	-9.072864321608	-9.072864321608	-9.072864321608	-9.072864321608	-9.072864321608	-9.072864321608	-9.072864321608	-9.072864321608	-9.072864321608	-9.072864321608	-9.072864321608	-9.072864321608	-9.072864321608	-9.072864321608	-9.072864321608	-9.072864321608	-9.072864321608	-9.072864321608	-9.072864321608	-9.072864321608	-9.072864321608	-9.072864321608	-9.072864321608	-9.072864321608	-9.072864321608	-9.072864321608	-9.072864321608	-9.072864321608	-9.072864321608	-9.072864321608	-9.072864321608	-9.072864321608	-9.072864321608	-9.072864321608	-9.072864321608	-9.072864321608	-9.072864321608	-9.072864321608
-8.856783919598	-8.856783919598	-8.856783919598	-8.856783919598	-8.856783919598	-8.856783919598	-8.856783919598	-8.856783919598	-8.856783919598	-8.856783919598	-8.856783919598	-8.856783919598	-8.856783919598	-8.856783919598	-8.856783919598	-8.856783919598	-8.856783919598	-8.856783919598	-8.856783919598	-8.856783919598	-8.856783919598	-8.856783919598	-8.856783919598	-8.856783919598	-8.856783919598	-8.856783919598	-8.856783919598	-8.856783919598	-8.856783919598	-8.856783919598	-8.856783919598	-8.856783919598	-8.856783919598	-8.856783919598	-8.856783919598	-8.856783919598	-8.856783919598	-8.856783919598	-8.856783919598	-8.856783919598	-8.856783919598	-8.856783919598	-8.856783919598	-8.856783919598	-8.856783919598	-8.856783919598	-8.856783919598	-8.856783919598	-8.856783919598	-8.856783919598	-8.856783919598	-8.856783919598	-8.856783919598	-8.856783919598	-8.856783919598	-8.856783919598	-8.856783919598	-8.856783919598	-8.856783919598	-8.856783919598	-8.856783919598	-8.856783919598	-8.856783919598	-8.856783919598	-8.856783919598	-8.856783919598	-8.856783919598	-8.856783919598	-8.856783919598	-8.856783919598	-8.856783919598	-8.856783919598	-8.856783919598	-8.856783919598	-8.856783919598	-8.856783919598	-8.856783919598	-8.856783919598	-8.856783919598	-8.856783919598	-8.856783919598	-8.856783919598	-8.856783919598	-8.856783919598	-8.856783919598	-8.856783919598	-8.856783919598	-8.856783919598	-8.856783919598	-8.856783919598	-8.856783919598	-8.856783919598	-8.856783919598	-8.856783919598	-8.856783919598	-8.856783919598	-8.856783919598	-8.856783919598	-8.856783919598	-8.856783919598	-8.856783919598	-8.856783919598	-8.856783919598	-8.856783919598	-8.856783919598	-8.856783919598	-8.856783919598	-8.856783919598	-8.856783919598	-8.856783919598	-8.856783919598	-8.856783919598	-8.856783919598	-8.856783919598	-8.856783919598	-8.856783919598	-8.856783919598	-8.856783919598	-8.856783919598	-8.856783919598	-8.856783919598	-8.856783919598	-8.856783919598	-8.856783919598	-8.856783919598	-8.856783919598	-8.856783919598	-8.856783919598	-8.856783919598	-8.856783919598	-8.856783919598	-8.856783919598	-8.856783919598	-8.856783919598	-8.856783919598	-8.856783919598	-8.856783919598	-8.856783919598	-8.856783919598	-8.856783919598	-8.856783919598	-8.856783919598	-8.856783919598	-8.856783919598	-8.856783919598	-8.856783919598	-8.856783919598	-8.856783919598	-8.856783919598	-8.856783919598	-8.856783919598	-8.856783919598	-8.856783919598	-8.856783919598	-8.856783919598	-8.856783919598	-8.856783919598	-8.856783919598	-8.856783919598	-8.856783919598	-8.856783919598	-8.856783919598	-8.856783919598	-8.856783919598	-8.856783919598	-8.856783919598	-8.856783919598	-8.856783919598	-8.856783919598	-8.856783919598	-8.856783919598	-8.856783919598	-8.856783919598	-8.856783919598	-8.856783919598	-8.856783919598	-8.856783919598	-8.856783919598	-8.856783919598	-8.856783919598	-8.856783919598	-8.856783919598	-8.856783919598	-8.856783919598	-8.856783919598	-8.856783919598	-8.856783919598	-8.856783919598	-8.856783919598	-8.856783919598	-8.856783919598	-8.856783919598	-8.856783919598	-8.856783919598	-8.856783919598	-8.856783919598	-8.856783919598	-8.856783919598	-8.856783919598	-8.856783919598
-8.6407035175879	-8.6407035175879	-8.6407035175879	-8.6407035175879	-8.6407035175879	-8.6407035175879	-8.6407035175879	-8.6407035175879	-8.6407035175879	-8.6407035175879	-8.6407035175879	-8.6407035175879	-8.6407035175879	-8.6407035175879	-8.6407035175879	-8.6407035175879	-8.6407035175879	-8.6407035175879	-8.6407035175879	-8.6407035175879	-8.6407035175879	-8.6407035175879	-8.6407035175879	-8.6407035175879	-8.6407035175879	-8.6407035175879	-8.6407035175879	-8.6407035175879	-8.6407035175879	-8.6407035175879	-8.6407035175879	-8.6407035175879	-8.6407035175879	-8.6407035175879	-8.6407035175879	-8.6407035175879	-8.6407035175879	-8.6407035175879	-8.6407035175879	-8.6407035175879	-8.6407035175879	-8.6407035175879	-8.6407035175879	-8.6407035175879	-8.6407035175879	-8.6407035175879	-8.6407035175879	-8.6407035175879	-8.6407035175879	-8.6407035175879	-8.6407035175879	-8.6407035175879	-8.6407035175879	-8.6407035175879	-8.6407035175879	-8.6407035175879	-8.6407035175879	-8.6407035175879	-8.6407035175879	-8.6407035175879	-8.6407035175879	-8.6407035175879	-8.6407035175879	-8.6407035175879	-8.6407035175879	-8.6407035175879	-8.6407035175879	-8.6407035175879	-8.6407035175879	-8.6407035175879	-8.6407035175879	-8.6407035175879	-8.6407035175879	-8.6407035175879	-8.6407035175879	-8.6407035175879	-8.6407035175879	-8.6407035175879	-8.6407035175879	-8.6407035175879	-8.6407035175879	-8.6407035175879	-8.6407035175879	-8.6407035175879	-8.6407035175879	-8.6407035175879	-8.6407035175879	-8.6407035175879	-8.6407035175879	-8.6407035175879	-8.6407035175879	-8.6407035175879	-8.6407035175879	-8.6407035175879	-8.6407035175879	-8.6407035175879	-8.6407035175879	-8.6407035175879	-8.6407035175879	-8.6407035175879	-8.6407035175879	-8.6407035175879	-8.6407035175879	-8.6407035175879	-8.6407035175879	-8.6407035175879	-8.6407035175879	-8.6407035175879	-8.6407035175879	-8.6407035175879	-8.6407035175879	-8.6407035175879	-8.6407035175879	-8.6407035175879	-8.6407035175879	-8.6407035175879	-8.6407035175879	-8.6407035175879	-8.6407035175879	-8.6407035175879	-8.6407035175879	-8.6407035175879	-8.6407035175879	-8.6407035175879	-8.6407035175879	-8.6407035175879	-8.6407035175879	-8.6407035175879	-8.6407035175879	-8.6407035175879	-8.6407035175879	-8.6407035175879	-8.6407035175879	-8.6407035175879	-8.6407035175879	-8.6407035175879	-8.6407035175879	-8.6407035175879	-8.6407035175879	-8.6407035175879	-8.6407035175879	-8.6407035175879	-8.6407035175879	-8.6407035175879	-8.6407035175879	-8.6407035175879	-8.6407035175879	-8.6407035175879	-8.6407035175879	-8.6407035175879	-8.6407035175879	-8.6407035175879	-8.6407035175879	-8.6407035175879	-8.6407035175879	-8.6407035175879	-8.6407035175879	-8.6407035175879	-8.6407035175879	-8.6407035175879	-8.6407035175879	-8.6407035175879	-8.6407035175879	-8.6407035175879	-8.6407035175879	-8.6407035175879	-8.6407035175879	-8.6407035175879	-8.6407035175879	-8.6407035175879	-8.6407035175879	-8.6407035175879	-8.6407035175879	-8.6407035175879	-8.6407035175879	-8.6407035175879	-8.6407035175879	-8.6407035175879	-8.6407035175879	-8.6407035175879	-8.6407035175879	-8.6407035175879	-8.6407035175879	-8.6407035175879	-8.6407035175879	-8.6407035175879	-8.6407035175879	-8.6407035175879	-8.6407035175879	-8.6407035175879	-8.6407035175879	-8.6407035175879	-8.6407035175879	-8.6407035175879	-8.6407035175879	-8.6407035175879	-8.6407035175879	-8.6407035175879	-8.6407035175879	-8.6407035175879
-8.4246231155779	-8.4246231155779	-8.4246231155779	-8.4246231155779	-8.4246231155779	-8.4246231155779	-8.4246231155779	-8.4246231155779	-8.4246231155779	-8.4246231155779	-8.4246231155779	-8.4246231155779	-8.4246231155779	-8.4246231155779	-8.4246231155779	-8.4246231155779	-8.4246231155779	-8.4246231155779	-8.4246231155779	-8.4246231155779	-8.4246231155779	-8.4246231155779	-8.4246231155779	-8.4246231155779	-8.4246231155779	-8.4246231155779	-8.4246231155779	-8.4246231155779	-8.4246231155779	-8.4246231155779	-8.4246231155779	-8.4246231155779	-8.4246231155779	-8.4246231155779	-8.4246231155779	-8.4246231155779	-8.4246231155779	-8.4246231155779	-8.4246231155779	-8.4246231155779	-8.4246231155779	-8.4246231155779	-8.4246231155779	-8.4246231155779	-8.4246231155779	-8.4246231155779	-8.4246231155779	-8.4246231155779	-8.4246231155779	-8.4246231155779	-8.4246231155779	-8.4246231155779	-8.4246231155779	-8.4246231155779	-8.4246231155779	-8.4246231155779	-8.4246231155779	-8.4246231155779	-8.4246231155779	-8.4246231155779	-8.4246231155779	-8.4246231155779	-8.4246231155779	-8.4246231155779	-8.4246231155779	-8.4246231155779	-8.4246231155779	-8.4246231155779	-8.4246231155779	-8.4246231155779	-8.4246231155779	-8.4246231155779	-8.4246231155779	-8.4246231155779	-8.4246231155779	-8.4246231155779	-8.4246231155779	-8.4246231155779	-8.4246231155779	-8.4246231155779	-8.4246231155779	-8.4246231155779	-8.4246231155779	-8.4246231155779	-8.4246231155779	-8.4246231155779	-8.4246231155779	-8.4246231155779	-8.4246231155779	-8.4246231155779	-8.4246231155779	-8.4246231155779	-8.4246231155779	-8.4246231155779	-8.4246231155779	-8.4246231155779	-8.4246231155779	-8.4246231155779	-8.4246231155779	-8.4246231155779	-8.4246231155779	-8.4246231155779	-8.4246231155779	-8.4246231155779	-8.4246231155779	-8.4246231155779	-8.4246231155779	-8.4246231155779	-8.4246231155779	-8.4246231155779	-8.4246231155779	-8.4246231155779	-8.4246231155779	-8.4246231155779	-8.4246231155779	-8.4246231155779	-8.4246231155779	-8.4246231155779	-8.4246231155779	-8.4246231155779	-8.4246231155779	-8.4246231155779	-8.4246231155779	-8.4246231155779	-8.4246231155779	-8.4246231155779	-8.4246231155779	-8.4246231155779	-8.4246231155779	-8.4246231155779	-8.4246231155779	-8.4246231155779	-8.4246231155779	-8.4246231155779	-8.4246231155779	-8.4246231155779	-8.4246231155779	-8.4246231155779	-8.4246231155779	-8.4246231155779	-8.4246231155779	-8.4246231155779	-8.4246231155779	-8.4246231155779	-8.4246231155779	-8.4246231155779	-8.4246231155779	-8.4246231155779	-8.4246231155779	-8.4246231155779	-8.4246231155779	-8.4246231155779	-8.4246231155779	-8.4246231155779	-8.4246231155779	-8.4246231155779	-8.4246231155779	-8.4246231155779	-8.4246231155779	-8.4246231155779	-8.4246231155779	-8.4246231155779	-8.4246231155779	-8.4246231155779	-8.4246231155779	-8.4246231155779	-8.4246231155779	-8.4246231155779	-8.4246231155779	-8.4246231155779	-8.4246231155779	-8.4246231155779	-8.4246231155779	-8.4246231155779	-8.4246231155779	-8.4246231155779	-8.4246231155779	-8.4246231155779	-8.4246231155779	-8.4246231155779	-8.4246231155779	-8.4246231155779	-8.4246231155779	-8.4246231155779	-8.4246231155779	-8.4246231155779	-8.4246231155779	-8.4246231155779	-8.4246231155779	-8.4246231155779	-8.4246231155779	-8.4246231155779	-8.4246231155779	-8.4246231155779	-8.4246231155779	-8.4246231155779	-8.4246231155779	-8.4246231155779	-8.4246231155779	-8.4246231155779
-8.2085427135678	-8.2085427135678	-8.2085427135678	-8.2085427135678	-8.2085427135678	-8.2085427135678	-8.2085427135678	-8.2085427135678	-8.2085427135678	-8.2085427135678	-8.2085427135678	-8.2085427135678	-8.2085427135678	-8.2085427135678	-8.2085427135678	-8.2085427135678	-8.2085427135678	-8.2085427135678	-8.2085427135678	-8.2085427135678	-8.2085427135678	-8.2085427135678	-8.2085427135678	-8.2085427135678	-8.2085427135678	-8.2085427135678	-8.2085427135678	-8.2085427135678	-8.2085427135678	-8.2085427135678	-8.2085427135678	-8.2085427135678	-8.2085427135678	-8.2085427135678	-8.2085427135678	-8.2085427135678	-8.2085427135678	-8.2085427135678	-8.2085427135678	-8.2085427135678	-8.2085427135678	-8.2085427135678	-8.2085427135678	-8.2085427135678	-8.2085427135678	-8.2085427135678	-8.2085427135678	-8.2085427135678	-8.2085427135678	-8.2085427135678	-8.2085427135678	-8.2085427135678	-8.2085427135678	-8.2085427135678	-8.2085427135678	-8.2085427135678	-8.2085427135678	-8.2085427135678	-8.2085427135678	-8.2085427135678	-8.2085427135678	-8.2085427135678	-8.2085427135678	-8.2085427135678	-8.2085427135678	-8.2085427135678	-8.2085427135678	-8.2085427135678	-8.2085427135678	-8.2085427135678	-8.2085427135678	-8.2085427135678	-8.2085427135678	-8.2085427135678	-8.2085427135678	-8.2085427135678	-8.2085427135678	-8.2085427135678	-8.2085427135678	-8.2085427135678	-8.2085427135678	-8.2085427135678	-8.2085427135678	-8.2085427135678	-8.2085427135678	-8.2085427135678	-8.2085427135678	-8.2085427135678	-8.2085427135678	-8.2085427135678	-8.2085427135678	-8.2085427135678	-8.2085427135678	-8.2085427135678	-8.2085427135678	-8.2085427135678	-8.2085427135678	-8.2085427135678	-8.2085427135678	-8.2085427135678	-8.2085427135678	-8.2085427135678	-8.2085427135678	-8.2085427135678	-8.2085427135678	-8.2085427135678	-8.2085427135678	-8.2085427135678	-8.2085427135678	-8.2085427135678	-8.2085427135678	-8.2085427135678	-8.2085427135678	-8.2085427135678	-8.2085427135678	-8.2085427135678	-8.2085427135678	-8.2085427135678	-8.2085427135678	-8.2085427135678	-8.2085427135678	-8.2085427135678	-8.2085427135678	-8.2085427135678	-8.2085427135678	-8.2085427135678	-8.2085427135678	-8.2085427135678	-8.2085427135678	-8.2085427135678	-8.2085427135678	-8.2085427135678	-8.2085427135678	-8.2085427135678	-8.2085427135678	-8.2085427135678	-8.2085427135678	-8.2085427135678	-8.2085427135678	-8.2085427135678	-8.2085427135678	-8.2085427135678	-8.2085427135678	-8.2085427135678	-8.2085427135678	-8.2085427135678	-8.2085427135678	-8.2085427135678	-8.2085427135678	-8.2085427135678	-8.2085427135678	-8.2085427135678	-8.2085427135678	-8.2085427135678	-8.2085427135678	-8.2085427135678	-8.2085427135678	-8.2085427135678	-8.2085427135678	-8.2085427135678	-8.2085427135678	-8.2085427135678	-8.2085427135678	-8.2085427135678	-8.2085427135678	-8.2085427135678	-8.2085427135678	-8.2085427135678	-8.2085427135678	-8.2085427135678	-8.2085427135678	-8.2085427135678	-8.2085427135678	-8.2085427135678	-8.2085427135678	-8.2085427135678	-8.2085427135678	-8.2085427135678	-8.2085427135678	-8.2085427135678	-8.2085427135678	-8.2085427135678	-8.2085427135678	-8.2085427135678	-8.2085427135678	-8.2085427135678	-8.2085427135678	-8.2085427135678	-8.2085427135678	-8.2085427135678	-8.2085427135678	-8.2085427135678	-8.2085427135678	-8.2085427135678	-8.2085427135678	-8.2085427135678	-8.2085427135678	-8.2085427135678	-8.2085427135678	-8.2085427135678
-7.9924623115578	-7.9924623115578	-7.9924623115578	-7.9924623115578	-7.9924623115578	-7.9924623115578	-7.9924623115578	-7.9924623115578	-7.9924623115578	-7.9924623115578	-7.9924623115578	-7.9924623115578	-7.9924623115578	-7.9924623115578	-7.9924623115578	-7.9924623115578	-7.9924623115578	-7.9924623115578	-7.9924623115578	-7.9924623115578	-7.9924623115578	-7.9924623115578	-7.9924623115578	-7.9924623115578	-7.9924623115578	-7.9924623115578	-7.9924623115578	-7.9924623115578	-7.9924623115578	-7.9924623115578	-7.9924623115578	-7.9924623115578	-7.9924623115578	-7.9924623115578	-7.9924623115578	-7.9924623115578	-7.9924623115578	-7.9924623115578	-7.9924623115578	-7.9924623115578	-7.9924623115578	-7.9924623115578	-7.9924623115578	-7.9924623115578	-7.9924623115578	-7.9924623115578	-7.9924623115578	-7.9924623115578	-7.9924623115578	-7.9924623115578	-7.9924623115578	-7.9924623115578	-7.9924623115578	-7.9924623115578	-7.9924623115578	-7.9924623115578	-7.9924623115578	-7.9924623115578	-7.9924623115578	-7.9924623115578	-7.9924623115578	-7.9924623115578	-7.9924623115578	-7.9924623115578	-7.9924623115578	-7.9924623115578	-7.9924623115578	-7.9924623115578	-7.9924623115578	-7.9924623115578	-7.9924623115578	-7.9924623115578	-7.9924623115578	-7.9924623115578	-7.9924623115578	-7.9924623115578	-7.9924623115578	-7.9924623115578	-7.9924623115578	-7.9924623115578	-7.9924623115578	-7.9924623115578	-7.9924623115578	-7.9924623115578	-7.9924623115578	-7.9924623115578	-7.9924623115578	-7.9924623115578	-7.9924623115578	-7.9924623115578	-7.9924623115578	-7.9924623115578	-7.9924623115578	-7.9924623115578	-7.9924623115578	-7.9924623115578	-7.9924623115578	-7.9924623115578	-7.9924623115578	-7.9924623115578	-7.9924623115578	-7.9924623115578	-7.9924623115578	-7.9924623115578	-7.9924623115578	-7.9924623115578	-7.9924623115578	-7.9924623115578	-7.9924623115578	-7.9924623115578	-7.9924623115578	-7.9924623115578	-7.9924623115578	-7.9924623115578	-7.9924623115578	-7.9924623115578	-7.9924623115578	-7.9924623115578	-7.9924623115578	-7.9924623115578	-7.9924623115578	-7.9924623115578	-7.9924623115578	-7.9924623115578	-7.9924623115578	-7.9924623115578	-7.9924623115578	-7.9924623115578	-7.9924623115578	-7.9924623115578	-7.9924623115578	-7.9924623115578	-7.9924623115578	-7.9924623115578	-7.9924623115578	-7.9924623115578	-7.9924623115578	-7.9924623115578	-7.9924623115578	-7.9924623115578	-7.9924623115578	-7.9924623115578	-7.9924623115578	-7.9924623115578	-7.9924623115578	-7.9924623115578	-7.9924623115578	-7.9924623115578	-7.9924623115578	-7.9924623115578	-7.9924623115578	-7.9924623115578	-7.9924623115578	-7.9924623115578	-7.9924623115578	-7.9924623115578	-7.9924623115578	-7.9924623115578	-7.9924623115578	-7.9924623115578	-7.9924623115578	-7.9924623115578	-7.9924623115578	-7.9924623115578	-7.9924623115578	-7.9924623115578	-7.9924623115578	-7.9924623115578	-7.9924623115578	-7.9924623115578	-7.9924623115578	-7.9924623115578	-7.9924623115578	-7.9924623115578	-7.9924623115578	-7.9924623115578	-7.9924623115578	-7.9924623115578	-7.9924623115578	-7.9924623115578	-7.9924623115578	-7.9924623115578	-7.9924623115578	-7.9924623115578	-7.9924623115578	-7.9924623115578	-7.9924623115578	-7.9924623115578	-7.9924623115578	-7.9924623115578	-7.9924623115578	-7.9924623115578	-7.9924623115578	-7.9924623115578	-7.9924623115578	-7.9924623115578	-7.9924623115578	-7.9924623115578	-7.9924623115578	-7.9924623115578
-7.7763819095477	-7.7763819095477	-7.7763819095477	-7.7763819095477	-7.7763819095477	-7.7763819095477	-7.7763819095477	-7.7763819095477	-7.7763819095477	-7.7763819095477	-7.7763819095477	-7.7763819095477	-7.7763819095477	-7.7763819095477	-7.7763819095477	-7.7763819095477	-7.7763819095477	-7.7763819095477	-7.7763819095477	-7.7763819095477	-7.7763819095477	-7.7763819095477	-7.7763819095477	-7.7763819095477	-7.7763819095477	-7.7763819095477	-7.7763819095477	-7.7763819095477	-7.7763819095477	-7.7763819095477	-7.7763819095477	-7.7763819095477	-7.7763819095477	-7.7763819095477	-7.7763819095477	-7.7763819095477	-7.7763819095477	-7.7763819095477	-7.7763819095477	-7.7763819095477	-7.7763819095477	-7.7763819095477	-7.7763819095477	-7.7763819095477	-7.7763819095477	-7.7763819095477	-7.7763819095477	-7.7763819095477	-7.7763819095477	-7.7763819095477	-7.7763819095477	-7.7763819095477	-7.7763819095477	-7.7763819095477	-7.7763819095477	-7.7763819095477	-7.7763819095477	-7.7763819095477	-7.7763819095477	-7.7763819095477	-7.7763819095477	-7.7763819095477	-7.7763819095477	-7.7763819095477	-7.7763819095477	-7.7763819095477	-7.7763819095477	-7.7763819095477	-7.7763819095477	-7.7763819095477	-7.7763819095477	-7.7763819095477	-7.7763819095477	-7.7763819095477	-7.7763819095477	-7.7763819095477	-7.7763819095477	-7.7763819095477	-7.7763819095477	-7.7763819095477	-7.7763819095477	-7.7763819095477	-7.7763819095477	-7.7763819095477	-7.7763819095477	-7.7763819095477	-7.7763819095477	-7.7763819095477	-7.7763819095477	-7.7763819095477	-7.7763819095477	-7.7763819095477	-7.7763819095477	-7.7763819095477	-7.7763819095477	-7.7763819095477	-7.7763819095477	-7.7763819095477	-7.7763819095477	-7.7763819095477	-7.7763819095477	-7.7763819095477	-7.7763819095477	-7.7763819095477	-7.7763819095477	-7.7763819095477	-7.7763819095477	-7.7763819095477	-7.7763819095477	-7.7763819095477	-7.7763819095477	-7.7763819095477	-7.7763819095477	-7.7763819095477	-7.7763819095477	-7.7763819095477	-7.7763819095477	-7.7763819095477	-7.7763819095477	-7.7763819095477	-7.7763819095477	-7.7763819095477	-7.7763819095477	-7.7763819095477	-7.7763819095477	-7.7763819095477	-7.7763819095477	-7.7763819095477	-7.7763819095477	-7.7763819095477	-7.7763819095477	-7.7763819095477	-7.7763819095477	-7.7763819095477	-7.7763819095477	-7.7763819095477	-7.7763819095477	-7.7763819095477	-7.7763819095477	-7.7763819095477	-7.7763819095477	-7.7763819095477	-7.7763819095477	-7.7763819095477	-7.7763819095477	-7.7763819095477	-7.7763819095477	-7.7763819095477	-7.7763819095477	-7.7763819095477	-7.7763819095477	-7.7763819095477	-7.7763819095477	-7.7763819095477	-7.7763819095477	-7.7763819095477	-7.7763819095477	-7.7763819095477	-7.7763819095477	-7.7763819095477	-7.7763819095477	-7.7763819095477	-7.7763819095477	-7.7763819095477	-7.7763819095477	-7.7763819095477	-7.7763819095477	-7.7763819095477	-7.7763819095477	-7.7763819095477	-7.7763819095477	-7.7763819095477	-7.7763819095477	-7.7763819095477	-7.7763819095477	-7.7763819095477	-7.7763819095477	-7.7763819095477	-7.7763819095477	-7.7763819095477	-7.7763819095477	-7.7763819095477	-7.7763819095477	-7.7763819095477	-7.7763819095477	-7.7763819095477	-7.7763819095477	-7.7763819095477	-7.7763819095477	-7.7763819095477	-7.7763819095477	-7.7763819095477	-7.7763819095477	-7.7763819095477	-7.7763819095477	-7.7763819095477	-7.7763819095477	-7.7763819095477	-7.7763819095477	-7.7763819095477
-7.5603015075377	-7.5603015075377	-7.5603015075377	-7.5603015075377	-7.5603015075377	-7.5603015075377	-7.5603015075377	-7.5603015075377	-7.5603015075377	-7.5603015075377	-7.5603015075377	-7.5603015075377	-7.5603015075377	-7.5603015075377	-7.5603015075377	-7.5603015075377	-7.5603015075377	-7.5603015075377	-7.5603015075377	-7.5603015075377	-7.5603015075377	-7.5603015075377	-7.5603015075377	-7.5603015075377	-7.5603015075377	-7.5603015075377	-7.5603015075377	-7.5603015075377	-7.5603015075377	-7.5603015075377	-7.5603015075377	-7.5603015075377	-7.5603015075377	-7.5603015075377	-7.5603015075377	-7.5603015075377	-7.5603015075377	-7.5603015075377	-7.5603015075377	-7.5603015075377	-7.5603015075377	-7.5603015075377	-7.5603015075377	-7.5603015075377	-7.5603015075377	-7.5603015075377	-7.5603015075377	-7.5603015075377	-7.5603015075377	-7.5603015075377	-7.5603015075377	-7.5603015075377	-7.5603015075377	-7.5603015075377	-7.5603015075377	-7.5603015075377	-7.5603015075377	-7.5603015075377	-7.5603015075377	-7.5603015075377	-7.5603015075377	-7.5603015075377	-7.5603015075377	-7.5603015075377	-7.5603015075377	-7.5603015075377	-7.5603015075377	-7.5603015075377	-7.5603015075377	-7.5603015075377	-7.5603015075377	-7.5603015075377	-7.5603015075377	-7.5603015075377	-7.5603015075377	-7.5603015075377	-7.5603015075377	-7.5603015075377	-7.5603015075377	-7.5603015075377	-7.5603015075377	-7.5603015075377	-7.5603015075377	-7.5603015075377	-7.5603015075377	-7.5603015075377	-7.5603015075377	-7.5603015075377	-7.5603015075377	-7.5603015075377	-7.5603015075377	-7.5603015075377	-7.5603015075377	-7.5603015075377	-7.5603015075377	-7.5603015075377	-7.5603015075377	-7.5603015075377	-7.5603015075377	-7.5603015075377	-7.5603015075377	-7.5603015075377	-7.5603015075377	-7.5603015075377	-7.5603015075377	-7.5603015075377	-7.5603015075377	-7.5603015075377	-7.5603015075377	-7.5603015075377	-7.5603015075377	-7.5603015075377	-7.5603015075377	-7.5603015075377	-7.5603015075377	-7.5603015075377	-7.5603015075377	-7.5603015075377	-7.5603015075377	-7.5603015075377	-7.5603015075377	-7.5603015075377	-7.5603015075377	-7.5603015075377	-7.5603015075377	-7.5603015075377	-7.5603015075377	-7.5603015075377	-7.5603015075377	-7.5603015075377	-7.5603015075377	-7.5603015075377	-7.5603015075377	-7.5603015075377	-7.5603015075377	-7.5603015075377	-7.5603015075377	-7.5603015075377	-7.5603015075377	-7.5603015075377	-7.5603015075377	-7.5603015075377	-7.5603015075377	-7.5603015075377	-7.5603015075377	-7.5603015075377	-7.5603015075377	-7.5603015075377	-7.5603015075377	-7.5603015075377	-7.5603015075377	-7.5603015075377	-7.5603015075377	-7.5603015075377	-7.5603015075377	-7.5603015075377	-7.5603015075377	-7.5603015075377	-7.5603015075377	-7.5603015075377	-7.5603015075377	-7.5603015075377	-7.5603015075377	-7.5603015075377	-7.5603015075377	-7.5603015075377	-7.5603015075377	-7.5603015075377	-7.5603015075377	-7.5603015075377	-7.5603015075377	-7.5603015075377	-7.5603015075377	-7.5603015075377	-7.5603015075377	-7.5603015075377	-7.5603015075377	-7.5603015075377	-7.5603015075377	-7.5603015075377	-7.5603015075377	-7.5603015075377	-7.5603015075377	-7.5603015075377	-7.5603015075377	-7.5603015075377	-7.5603015075377	-7.5603015075377	-7.5603015075377	-7.5603015075377	-7.5603015075377	-7.5603015075377	-7.5603015075377	-7.5603015075377	-7.5603015075377	-7.5603015075377	-7.5603015075377	-7.5603015075377	-7.5603015075377	-7.5603015075377
-7.3442211055276	-7.3442211055276	-7.3442211055276	-7.3442211055276	-7.3442211055276	-7.3442211055276	-7.3442211055276	-7.3442211055276	-7.3442211055276	-7.3442211055276	-7.3442211055276	-7.3442211055276	-7.3442211055276	-7.3442211055276	-7.3442211055276	-7.3442211055276	-7.3442211055276	-7.3442211055276	-7.3442211055276	-7.3442211055276	-7.3442211055276	-7.3442211055276	-7.3442211055276	-7.3442211055276	-7.3442211055276	-7.3442211055276	-7.3442211055276	-7.3442211055276	-7.3442211055276	-7.3442211055276	-7.3442211055276	-7.3442211055276	-7.3442211055276	-7.3442211055276	-7.3442211055276	-7.3442211055276	-7.3442211055276	-7.3442211055276	-7.3442211055276	-7.3442211055276	-7.3442211055276	-7.3442211055276	-7.3442211055276	-7.3442211055276	-7.3442211055276	-7.3442211055276	-7.3442211055276	-7.3442211055276	-7.3442211055276	-7.3442211055276	-7.3442211055276	-7.3442211055276	-7.3442211055276	-7.3442211055276	-7.3442211055276	-7.3442211055276	-7.3442211055276	-7.3442211055276	-7.3442211055276	-7.3442211055276	-7.3442211055276	-7.3442211055276	-7.3442211055276	-7.3442211055276	-7.3442211055276	-7.3442211055276	-7.3442211055276	-7.3442211055276	-7.3442211055276	-7.3442211055276	-7.3442211055276	-7.3442211055276	-7.3442211055276	-7.3442211055276	-7.3442211055276	-7.3442211055276	-7.3442211055276	-7.3442211055276	-7.3442211055276	-7.3442211055276	-7.3442211055276	-7.3442211055276	-7.3442211055276	-7.3442211055276	-7.3442211055276	-7.3442211055276	-7.3442211055276	-7.3442211055276	-7.3442211055276	-7.3442211055276	-7.3442211055276	-7.3442211055276	-7.3442211055276	-7.3442211055276	-7.3442211055276	-7.3442211055276	-7.3442211055276	-7.3442211055276	-7.3442211055276	-7.3442211055276	-7.3442211055276	-7.3442211055276	-7.3442211055276	-7.3442211055276	-7.3442211055276	-7.3442211055276	-7.3442211055276	-7.3442211055276	-7.3442211055276	-7.3442211055276	-7.3442211055276	-7.3442211055276	-7.3442211055276	-7.3442211055276	-7.3442211055276	-7.3442211055276	-7.3442211055276	-7.3442211055276	-7.3442211055276	-7.3442211055276	-7.3442211055276	-7.3442211055276	-7.3442211055276	-7.3442211055276	-7.3442211055276	-7.3442211055276	-7.3442211055276	-7.3442211055276	-7.3442211055276	-7.3442211055276	-7.3442211055276	-7.3442211055276	-7.3442211055276	-7.3442211055276	-7.3442211055276	-7.3442211055276	-7.3442211055276	-7.3442211055276	-7.3442211055276	-7.3442211055276	-7.3442211055276	-7.3442211055276	-7.3442211055276	-7.3442211055276	-7.3442211055276	-7.3442211055276	-7.3442211055276	-7.3442211055276	-7.3442211055276	-7.3442211055276	-7.3442211055276	-7.3442211055276	-7.3442211055276	-7.3442211055276	-7.3442211055276	-7.3442211055276	-7.3442211055276	-7.3442211055276	-7.3442211055276	-7.3442211055276	-7.3442211055276	-7.3442211055276	-7.3442211055276	-7.3442211055276	-7.3442211055276	-7.3442211055276	-7.3442211055276	-7.3442211055276	-7.3442211055276	-7.3442211055276	-7.3442211055276	-7.3442211055276	-7.3442211055276	-7.3442211055276	-7.3442211055276	-7.3442211055276	-7.3442211055276	-7.3442211055276	-7.3442211055276	-7.3442211055276	-7.3442211055276	-7.3442211055276	-7.3442211055276	-7.3442211055276	-7.3442211055276	-7.3442211055276	-7.3442211055276	-7.3442211055276	-7.3442211055276	-7.3442211055276	-7.3442211055276	-7.3442211055276	-7.3442211055276	-7.3442211055276	-7.3442211055276	-7.3442211055276	-7.3442211055276	-7.3442211055276	-7.3442211055276	-7.3442211055276
-7.1281407035176	-7.1281407035176	-7.1281407035176	-7.1281407035176	-7.1281407035176	-7.1281407035176	-7.1281407035176	-7.1281407035176	-7.1281407035176	-7.1281407035176	-7.1281407035176	-7.1281407035176	-7.1281407035176	-7.1281407035176	-7.1281407035176	-7.1281407035176	-7.1281407035176	-7.1281407035176	-7.1281407035176	-7.1281407035176	-7.1281407035176	-7.1281407035176	-7.1281407035176	-7.1281407035176	-7.1281407035176	-7.1281407035176	-7.1281407035176	-7.1281407035176	-7.1281407035176	-7.1281407035176	-7.1281407035176	-7.1281407035176	-7.1281407035176	-7.1281407035176	-7.1281407035176	-7.1281407035176	-7.1281407035176	-7.1281407035176	-7.1281407035176	-7.1281407035176	-7.1281407035176	-7.1281407035176	-7.1281407035176	-7.1281407035176	-7.1281407035176	-7.1281407035176	-7.1281407035176	-7.1281407035176	-7.1281407035176	-7.1281407035176	-7.1281407035176	-7.1281407035176	-7.1281407035176	-7.1281407035176	-7.1281407035176	-7.1281407035176	-7.1281407035176	-7.1281407035176	-7.1281407035176	-7.1281407035176	-7.1281407035176	-7.1281407035176	-7.1281407035176	-7.1281407035176	-7.1281407035176	-7.1281407035176	-7.1281407035176	-7.1281407035176	-7.1281407035176	-7.1281407035176	-7.1281407035176	-7.1281407035176	-7.1281407035176	-7.1281407035176	-7.1281407035176	-7.1281407035176	-7.1281407035176	-7.1281407035176	-7.1281407035176	-7.1281407035176	-7.1281407035176	-7.1281407035176	-7.1281407035176	-7.1281407035176	-7.1281407035176	-7.1281407035176	-7.1281407035176	-7.1281407035176	-7.1281407035176	-7.1281407035176	-7.1281407035176	-7.1281407035176	-7.1281407035176	-7.1281407035176	-7.1281407035176	-7.1281407035176	-7.1281407035176	-7.1281407035176	-7.1281407035176	-7.1281407035176	-7.1281407035176	-7.1281407035176	-7.1281407035176	-7.1281407035176	-7.1281407035176	-7.1281407035176	-7.1281407035176	-7.1281407035176	-7.1281407035176	-7.1281407035176	-7.1281407035176	-7.1281407035176	-7.1281407035176	-7.1281407035176	-7.1281407035176	-7.1281407035176	-7.1281407035176	-7.1281407035176	-7.1281407035176	-7.1281407035176	-7.1281407035176	-7.1281407035176	-7.1281407035176	-7.1281407035176	-7.1281407035176	-7.1281407035176	-7.1281407035176	-7.1281407035176	-7.1281407035176	-7.1281407035176	-7.1281407035176	-7.1281407035176	-7.1281407035176	-7.1281407035176	-7.1281407035176	-7.1281407035176	-7.1281407035176	-7.1281407035176	-7.1281407035176	-7.1281407035176	-7.1281407035176	-7.1281407035176	-7.1281407035176	-7.1281407035176	-7.1281407035176	-7.1281407035176	-7.1281407035176	-7.1281407035176	-7.1281407035176	-7.1281407035176	-7.1281407035176	-7.1281407035176	-7.1281407035176	-7.1281407035176	-7.1281407035176	-7.1281407035176	-7.1281407035176	-7.1281407035176	-7.1281407035176	-7.1281407035176	-7.1281407035176	-7.1281407035176	-7.1281407035176	-7.1281407035176	-7.1281407035176	-7.1281407035176	-7.1281407035176	-7.1281407035176	-7.1281407035176	-7.1281407035176	-7.1281407035176	-7.1281407035176	-7.1281407035176	-7.1281407035176	-7.1281407035176	-7.1281407035176	-7.1281407035176	-7.1281407035176	-7.1281407035176	-7.1281407035176	-7.1281407035176	-7.1281407035176	-7.1281407035176	-7.1281407035176	-7.1281407035176	-7.1281407035176	-7.1281407035176	-7.1281407035176	-7.1281407035176	-7.1281407035176	-7.1281407035176	-7.1281407035176	-7.1281407035176	-7.1281407035176	-7.1281407035176	-7.1281407035176	-7.1281407035176	-7.1281407035176	-7.1281407035176	-7.1281407035176
-6.9120603015075	-6.9120603015075	-6.9120603015075	-6.9120603015075	-6.9120603015075	-6.9120603015075	-6.9120603015075	-6.9120603015075	-6.9120603015075	-6.9120603015075	-6.9120603015075	-6.9120603015075	-6.9120603015075	-6.9120603015075	-6.9120603015075	-6.9120603015075	-6.9120603015075	-6.9120603015075	-6.9120603015075	-6.9120603015075	-6.9120603015075	-6.9120603015075	-6.9120603015075	-6.9120603015075	-6.9120603015075	-6.9120603015075	-6.9120603015075	-6.9120603015075	-6.9120603015075	-6.9120603015075	-6.9120603015075	-6.9120603015075	-6.9120603015075	-6.9120603015075	-6.9120603015075	-6.9120603015075	-6.9120603015075	-6.9120603015075	-6.9120603015075	-6.9120603015075	-6.9120603015075	-6.9120603015075	-6.9120603015075	-6.9120603015075	-6.9120603015075	-6.9120603015075	-6.9120603015075	-6.9120603015075	-6.9120603015075	-6.9120603015075	-6.9120603015075	-6.9120603015075	-6.9120603015075	-6.9120603015075	-6.9120603015075	-6.9120603015075	-6.9120603015075	-6.9120603015075	-6.9120603015075	-6.9120603015075	-6.9120603015075	-6.9120603015075	-6.9120603015075	-6.9120603015075	-6.9120603015075	-6.9120603015075	-6.9120603015075	-6.9120603015075	-6.9120603015075	-6.9120603015075	-6.9120603015075	-6.9120603015075	-6.9120603015075	-6.9120603015075	-6.9120603015075	-6.9120603015075	-6.9120603015075	-6.9120603015075	-6.9120603015075	-6.9120603015075	-6.9120603015075	-6.9120603015075	-6.9120603015075	-6.9120603015075	-6.9120603015075	-6.9120603015075	-6.9120603015075	-6.9120603015075	-6.9120603015075	-6.9120603015075	-6.9120603015075	-6.9120603015075	-6.9120603015075	-6.9120603015075	-6.9120603015075	-6.9120603015075	-6.9120603015075	-6.9120603015075	-6.9120603015075	-6.9120603015075	-6.9120603015075	-6.9120603015075	-6.9120603015075	-6.9120603015075	-6.9120603015075	-6.9120603015075	-6.9120603015075	-6.9120603015075	-6.9120603015075	-6.9120603015075	-6.9120603015075	-6.9120603015075	-6.9120603015075	-6.9120603015075	-6.9120603015075	-6.9120603015075	-6.9120603015075	-6.9120603015075	-6.9120603015075	-6.9120603015075	-6.9120603015075	-6.9120603015075	-6.9120603015075	-6.9120603015075	-6.9120603015075	-6.9120603015075	-6.9120603015075	-6.9120603015075	-6.9120603015075	-6.9120603015075	-6.9120603015075	-6.9120603015075	-6.9120603015075	-6.9120603015075	-6.9120603015075	-6.9120603015075	-6.9120603015075	-6.9120603015075	-6.9120603015075	-6.9120603015075	-6.9120603015075	-6.9120603015075	-6.9120603015075	-6.9120603015075	-6.9120603015075	-6.9120603015075	-6.9120603015075	-6.9120603015075	-6.9120603015075	-6.9120603015075	-6.9120603015075	-6.9120603015075	-6.9120603015075	-6.9120603015075	-6.9120603015075	-6.9120603015075	-6.9120603015075	-6.9120603015075	-6.9120603015075	-6.9120603015075	-6.9120603015075	-6.9120603015075	-6.9120603015075	-6.9120603015075	-6.9120603015075	-6.9120603015075	-6.9120603015075	-6.9120603015075	-6.9120603015075	-6.9120603015075	-6.9120603015075	-6.9120603015075	-6.9120603015075	-6.9120603015075	-6.9120603015075	-6.9120603015075	-6.9120603015075	-6.9120603015075	-6.9120603015075	-6.9120603015075	-6.9120603015075	-6.9120603015075	-6.9120603015075	-6.9120603015075	-6.9120603015075	-6.9120603015075	-6.9120603015075	-6.9120603015075	-6.9120603015075	-6.9120603015075	-6.9120603015075	-6.9120603015075	-6.9120603015075	-6.9120603015075	-6.9120603015075	-6.9120603015075	-6.9120603015075	-6.9120603015075	-6.9120603015075	-6.9120603015075
-6.6959798994975	-6.6959798994975	-6.6959798994975	-6.6959798994975	-6.6959798994975	-6.6959798994975	-6.6959798994975	-6.6959798994975	-6.6959798994975	-6.6959798994975	-6.6959798994975	-6.6959798994975	-6.6959798994975	-6.6959798994975	-6.6959798994975	-6.6959798994975	-6.6959798994975	-6.6959798994975	-6.6959798994975	-6.6959798994975	-6.6959798994975	-6.6959798994975	-6.6959798994975	-6.6959798994975	-6.6959798994975	-6.6959798994975	-6.6959798994975	-6.6959798994975	-6.6959798994975	-6.6959798994975	-6.6959798994975	-6.6959798994975	-6.6959798994975	-6.6959798994975	-6.6959798994975	-6.6959798994975	-6.6959798994975	-6.6959798994975	-6.6959798994975	-6.6959798994975	-6.6959798994975	-6.6959798994975	-6.6959798994975	-6.6959798994975	-6.6959798994975	-6.6959798994975	-6.6959798994975	-6.6959798994975	-6.6959798994975	-6.6959798994975	-6.6959798994975	-6.6959798994975	-6.6959798994975	-6.6959798994975	-6.6959798994975	-6.6959798994975	-6.6959798994975	-6.6959798994975	-6.6959798994975	-6.6959798994975	-6.6959798994975	-6.6959798994975	-6.6959798994975	-6.6959798994975	-6.6959798994975	-6.6959798994975	-6.6959798994975	-6.6959798994975	-6.6959798994975	-6.6959798994975	-6.6959798994975	-6.6959798994975	-6.6959798994975	-6.6959798994975	-6.6959798994975	-6.6959798994975	-6.6959798994975	-6.6959798994975	-6.6959798994975	-6.6959798994975	-6.6959798994975	-6.6959798994975	-6.6959798994975	-6.6959798994975	-6.6959798994975	-6.6959798994975	-6.6959798994975	-6.6959798994975	-6.6959798994975	-6.6959798994975	-6.6959798994975	-6.6959798994975	-6.6959798994975	-6.6959798994975	-6.6959798994975	-6.6959798994975	-6.6959798994975	-6.6959798994975	-6.6959798994975	-6.6959798994975	-6.6959798994975	-6.6959798994975	-6.6959798994975	-6.6959798994975	-6.6959798994975	-6.6959798994975	-6.6959798994975	-6.6959798994975	-6.6959798994975	-6.6959798994975	-6.6959798994975	-6.6959798994975	-6.6959798994975	-6.6959798994975	-6.6959798994975	-6.6959798994975	-6.6959798994975	-6.6959798994975	-6.6959798994975	-6.6959798994975	-6.6959798994975	-6.6959798994975	-6.6959798994975	-6.6959798994975	-6.6959798994975	-6.6959798994975	-6.6959798994975	-6.6959798994975	-6.6959798994975	-6.6959798994975	-6.6959798994975	-6.6959798994975	-6.6959798994975	-6.6959798994975	-6.6959798994975	-6.6959798994975	-6.6959798994975	-6.6959798994975	-6.6959798994975	-6.6959798994975	-6.6959798994975	-6.6959798994975	-6.6959798994975	-6.6959798994975	-6.6959798994975	-6.6959798994975	-6.6959798994975	-6.6959798994975	-6.6959798994975	-6.6959798994975	-6.6959798994975	-6.6959798994975	-6.6959798994975	-6.6959798994975	-6.6959798994975	-6.6959798994975	-6.6959798994975	-6.6959798994975	-6.6959798994975	-6.6959798994975	-6.6959798994975	-6.6959798994975	-6.6959798994975	-6.6959798994975	-6.6959798994975	-6.6959798994975	-6.6959798994975	-6.6959798994975	-6.6959798994975	-6.6959798994975	-6.6959798994975	-6.6959798994975	-6.6959798994975	-6.6959798994975	-6.6959798994975	-6.6959798994975	-6.6959798994975	-6.6959798994975	-6.6959798994975	-6.6959798994975	-6.6959798994975	-6.6959798994975	-6.6959798994975	-6.6959798994975	-6.6959798994975	-6.6959798994975	-6.6959798994975	-6.6959798994975	-6.6959798994975	-6.6959798994975	-6.6959798994975	-6.6959798994975	-6.6959798994975	-6.6959798994975	-6.6959798994975	-6.6959798994975	-6.6959798994975	-6.6959798994975	-6.6959798994975	-6.6959798994975
-6.4798994974874	-6.4798994974874	-6.4798994974874	-6.4798994974874	-6.4798994974874	-6.4798994974874	-6.4798994974874	-6.4798994974874	-6.4798994974874	-6.4798994974874	-6.4798994974874	-6.4798994974874	-6.4798994974874	-6.4798994974874	-6.4798994974874	-6.4798994974874	-6.4798994974874	-6.4798994974874	-6.4798994974874	-6.4798994974874	-6.4798994974874	-6.4798994974874	-6.4798994974874	-6.4798994974874	-6.4798994974874	-6.4798994974874	-6.4798994974874	-6.4798994974874	-6.4798994974874	-6.4798994974874	-6.4798994974874	-6.4798994974874	-6.4798994974874	-6.4798994974874	-6.4798994974874	-6.4798994974874	-6.4798994974874	-6.4798994974874	-6.4798994974874	-6.4798994974874	-6.4798994974874	-6.4798994974874	-6.4798994974874	-6.4798994974874	-6.4798994974874	-6.4798994974874	-6.4798994974874	-6.4798994974874	-6.4798994974874	-6.4798994974874	-6.4798994974874	-6.4798994974874	-6.4798994974874	-6.4798994974874	-6.4798994974874	-6.4798994974874	-6.4798994974874	-6.4798994974874	-6.4798994974874	-6.4798994974874	-6.4798994974874	-6.4798994974874	-6.4798994974874	-6.4798994974874	-6.4798994974874	-6.4798994974874	-6.4798994974874	-6.4798994974874	-6.4798994974874	-6.4798994974874	-6.4798994974874	-6.4798994974874	-6.4798994974874	-6.4798994974874	-6.4798994974874	-6.4798994974874	-6.4798994974874	-6.4798994974874	-6.4798994974874	-6.4798994974874	-6.4798994974874	-6.4798994974874	-6.4798994974874	-6.4798994974874	-6.4798994974874	-6.4798994974874	-6.4798994974874	-6.4798994974874	-6.4798994974874	-6.4798994974874	-6.4798994974874	-6.4798994974874	-6.4798994974874	-6.4798994974874	-6.4798994974874	-6.4798994974874	-6.4798994974874	-6.4798994974874	-6.4798994974874	-6.4798994974874	-6.4798994974874	-6.4798994974874	-6.4798994974874	-6.4798994974874	-6.4798994974874	-6.4798994974874	-6.4798994974874	-6.4798994974874	-6.4798994974874	-6.4798994974874	-6.4798994974874	-6.4798994974874	-6.4798994974874	-6.4798994974874	-6.4798994974874	-6.4798994974874	-6.4798994974874	-6.4798994974874	-6.4798994974874	-6.4798994974874	-6.4798994974874	-6.4798994974874	-6.4798994974874	-6.4798994974874	-6.4798994974874	-6.4798994974874	-6.4798994974874	-6.4798994974874	-6.4798994974874	-6.4798994974874	-6.4798994974874	-6.4798994974874	-6.4798994974874	-6.4798994974874	-6.4798994974874	-6.4798994974874	-6.4798994974874	-6.4798994974874	-6.4798994974874	-6.4798994974874	-6.4798994974874	-6.4798994974874	-6.4798994974874	-6.4798994974874	-6.4798994974874	-6.4798994974874	-6.4798994974874	-6.4798994974874	-6.4798994974874	-6.4798994974874	-6.4798994974874	-6.4798994974874	-6.4798994974874	-6.4798994974874	-6.4798994974874	-6.4798994974874	-6.4798994974874	-6.4798994974874	-6.4798994974874	-6.4798994974874	-6.4798994974874	-6.4798994974874	-6.4798994974874	-6.4798994974874	-6.4798994974874	-6.4798994974874	-6.4798994974874	-6.4798994974874	-6.4798994974874	-6.4798994974874	-6.4798994974874	-6.4798994974874	-6.4798994974874	-6.4798994974874	-6.4798994974874	-6.4798994974874	-6.4798994974874	-6.4798994974874	-6.4798994974874	-6.4798994974874	-6.4798994974874	-6.4798994974874	-6.4798994974874	-6.4798994974874	-6.4798994974874	-6.4798994974874	-6.4798994974874	-6.4798994974874	-6.4798994974874	-6.4798994974874	-6.4798994974874	-6.4798994974874	-6.4798994974874	-6.4798994974874	-6.4798994974874	-6.4798994974874	-6.4798994974874	-6.4798994974874	-6.4798994974874	-6.4798994974874
-6.2638190954774	-6.2638190954774	-6.2638190954774	-6.2638190954774	-6.2638190954774	-6.2638190954774	-6.2638190954774	-6.2638190954774	-6.2638190954774	-6.2638190954774	-6.2638190954774	-6.2638190954774	-6.2638190954774	-6.2638190954774	-6.2638190954774	-6.2638190954774	-6.2638190954774	-6.2638190954774	-6.2638190954774	-6.2638190954774	-6.2638190954774	-6.2638190954774	-6.2638190954774	-6.2638190954774	-6.2638190954774	-6.2638190954774	-6.2638190954774	-6.2638190954774	-6.2638190954774	-6.2638190954774	-6.2638190954774	-6.2638190954774	-6.2638190954774	-6.2638190954774	-6.2638190954774	-6.2638190954774	-6.2638190954774	-6.2638190954774	-6.2638190954774	-6.2638190954774	-6.2638190954774	-6.2638190954774	-6.2638190954774	-6.2638190954774	-6.2638190954774	-6.2638190954774	-6.2638190954774	-6.2638190954774	-6.2638190954774	-6.2638190954774	-6.2638190954774	-6.2638190954774	-6.2638190954774	-6.2638190954774	-6.2638190954774	-6.2638190954774	-6.2638190954774	-6.2638190954774	-6.2638190954774	-6.2638190954774	-6.2638190954774	-6.2638190954774	-6.2638190954774	-6.2638190954774	-6.2638190954774	-6.2638190954774	-6.2638190954774	-6.2638190954774	-6.2638190954774	-6.2638190954774	-6.2638190954774	-6.2638190954774	-6.2638190954774	-6.2638190954774	-6.2638190954774	-6.2638190954774	-6.2638190954774	-6.2638190954774	-6.2638190954774	-6.2638190954774	-6.2638190954774	-6.2638190954774	-6.2638190954774	-6.2638190954774	-6.2638190954774	-6.2638190954774	-6.2638190954774	-6.2638190954774	-6.2638190954774	-6.2638190954774	-6.2638190954774	-6.2638190954774	-6.2638190954774	-6.2638190954774	-6.2638190954774	-6.2638190954774	-6.2638190954774	-6.2638190954774	-6.2638190954774	-6.2638190954774	-6.2638190954774	-6.2638190954774	-6.2638190954774	-6.2638190954774	-6.2638190954774	-6.2638190954774	-6.2638190954774	-6.2638190954774	-6.2638190954774	-6.2638190954774	-6.2638190954774	-6.2638190954774	-6.2638190954774	-6.2638190954774	-6.2638190954774	-6.2638190954774	-6.2638190954774	-6.2638190954774	-6.2638190954774	-6.2638190954774	-6.2638190954774	-6.2638190954774	-6.2638190954774	-6.2638190954774	-6.2638190954774	-6.2638190954774	-6.2638190954774	-6.2638190954774	-6.2638190954774	-6.2638190954774	-6.2638190954774	-6.2638190954774	-6.2638190954774	-6.2638190954774	-6.2638190954774	-6.2638190954774	-6.2638190954774	-6.2638190954774	-6.2638190954774	-6.2638190954774	-6.2638190954774	-6.2638190954774	-6.2638190954774	-6.2638190954774	-6.2638190954774	-6.2638190954774	-6.2638190954774	-6.2638190954774	-6.2638190954774	-6.2638190954774	-6.2638190954774	-6.2638190954774	-6.2638190954774	-6.2638190954774	-6.2638190954774	-6.2638190954774	-6.2638190954774	-6.2638190954774	-6.2638190954774	-6.2638190954774	-6.2638190954774	-6.2638190954774	-6.2638190954774	-6.2638190954774	-6.2638190954774	-6.2638190954774	-6.2638190954774	-6.2638190954774	-6.2638190954774	-6.2638190954774	-6.2638190954774	-6.2638190954774	-6.2638190954774	-6.2638190954774	-6.2638190954774	-6.2638190954774	-6.2638190954774	-6.2638190954774	-6.2638190954774	-6.2638190954774	-6.2638190954774	-6.2638190954774	-6.2638190954774	-6.2638190954774	-6.2638190954774	-6.2638190954774	-6.2638190954774	-6.2638190954774	-6.2638190954774	-6.2638190954774	-6.2638190954774	-6.2638190954774	-6.2638190954774	-6.2638190954774	-6.2638190954774	-6.2638190954774	-6.2638190954774	-6.2638190954774	-6.2638190954774	-6.2638190954774
-6.0477386934673	-6.0477386934673	-6.0477386934673	-6.0477386934673	-6.0477386934673	-6.0477386934673	-6.0477386934673	-6.0477386934673	-6.0477386934673	-6.0477386934673	-6.0477386934673	-6.0477386934673	-6.0477386934673	-6.0477386934673	-6.0477386934673	-6.0477386934673	-6.0477386934673	-6.0477386934673	-6.0477386934673	-6.0477386934673	-6.0477386934673	-6.0477386934673	-6.0477386934673	-6.0477386934673	-6.0477386934673	-6.0477386934673	-6.0477386934673	-6.0477386934673	-6.0477386934673	-6.0477386934673	-6.0477386934673	-6.0477386934673	-6.0477386934673	-6.0477386934673	-6.0477386934673	-6.0477386934673	-6.0477386934673	-6.0477386934673	-6.0477386934673	-6.0477386934673	-6.0477386934673	-6.0477386934673	-6.0477386934673	-6.0477386934673	-6.0477386934673	-6.0477386934673	-6.0477386934673	-6.0477386934673	-6.0477386934673	-6.0477386934673	-6.0477386934673	-6.0477386934673	-6.0477386934673	-6.0477386934673	-6.0477386934673	-6.0477386934673	-6.0477386934673	-6.0477386934673	-6.0477386934673	-6.0477386934673	-6.0477386934673	-6.0477386934673	-6.0477386934673	-6.0477386934673	-6.0477386934673	-6.0477386934673	-6.0477386934673	-6.0477386934673	-6.0477386934673	-6.0477386934673	-6.0477386934673	-6.0477386934673	-6.0477386934673	-6.0477386934673	-6.0477386934673	-6.0477386934673	-6.0477386934673	-6.0477386934673	-6.0477386934673	-6.0477386934673	-6.0477386934673	-6.0477386934673	-6.0477386934673	-6.0477386934673	-6.0477386934673	-6.0477386934673	-6.0477386934673	-6.0477386934673	-6.0477386934673	-6.0477386934673	-6.0477386934673	-6.0477386934673	-6.0477386934673	-6.0477386934673	-6.0477386934673	-6.0477386934673	-6.0477386934673	-6.0477386934673	-6.0477386934673	-6.0477386934673	-6.0477386934673	-6.0477386934673	-6.0477386934673	-6.0477386934673	-6.0477386934673	-6.0477386934673	-6.0477386934673	-6.0477386934673	-6.0477386934673	-6.0477386934673	-6.0477386934673	-6.0477386934673	-6.0477386934673	-6.0477386934673	-6.0477386934673	-6.0477386934673	-6.0477386934673	-6.0477386934673	-6.0477386934673	-6.0477386934673	-6.0477386934673	-6.0477386934673	-6.0477386934673	-6.0477386934673	-6.0477386934673	-6.0477386934673	-6.0477386934673	-6.0477386934673	-6.0477386934673	-6.0477386934673	-6.0477386934673	-6.0477386934673	-6.0477386934673	-6.0477386934673	-6.0477386934673	-6.0477386934673	-6.0477386934673	-6.0477386934673	-6.0477386934673	-6.0477386934673	-6.0477386934673	-6.0477386934673	-6.0477386934673	-6.0477386934673	-6.0477386934673	-6.0477386934673	-6.0477386934673	-6.0477386934673	-6.0477386934673	-6.0477386934673	-6.0477386934673	-6.0477386934673	-6.0477386934673	-6.0477386934673	-6.0477386934673	-6.0477386934673	-6.0477386934673	-6.0477386934673	-6.0477386934673	-6.0477386934673	-6.0477386934673	-6.0477386934673	-6.0477386934673	-6.0477386934673	-6.0477386934673	-6.0477386934673	-6.0477386934673	-6.0477386934673	-6.0477386934673	-6.0477386934673	-6.0477386934673	-6.0477386934673	-6.0477386934673	-6.0477386934673	-6.0477386934673	-6.0477386934673	-6.0477386934673	-6.0477386934673	-6.0477386934673	-6.0477386934673	-6.0477386934673	-6.0477386934673	-6.0477386934673	-6.0477386934673	-6.0477386934673	-6.0477386934673	-6.0477386934673	-6.0477386934673	-6.0477386934673	-6.0477386934673	-6.0477386934673	-6.0477386934673	-6.0477386934673	-6.0477386934673	-6.0477386934673	-6.0477386934673	-6.0477386934673	-6.0477386934673	-6.0477386934673	-6.0477386934673
-5.8316582914573	-5.8316582914573	-5.8316582914573	-5.8316582914573	-5.8316582914573	-5.8316582914573	-5.8316582914573	-5.8316582914573	-5.8316582914573	-5.8316582914573	-5.8316582914573	-5.8316582914573	-5.8316582914573	-5.8316582914573	-5.8316582914573	-5.8316582914573	-5.8316582914573	-5.8316582914573	-5.8316582914573	-5.8316582914573	-5.8316582914573	-5.8316582914573	-5.8316582914573	-5.8316582914573	-5.8316582914573	-5.8316582914573	-5.8316582914573	-5.8316582914573	-5.8316582914573	-5.8316582914573	-5.8316582914573	-5.8316582914573	-5.8316582914573	-5.8316582914573	-5.8316582914573	-5.8316582914573	-5.8316582914573	-5.8316582914573	-5.8316582914573	-5.8316582914573	-5.8316582914573	-5.8316582914573	-5.8316582914573	-5.8316582914573	-5.8316582914573	-5.8316582914573	-5.8316582914573	-5.8316582914573	-5.8316582914573	-5.8316582914573	-5.8316582914573	-5.8316582914573	-5.8316582914573	-5.8316582914573	-5.8316582914573	-5.8316582914573	-5.8316582914573	-5.8316582914573	-5.8316582914573	-5.8316582914573	-5.8316582914573	-5.8316582914573	-5.8316582914573	-5.8316582914573	-5.8316582914573	-5.8316582914573	-5.8316582914573	-5.8316582914573	-5.8316582914573	-5.8316582914573	-5.8316582914573	-5.8316582914573	-5.8316582914573	-5.8316582914573	-5.8316582914573	-5.8316582914573	-5.8316582914573	-5.8316582914573	-5.8316582914573	-5.8316582914573	-5.8316582914573	-5.8316582914573	-5.8316582914573	-5.8316582914573	-5.8316582914573	-5.8316582914573	-5.8316582914573	-5.8316582914573	-5.8316582914573	-5.8316582914573	-5.8316582914573	-5.8316582914573	-5.8316582914573	-5.8316582914573	-5.8316582914573	-5.8316582914573	-5.8316582914573	-5.8316582914573	-5.8316582914573	-5.8316582914573	-5.8316582914573	-5.8316582914573	-5.8316582914573	-5.8316582914573	-5.8316582914573	-5.8316582914573	-5.8316582914573	-5.8316582914573	-5.8316582914573	-5.8316582914573	-5.8316582914573	-5.8316582914573	-5.8316582914573	-5.8316582914573	-5.8316582914573	-5.8316582914573	-5.8316582914573	-5.8316582914573	-5.8316582914573	-5.8316582914573	-5.8316582914573	-5.8316582914573	-5.8316582914573	-5.8316582914573	-5.8316582914573	-5.8316582914573	-5.8316582914573	-5.8316582914573	-5.8316582914573	-5.8316582914573	-5.8316582914573	-5.8316582914573	-5.8316582914573	-5.8316582914573	-5.8316582914573	-5.8316582914573	-5.8316582914573	-5.8316582914573	-5.8316582914573	-5.8316582914573	-5.8316582914573	-5.8316582914573	-5.8316582914573	-5.8316582914573	-5.8316582914573	-5.8316582914573	-5.8316582914573	-5.8316582914573	-5.8316582914573	-5.8316582914573	-5.8316582914573	-5.8316582914573	-5.8316582914573	-5.8316582914573	-5.8316582914573	-5.8316582914573	-5.8316582914573	-5.8316582914573	-5.8316582914573	-5.8316582914573	-5.8316582914573	-5.8316582914573	-5.8316582914573	-5.8316582914573	-5.8316582914573	-5.8316582914573	-5.8316582914573	-5.8316582914573	-5.8316582914573	-5.8316582914573	-5.8316582914573	-5.8316582914573	-5.8316582914573	-5.8316582914573	-5.8316582914573	-5.8316582914573	-5.8316582914573	-5.8316582914573	-5.8316582914573	-5.8316582914573	-5.8316582914573	-5.8316582914573	-5.8316582914573	-5.8316582914573	-5.8316582914573	-5.8316582914573	-5.8316582914573	-5.8316582914573	-5.8316582914573	-5.8316582914573	-5.8316582914573	-5.8316582914573	-5.8316582914573	-5.8316582914573	-5.8316582914573	-5.8316582914573	-5.8316582914573	-5.8316582914573	-5.8316582914573	-5.8316582914573
-5.6155778894472	-5.6155778894472	-5.6155778894472	-5.6155778894472	-5.6155778894472	-5.6155778894472	-5.6155778894472	-5.6155778894472	-5.6155778894472	-5.6155778894472	-5.6155778894472	-5.6155778894472	-5.6155778894472	-5.6155778894472	-5.6155778894472	-5.6155778894472	-5.6155778894472	-5.6155778894472	-5.6155778894472	-5.6155778894472	-5.6155778894472	-5.6155778894472	-5.6155778894472	-5.6155778894472	-5.6155778894472	-5.6155778894472	-5.6155778894472	-5.6155778894472	-5.6155778894472	-5.6155778894472	-5.6155778894472	-5.6155778894472	-5.6155778894472	-5.6155778894472	-5.6155778894472	-5.6155778894472	-5.6155778894472	-5.6155778894472	-5.6155778894472	-5.6155778894472	-5.6155778894472	-5.6155778894472	-5.6155778894472	-5.6155778894472	-5.6155778894472	-5.6155778894472	-5.6155778894472	-5.6155778894472	-5.6155778894472	-5.6155778894472	-5.6155778894472	-5.6155778894472	-5.6155778894472	-5.6155778894472	-5.6155778894472	-5.6155778894472	-5.6155778894472	-5.6155778894472	-5.6155778894472	-5.6155778894472	-5.6155778894472	-5.6155778894472	-5.6155778894472	-5.6155778894472	-5.6155778894472	-5.6155778894472	-5.6155778894472	-5.6155778894472	-5.6155778894472	-5.6155778894472	-5.6155778894472	-5.6155778894472	-5.6155778894472	-5.6155778894472	-5.6155778894472	-5.6155778894472	-5.6155778894472	-5.6155778894472	-5.6155778894472	-5.6155778894472	-5.6155778894472	-5.6155778894472	-5.6155778894472	-5.6155778894472	-5.6155778894472	-5.6155778894472	-5.6155778894472	-5.6155778894472	-5.6155778894472	-5.6155778894472	-5.6155778894472	-5.6155778894472	-5.6155778894472	-5.6155778894472	-5.6155778894472	-5.6155778894472	-5.6155778894472	-5.6155778894472	-5.6155778894472	-5.6155778894472	-5.6155778894472	-5.6155778894472	-5.6155778894472	-5.6155778894472	-5.6155778894472	-5.6155778894472	-5.6155778894472	-5.6155778894472	-5.6155778894472	-5.6155778894472	-5.6155778894472	-5.6155778894472	-5.6155778894472	-5.6155778894472	-5.6155778894472	-5.6155778894472	-5.6155778894472	-5.6155778894472	-5.6155778894472	-5.6155778894472	-5.6155778894472	-5.6155778894472	-5.6155778894472	-5.6155778894472	-5.6155778894472	-5.6155778894472	-5.6155778894472	-5.6155778894472	-5.6155778894472	-5.6155778894472	-5.6155778894472	-5.6155778894472	-5.6155778894472	-5.6155778894472	-5.6155778894472	-5.6155778894472	-5.6155778894472	-5.6155778894472	-5.6155778894472	-5.6155778894472	-5.6155778894472	-5.6155778894472	-5.6155778894472	-5.6155778894472	-5.6155778894472	-5.6155778894472	-5.6155778894472	-5.6155778894472	-5.6155778894472	-5.6155778894472	-5.6155778894472	-5.6155778894472	-5.6155778894472	-5.6155778894472	-5.6155778894472	-5.6155778894472	-5.6155778894472	-5.6155778894472	-5.6155778894472	-5.6155778894472	-5.6155778894472	-5.6155778894472	-5.6155778894472	-5.6155778894472	-5.6155778894472	-5.6155778894472	-5.6155778894472	-5.6155778894472	-5.6155778894472	-5.6155778894472	-5.6155778894472	-5.6155778894472	-5.6155778894472	-5.6155778894472	-5.6155778894472	-5.6155778894472	-5.6155778894472	-5.6155778894472	-5.6155778894472	-5.6155778894472	-5.6155778894472	-5.6155778894472	-5.6155778894472	-5.6155778894472	-5.6155778894472	-5.6155778894472	-5.6155778894472	-5.6155778894472	-5.6155778894472	-5.6155778894472	-5.6155778894472	-5.6155778894472	-5.6155778894472	-5.6155778894472	-5.6155778894472	-5.6155778894472	-5.6155778894472	-5.6155778894472	-5.6155778894472	-5.6155778894472
-5.3994974874372	-5.3994974874372	-5.3994974874372	-5.3994974874372	-5.3994974874372	-5.3994974874372	-5.3994974874372	-5.3994974874372	-5.3994974874372	-5.3994974874372	-5.3994974874372	-5.3994974874372	-5.3994974874372	-5.3994974874372	-5.3994974874372	-5.3994974874372	-5.3994974874372	-5.3994974874372	-5.3994974874372	-5.3994974874372	-5.3994974874372	-5.3994974874372	-5.3994974874372	-5.3994974874372	-5.3994974874372	-5.3994974874372	-5.3994974874372	-5.3994974874372	-5.3994974874372	-5.3994974874372	-5.3994974874372	-5.3994974874372	-5.3994974874372	-5.3994974874372	-5.3994974874372	-5.3994974874372	-5.3994974874372	-5.3994974874372	-5.3994974874372	-5.3994974874372	-5.3994974874372	-5.3994974874372	-5.3994974874372	-5.3994974874372	-5.3994974874372	-5.3994974874372	-5.3994974874372	-5.3994974874372	-5.3994974874372	-5.3994974874372	-5.3994974874372	-5.3994974874372	-5.3994974874372	-5.3994974874372	-5.3994974874372	-5.3994974874372	-5.3994974874372	-5.3994974874372	-5.3994974874372	-5.3994974874372	-5.3994974874372	-5.3994974874372	-5.3994974874372	-5.3994974874372	-5.3994974874372	-5.3994974874372	-5.3994974874372	-5.3994974874372	-5.3994974874372	-5.3994974874372	-5.3994974874372	-5.3994974874372	-5.3994974874372	-5.3994974874372	-5.3994974874372	-5.3994974874372	-5.3994974874372	-5.3994974874372	-5.3994974874372	-5.3994974874372	-5.3994974874372	-5.3994974874372	-5.3994974874372	-5.3994974874372	-5.3994974874372	-5.3994974874372	-5.3994974874372	-5.3994974874372	-5.3994974874372	-5.3994974874372	-5.3994974874372	-5.3994974874372	-5.3994974874372	-5.3994974874372	-5.3994974874372	-5.3994974874372	-5.3994974874372	-5.3994974874372	-5.3994974874372	-5.3994974874372	-5.3994974874372	-5.3994974874372	-5.3994974874372	-5.3994974874372	-5.3994974874372	-5.3994974874372	-5.3994974874372	-5.3994974874372	-5.3994974874372	-5.3994974874372	-5.3994974874372	-5.3994974874372	-5.3994974874372	-5.3994974874372	-5.3994974874372	-5.3994974874372	-5.3994974874372	-5.3994974874372	-5.3994974874372	-5.3994974874372	-5.3994974874372	-5.3994974874372	-5.3994974874372	-5.3994974874372	-5.3994974874372	-5.3994974874372	-5.3994974874372	-5.3994974874372	-5.3994974874372	-5.3994974874372	-5.3994974874372	-5.3994974874372	-5.3994974874372	-5.3994974874372	-5.3994974874372	-5.3994974874372	-5.3994974874372	-5.3994974874372	-5.3994974874372	-5.3994974874372	-5.3994974874372	-5.3994974874372	-5.3994974874372	-5.3994974874372	-5.3994974874372	-5.3994974874372	-5.3994974874372	-5.3994974874372	-5.3994974874372	-5.3994974874372	-5.3994974874372	-5.3994974874372	-5.3994974874372	-5.3994974874372	-5.3994974874372	-5.3994974874372	-5.3994974874372	-5.3994974874372	-5.3994974874372	-5.3994974874372	-5.3994974874372	-5.3994974874372	-5.3994974874372	-5.3994974874372	-5.3994974874372	-5.3994974874372	-5.3994974874372	-5.3994974874372	-5.3994974874372	-5.3994974874372	-5.3994974874372	-5.3994974874372	-5.3994974874372	-5.3994974874372	-5.3994974874372	-5.3994974874372	-5.3994974874372	-5.3994974874372	-5.3994974874372	-5.3994974874372	-5.3994974874372	-5.3994974874372	-5.3994974874372	-5.3994974874372	-5.3994974874372	-5.3994974874372	-5.3994974874372	-5.3994974874372	-5.3994974874372	-5.3994974874372	-5.3994974874372	-5.3994974874372	-5.3994974874372	-5.3994974874372	-5.3994974874372	-5.3994974874372	-5.3994974874372	-5.3994974874372	-5.3994974874372	-5.3994974874372
-5.1834170854271	-5.1834170854271	-5.1834170854271	-5.1834170854271	-5.1834170854271	-5.1834170854271	-5.1834170854271	-5.1834170854271	-5.1834170854271	-5.1834170854271	-5.1834170854271	-5.1834170854271	-5.1834170854271	-5.1834170854271	-5.1834170854271	-5.1834170854271	-5.1834170854271	-5.1834170854271	-5.1834170854271	-5.1834170854271	-5.1834170854271	-5.1834170854271	-5.1834170854271	-5.1834170854271	-5.1834170854271	-5.1834170854271	-5.1834170854271	-5.1834170854271	-5.1834170854271	-5.1834170854271	-5.1834170854271	-5.1834170854271	-5.1834170854271	-5.1834170854271	-5.1834170854271	-5.1834170854271	-5.1834170854271	-5.1834170854271	-5.1834170854271	-5.1834170854271	-5.1834170854271	-5.1834170854271	-5.1834170854271	-5.1834170854271	-5.1834170854271	-5.1834170854271	-5.1834170854271	-5.1834170854271	-5.1834170854271	-5.1834170854271	-5.1834170854271	-5.1834170854271	-5.1834170854271	-5.1834170854271	-5.1834170854271	-5.1834170854271	-5.1834170854271	-5.1834170854271	-5.1834170854271	-5.1834170854271	-5.1834170854271	-5.1834170854271	-5.1834170854271	-5.1834170854271	-5.1834170854271	-5.1834170854271	-5.1834170854271	-5.1834170854271	-5.1834170854271	-5.1834170854271	-5.1834170854271	-5.1834170854271	-5.1834170854271	-5.1834170854271	-5.1834170854271	-5.1834170854271	-5.1834170854271	-5.1834170854271	-5.1834170854271	-5.1834170854271	-5.1834170854271	-5.1834170854271	-5.1834170854271	-5.1834170854271	-5.1834170854271	-5.1834170854271	-5.1834170854271	-5.1834170854271	-5.1834170854271	-5.1834170854271	-5.1834170854271	-5.1834170854271	-5.1834170854271	-5.1834170854271	-5.1834170854271	-5.1834170854271	-5.1834170854271	-5.1834170854271	-5.1834170854271	-5.1834170854271	-5.1834170854271	-5.1834170854271	-5.1834170854271	-5.1834170854271	-5.1834170854271	-5.1834170854271	-5.1834170854271	-5.1834170854271	-5.1834170854271	-5.1834170854271	-5.1834170854271	-5.1834170854271	-5.1834170854271	-5.1834170854271	-5.1834170854271	-5.1834170854271	-5.1834170854271	-5.1834170854271	-5.1834170854271	-5.1834170854271	-5.1834170854271	-5.1834170854271	-5.1834170854271	-5.1834170854271	-5.1834170854271	-5.1834170854271	-5.1834170854271	-5.1834170854271	-5.1834170854271	-5.1834170854271	-5.1834170854271	-5.1834170854271	-5.1834170854271	-5.1834170854271	-5.1834170854271	-5.1834170854271	-5.1834170854271	-5.1834170854271	-5.1834170854271	-5.1834170854271	-5.1834170854271	-5.1834170854271	-5.1834170854271	-5.1834170854271	-5.1834170854271	-5.1834170854271	-5.1834170854271	-5.1834170854271	-5.1834170854271	-5.1834170854271	-5.1834170854271	-5.1834170854271	-5.1834170854271	-5.1834170854271	-5.1834170854271	-5.1834170854271	-5.1834170854271	-5.1834170854271	-5.1834170854271	-5.1834170854271	-5.1834170854271	-5.1834170854271	-5.1834170854271	-5.1834170854271	-5.1834170854271	-5.1834170854271	-5.1834170854271	-5.1834170854271	-5.1834170854271	-5.1834170854271	-5.1834170854271	-5.1834170854271	-5.1834170854271	-5.1834170854271	-5.1834170854271	-5.1834170854271	-5.1834170854271	-5.1834170854271	-5.1834170854271	-5.1834170854271	-5.1834170854271	-5.1834170854271	-5.1834170854271	-5.1834170854271	-5.1834170854271	-5.1834170854271	-5.1834170854271	-5.1834170854271	-5.1834170854271	-5.1834170854271	-5.1834170854271	-5.1834170854271	-5.1834170854271	-5.1834170854271	-5.1834170854271	-5.1834170854271	-5.1834170854271	-5.1834170854271	-5.1834170854271	-5.1834170854271
-4.9673366834171	-4.9673366834171	-4.9673366834171	-4.9673366834171	-4.9673366834171	-4.9673366834171	-4.9673366834171	-4.9673366834171	-4.9673366834171	-4.9673366834171	-4.9673366834171	-4.9673366834171	-4.9673366834171	-4.9673366834171	-4.9673366834171	-4.9673366834171	-4.9673366834171	-4.9673366834171	-4.9673366834171	-4.9673366834171	-4.9673366834171	-4.9673366834171	-4.9673366834171	-4.9673366834171	-4.9673366834171	-4.9673366834171	-4.9673366834171	-4.9673366834171	-4.9673366834171	-4.9673366834171	-4.9673366834171	-4.9673366834171	-4.9673366834171	-4.9673366834171	-4.9673366834171	-4.9673366834171	-4.9673366834171	-4.9673366834171	-4.9673366834171	-4.9673366834171	-4.9673366834171	-4.9673366834171	-4.9673366834171	-4.9673366834171	-4.9673366834171	-4.9673366834171	-4.9673366834171	-4.9673366834171	-4.9673366834171	-4.9673366834171	-4.9673366834171	-4.9673366834171	-4.9673366834171	-4.9673366834171	-4.9673366834171	-4.9673366834171	-4.9673366834171	-4.9673366834171	-4.9673366834171	-4.9673366834171	-4.9673366834171	-4.9673366834171	-4.9673366834171	-4.9673366834171	-4.9673366834171	-4.9673366834171	-4.9673366834171	-4.9673366834171	-4.9673366834171	-4.9673366834171	-4.9673366834171	-4.9673366834171	-4.9673366834171	-4.9673366834171	-4.9673366834171	-4.9673366834171	-4.9673366834171	-4.9673366834171	-4.9673366834171	-4.9673366834171	-4.9673366834171	-4.9673366834171	-4.9673366834171	-4.9673366834171	-4.9673366834171	-4.9673366834171	-4.9673366834171	-4.9673366834171	-4.9673366834171	-4.9673366834171	-4.9673366834171	-4.9673366834171	-4.9673366834171	-4.9673366834171	-4.9673366834171	-4.9673366834171	-4.9673366834171	-4.9673366834171	-4.9673366834171	-4.9673366834171	-4.9673366834171	-4.9673366834171	-4.9673366834171	-4.9673366834171	-4.9673366834171	-4.9673366834171	-4.9673366834171	-4.9673366834171	-4.9673366834171	-4.9673366834171	-4.9673366834171	-4.9673366834171	-4.9673366834171	-4.9673366834171	-4.9673366834171	-4.9673366834171	-4.9673366834171	-4.9673366834171	-4.9673366834171	-4.9673366834171	-4.9673366834171	-4.9673366834171	-4.9673366834171	-4.9673366834171	-4.9673366834171	-4.9673366834171	-4.9673366834171	-4.9673366834171	-4.9673366834171	-4.9673366834171	-4.9673366834171	-4.9673366834171	-4.9673366834171	-4.9673366834171	-4.9673366834171	-4.9673366834171	-4.9673366834171	-4.9673366834171	-4.9673366834171	-4.9673366834171	-4.9673366834171	-4.9673366834171	-4.9673366834171	-4.9673366834171	-4.9673366834171	-4.9673366834171	-4.9673366834171	-4.9673366834171	-4.9673366834171	-4.9673366834171	-4.9673366834171	-4.9673366834171	-4.9673366834171	-4.9673366834171	-4.9673366834171	-4.9673366834171	-4.9673366834171	-4.9673366834171	-4.9673366834171	-4.9673366834171	-4.9673366834171	-4.9673366834171	-4.9673366834171	-4.9673366834171	-4.9673366834171	-4.9673366834171	-4.9673366834171	-4.9673366834171	-4.9673366834171	-4.9673366834171	-4.9673366834171	-4.9673366834171	-4.9673366834171	-4.9673366834171	-4.9673366834171	-4.9673366834171	-4.9673366834171	-4.9673366834171	-4.9673366834171	-4.9673366834171	-4.9673366834171	-4.9673366834171	-4.9673366834171	-4.9673366834171	-4.9673366834171	-4.9673366834171	-4.9673366834171	-4.9673366834171	-4.9673366834171	-4.9673366834171	-4.9673366834171	-4.9673366834171	-4.9673366834171	-4.9673366834171	-4.9673366834171	-4.9673366834171	-4.9673366834171	-4.9673366834171	-4.9673366834171	-4.9673366834171
-4.751256281407	-4.751256281407	-4.751256281407	-4.751256281407	-4.751256281407	-4.751256281407	-4.751256281407	-4.751256281407	-4.751256281407	-4.751256281407	-4.751256281407	-4.751256281407	-4.751256281407	-4.751256281407	-4.751256281407	-4.751256281407	-4.751256281407	-4.751256281407	-4.751256281407	-4.751256281407	-4.751256281407	-4.751256281407	-4.751256281407	-4.751256281407	-4.751256281407	-4.751256281407	-4.751256281407	-4.751256281407	-4.751256281407	-4.751256281407	-4.751256281407	-4.751256281407	-4.751256281407	-4.751256281407	-4.751256281407	-4.751256281407	-4.751256281407	-4.751256281407	-4.751256281407	-4.751256281407	-4.751256281407	-4.751256281407	-4.751256281407	-4.751256281407	-4.751256281407	-4.751256281407	-4.751256281407	-4.751256281407	-4.751256281407	-4.751256281407	-4.751256281407	-4.751256281407	-4.751256281407	-4.751256281407	-4.751256281407	-4.751256281407	-4.751256281407	-4.751256281407	-4.751256281407	-4.751256281407	-4.751256281407	-4.751256281407	-4.751256281407	-4.751256281407	-4.751256281407	-4.751256281407	-4.751256281407	-4.751256281407	-4.751256281407	-4.751256281407	-4.751256281407	-4.751256281407	-4.751256281407	-4.751256281407	-4.751256281407	-4.751256281407	-4.751256281407	-4.751256281407	-4.751256281407	-4.751256281407	-4.751256281407	-4.751256281407	-4.751256281407	-4.751256281407	-4.751256281407	-4.751256281407	-4.751256281407	-4.751256281407	-4.751256281407	-4.751256281407	-4.751256281407	-4.751256281407	-4.751256281407	-4.751256281407	-4.751256281407	-4.751256281407	-4.751256281407	-4.751256281407	-4.751256281407	-4.751256281407	-4.751256281407	-4.751256281407	-4.751256281407	-4.751256281407	-4.751256281407	-4.751256281407	-4.751256281407	-4.751256281407	-4.751256281407	-4.751256281407	-4.751256281407	-4.751256281407	-4.751256281407	-4.751256281407	-4.751256281407	-4.751256281407	-4.751256281407	-4.751256281407	-4.751256281407	-4.751256281407	-4.751256281407	-4.751256281407	-4.751256281407	-4.751256281407	-4.751256281407	-4.751256281407	-4.751256281407	-4.751256281407	-4.751256281407	-4.751256281407	-4.751256281407	-4.751256281407	-4.751256281407	-4.751256281407	-4.751256281407	-4.751256281407	-4.751256281407	-4.751256281407	-4.751256281407	-4.751256281407	-4.751256281407	-4.751256281407	-4.751256281407	-4.751256281407	-4.751256281407	-4.751256281407	-4.751256281407	-4.751256281407	-4.751256281407	-4.751256281407	-4.751256281407	-4.751256281407	-4.751256281407	-4.751256281407	-4.751256281407	-4.751256281407	-4.751256281407	-4.751256281407	-4.751256281407	-4.751256281407	-4.751256281407	-4.751256281407	-4.751256281407	-4.751256281407	-4.751256281407	-4.751256281407	-4.751256281407	-4.751256281407	-4.751256281407	-4.751256281407	-4.751256281407	-4.751256281407	-4.751256281407	-4.751256281407	-4.751256281407	-4.751256281407	-4.751256281407	-4.751256281407	-4.751256281407	-4.751256281407	-4.751256281407	-4.751256281407	-4.751256281407	-4.751256281407	-4.751256281407	-4.751256281407	-4.751256281407	-4.751256281407	-4.751256281407	-4.751256281407	-4.751256281407	-4.751256281407	-4.751256281407	-4.751256281407	-4.751256281407	-4.751256281407	-4.751256281407	-4.751256281407	-4.751256281407	-4.751256281407
-4.535175879397	-4.535175879397	-4.535175879397	-4.535175879397	-4.535175879397	-4.535175879397	-4.535175879397	-4.535175879397	-4.535175879397	-4.535175879397	-4.535175879397	-4.535175879397	-4.535175879397	-4.535175879397	-4.535175879397	-4.535175879397	-4.535175879397	-4.535175879397	-4.535175879397	-4.535175879397	-4.535175879397	-4.535175879397	-4.535175879397	-4.535175879397	-4.535175879397	-4.535175879397	-4.535175879397	-4.535175879397	-4.535175879397	-4.535175879397	-4.535175879397	-4.535175879397	-4.535175879397	-4.535175879397	-4.535175879397	-4.535175879397	-4.535175879397	-4.535175879397	-4.535175879397	-4.535175879397	-4.535175879397	-4.535175879397	-4.535175879397	-4.535175879397	-4.535175879397	-4.535175879397	-4.535175879397	-4.535175879397	-4.535175879397	-4.535175879397	-4.535175879397	-4.535175879397	-4.535175879397	-4.535175879397	-4.535175879397	-4.535175879397	-4.535175879397	-4.535175879397	-4.535175879397	-4.535175879397	-4.535175879397	-4.535175879397	-4.535175879397	-4.535175879397	-4.535175879397	-4.535175879397	-4.535175879397	-4.535175879397	-4.535175879397	-4.535175879397	-4.535175879397	-4.535175879397	-4.535175879397	-4.535175879397	-4.535175879397	-4.535175879397	-4.535175879397	-4.535175879397	-4.535175879397	-4.535175879397	-4.535175879397	-4.535175879397	-4.535175879397	-4.535175879397	-4.535175879397	-4.535175879397	-4.535175879397	-4.535175879397	-4.535175879397	-4.535175879397	-4.535175879397	-4.535175879397	-4.535175879397	-4.535175879397	-4.535175879397	-4.535175879397	-4.535175879397	-4.535175879397	-4.535175879397	-4.535175879397	-4.535175879397	-4.535175879397	-4.535175879397	-4.535175879397	-4.535175879397	-4.535175879397	-4.535175879397	-4.535175879397	-4.535175879397	-4.535175879397	-4.535175879397	-4.535175879397	-4.535175879397	-4.535175879397	-4.535175879397	-4.535175879397	-4.535175879397	-4.535175879397	-4.535175879397	-4.535175879397	-4.535175879397	-4.535175879397	-4.535175879397	-4.535175879397	-4.535175879397	-4.535175879397	-4.535175879397	-4.535175879397	-4.535175879397	-4.535175879397	-4.535175879397	-4.535175879397	-4.535175879397	-4.535175879397	-4.535175879397	-4.535175879397	-4.535175879397	-4.535175879397	-4.535175879397	-4.535175879397	-4.535175879397	-4.535175879397	-4.535175879397	-4.535175879397	-4.535175879397	-4.535175879397	-4.535175879397	-4.535175879397	-4.535175879397	-4.535175879397	-4.535175879397	-4.535175879397	-4.535175879397	-4.535175879397	-4.535175879397	-4.535175879397	-4.535175879397	-4.535175879397	-4.535175879397	-4.535175879397	-4.535175879397	-4.535175879397	-4.535175879397	-4.535175879397	-4.535175879397	-4.535175879397	-4.535175879397	-4.535175879397	-4.535175879397	-4.535175879397	-4.535175879397	-4.535175879397	-4.535175879397	-4.535175879397	-4.535175879397	-4.535175879397	-4.535175879397	-4.535175879397	-4.535175879397	-4.535175879397	-4.535175879397	-4.535175879397	-4.535175879397	-4.535175879397	-4.535175879397	-4.535175879397	-4.535175879397	-4.535175879397	-4.535175879397	-4.535175879397	-4.535175879397	-4.535175879397	-4.535175879397	-4.535175879397	-4.535175879397	-4.535175879397	-4.535175879397	-4.535175879397	-4.535175879397	-4.535175879397
-4.3190954773869	-4.3190954773869	-4.3190954773869	-4.3190954773869	-4.3190954773869	-4.3190954773869	-4.3190954773869	-4.3190954773869	-4.3190954773869	-4.3190954773869	-4.3190954773869	-4.3190954773869	-4.3190954773869	-4.3190954773869	-4.3190954773869	-4.3190954773869	-4.3190954773869	-4.3190954773869	-4.3190954773869	-4.3190954773869	-4.3190954773869	-4.3190954773869	-4.3190954773869	-4.3190954773869	-4.3190954773869	-4.3190954773869	-4.3190954773869	-4.3190954773869	-4.3190954773869	-4.3190954773869	-4.3190954773869	-4.3190954773869	-4.3190954773869	-4.3190954773869	-4.3190954773869	-4.3190954773869	-4.3190954773869	-4.3190954773869	-4.3190954773869	-4.3190954773869	-4.3190954773869	-4.3190954773869	-4.3190954773869	-4.3190954773869	-4.3190954773869	-4.3190954773869	-4.3190954773869	-4.3190954773869	-4.3190954773869	-4.3190954773869	-4.3190954773869	-4.3190954773869	-4.3190954773869	-4.3190954773869	-4.3190954773869	-4.3190954773869	-4.3190954773869	-4.3190954773869	-4.3190954773869	-4.3190954773869	-4.3190954773869	-4.3190954773869	-4.3190954773869	-4.3190954773869	-4.3190954773869	-4.3190954773869	-4.3190954773869	-4.3190954773869	-4.3190954773869	-4.3190954773869	-4.3190954773869	-4.3190954773869	-4.3190954773869	-4.3190954773869	-4.3190954773869	-4.3190954773869	-4.3190954773869	-4.3190954773869	-4.3190954773869	-4.3190954773869	-4.3190954773869	-4.3190954773869	-4.3190954773869	-4.3190954773869	-4.3190954773869	-4.3190954773869	-4.3190954773869	-4.3190954773869	-4.3190954773869	-4.3190954773869	-4.3190954773869	-4.3190954773869	-4.3190954773869	-4.3190954773869	-4.3190954773869	-4.3190954773869	-4.3190954773869	-4.3190954773869	-4.3190954773869	-4.3190954773869	-4.3190954773869	-4.3190954773869	-4.3190954773869	-4.3190954773869	-4.3190954773869	-4.3190954773869	-4.3190954773869	-4.3190954773869	-4.3190954773869	-4.3190954773869	-4.3190954773869	-4.3190954773869	-4.3190954773869	-4.3190954773869	-4.3190954773869	-4.3190954773869	-4.3190954773869	-4.3190954773869	-4.3190954773869	-4.3190954773869	-4.3190954773869	-4.3190954773869	-4.3190954773869	-4.3190954773869	-4.3190954773869	-4.3190954773869	-4.3190954773869	-4.3190954773869	-4.3190954773869	-4.3190954773869	-4.3190954773869	-4.3190954773869	-4.3190954773869	-4.3190954773869	-4.3190954773869	-4.3190954773869	-4.3190954773869	-4.3190954773869	-4.3190954773869	-4.3190954773869	-4.3190954773869	-4.3190954773869	-4.3190954773869	-4.3190954773869	-4.3190954773869	-4.3190954773869	-4.3190954773869	-4.3190954773869	-4.3190954773869	-4.3190954773869	-4.3190954773869	-4.3190954773869	-4.3190954773869	-4.3190954773869	-4.3190954773869	-4.3190954773869	-4.3190954773869	-4.3190954773869	-4.3190954773869	-4.3190954773869	-4.3190954773869	-4.3190954773869	-4.3190954773869	-4.3190954773869	-4.3190954773869	-4.3190954773869	-4.3190954773869	-4.3190954773869	-4.3190954773869	-4.3190954773869	-4.3190954773869	-4.3190954773869	-4.3190954773869	-4.3190954773869	-4.3190954773869	-4.3190954773869	-4.3190954773869	-4.3190954773869	-4.3190954773869	-4.3190954773869	-4.3190954773869	-4.3190954773869	-4.3190954773869	-4.3190954773869	-4.3190954773869	-4.3190954773869	-4.3190954773869	-4.3190954773869	-4.3190954773869	-4.3190954773869	-4.3190954773869	-4.3190954773869	-4.3190954773869	-4.3190954773869	-4.3190954773869	-4.3190954773869	-4.3190954773869	-4.3190954773869	-4.3190954773869	-4.3190954773869
-4.1030150753769	-4.1030150753769	-4.1030150753769	-4.1030150753769	-4.1030150753769	-4.1030150753769	-4.1030150753769	-4.1030150753769	-4.1030150753769	-4.1030150753769	-4.1030150753769	-4.1030150753769	-4.1030150753769	-4.1030150753769	-4.1030150753769	-4.1030150753769	-4.1030150753769	-4.1030150753769	-4.1030150753769	-4.1030150753769	-4.1030150753769	-4.1030150753769	-4.1030150753769	-4.1030150753769	-4.1030150753769	-4.1030150753769	-4.1030150753769	-4.1030150753769	-4.1030150753769	-4.1030150753769	-4.1030150753769	-4.1030150753769	-4.1030150753769	-4.1030150753769	-4.1030150753769	-4.1030150753769	-4.1030150753769	-4.1030150753769	-4.1030150753769	-4.1030150753769	-4.1030150753769	-4.1030150753769	-4.1030150753769	-4.1030150753769	-4.1030150753769	-4.1030150753769	-4.1030150753769	-4.1030150753769	-4.1030150753769	-4.1030150753769	-4.1030150753769	-4.1030150753769	-4.1030150753769	-4.1030150753769	-4.1030150753769	-4.1030150753769	-4.1030150753769	-4.1030150753769	-4.1030150753769	-4.1030150753769	-4.1030150753769	-4.1030150753769	-4.1030150753769	-4.1030150753769	-4.1030150753769	-4.1030150753769	-4.1030150753769	-4.1030150753769	-4.1030150753769	-4.1030150753769	-4.1030150753769	-4.1030150753769	-4.1030150753769	-4.1030150753769	-4.1030150753769	-4.1030150753769	-4.1030150753769	-4.1030150753769	-4.1030150753769	-4.1030150753769	-4.1030150753769	-4.1030150753769	-4.1030150753769	-4.1030150753769	-4.1030150753769	-4.1030150753769	-4.1030150753769	-4.1030150753769	-4.1030150753769	-4.1030150753769	-4.1030150753769	-4.1030150753769	-4.1030150753769	-4.1030150753769	-4.1030150753769	-4.1030150753769	-4.1030150753769	-4.1030150753769	-4.1030150753769	-4.1030150753769	-4.1030150753769	-4.1030150753769	-4.1030150753769	-4.1030150753769	-4.1030150753769	-4.1030150753769	-4.1030150753769	-4.1030150753769	-4.1030150753769	-4.1030150753769	-4.1030150753769	-4.1030150753769	-4.1030150753769	-4.1030150753769	-4.1030150753769	-4.1030150753769	-4.1030150753769	-4.1030150753769	-4.1030150753769	-4.1030150753769	-4.1030150753769	-4.1030150753769	-4.1030150753769	-4.1030150753769	-4.1030150753769	-4.1030150753769	-4.1030150753769	-4.1030150753769	-4.1030150753769	-4.1030150753769	-4.1030150753769	-4.1030150753769	-4.1030150753769	-4.1030150753769	-4.1030150753769	-4.1030150753769	-4.1030150753769	-4.1030150753769	-4.1030150753769	-4.1030150753769	-4.1030150753769	-4.1030150753769	-4.1030150753769	-4.1030150753769	-4.1030150753769	-4.1030150753769	-4.1030150753769	-4.1030150753769	-4.1030150753769	-4.1030150753769	-4.1030150753769	-4.1030150753769	-4.1030150753769	-4.1030150753769	-4.1030150753769	-4.1030150753769	-4.1030150753769	-4.1030150753769	-4.1030150753769	-4.1030150753769	-4.1030150753769	-4.1030150753769	-4.1030150753769	-4.1030150753769	-4.1030150753769	-4.1030150753769	-4.1030150753769	-4.1030150753769	-4.1030150753769	-4.1030150753769	-4.1030150753769	-4.1030150753769	-4.1030150753769	-4.1030150753769	-4.1030150753769	-4.1030150753769	-4.1030150753769	-4.1030150753769	-4.1030150753769	-4.1030150753769	-4.1030150753769	-4.1030150753769	-4.1030150753769	-4.1030150753769	-4.1030150753769	-4.1030150753769	-4.1030150753769	-4.1030150753769	-4.1030150753769	-4.1030150753769	-4.1030150753769	-4.1030150753769	-4.1030150753769	-4.1030150753769	-4.1030150753769	-4.1030150753769	-4.1030150753769	-4.1030150753769	-4.1030150753769	-4.1030150753769
-3.8869346733668	-3.8869346733668	-3.8869346733668	-3.8869346733668	-3.8869346733668	-3.8869346733668	-3.8869346733668	-3.8869346733668	-3.8869346733668	-3.8869346733668	-3.8869346733668	-3.8869346733668	-3.8869346733668	-3.8869346733668	-3.8869346733668	-3.8869346733668	-3.8869346733668	-3.8869346733668	-3.8869346733668	-3.8869346733668	-3.8869346733668	-3.8869346733668	-3.8869346733668	-3.8869346733668	-3.8869346733668	-3.8869346733668	-3.8869346733668	-3.8869346733668	-3.8869346733668	-3.8869346733668	-3.8869346733668	-3.8869346733668	-3.8869346733668	-3.8869346733668	-3.8869346733668	-3.8869346733668	-3.8869346733668	-3.8869346733668	-3.8869346733668	-3.8869346733668	-3.8869346733668	-3.8869346733668	-3.8869346733668	-3.8869346733668	-3.8869346733668	-3.8869346733668	-3.8869346733668	-3.8869346733668	-3.8869346733668	-3.8869346733668	-3.8869346733668	-3.8869346733668	-3.8869346733668	-3.8869346733668	-3.8869346733668	-3.8869346733668	-3.8869346733668	-3.8869346733668	-3.8869346733668	-3.8869346733668	-3.8869346733668	-3.8869346733668	-3.8869346733668	-3.8869346733668	-3.8869346733668	-3.8869346733668	-3.8869346733668	-3.8869346733668	-3.8869346733668	-3.8869346733668	-3.8869346733668	-3.8869346733668	-3.8869346733668	-3.8869346733668	-3.8869346733668	-3.8869346733668	-3.8869346733668	-3.8869346733668	-3.8869346733668	-3.8869346733668	-3.8869346733668	-3.8869346733668	-3.8869346733668	-3.8869346733668	-3.8869346733668	-3.8869346733668	-3.8869346733668	-3.8869346733668	-3.8869346733668	-3.8869346733668	-3.8869346733668	-3.8869346733668	-3.8869346733668	-3.8869346733668	-3.8869346733668	-3.8869346733668	-3.8869346733668	-3.8869346733668	-3.8869346733668	-3.8869346733668	-3.8869346733668	-3.8869346733668	-3.8869346733668	-3.8869346733668	-3.8869346733668	-3.8869346733668	-3.8869346733668	-3.8869346733668	-3.8869346733668	-3.8869346733668	-3.8869346733668	-3.8869346733668	-3.8869346733668	-3.8869346733668	-3.8869346733668	-3.8869346733668	-3.8869346733668	-3.8869346733668	-3.8869346733668	-3.8869346733668	-3.8869346733668	-3.8869346733668	-3.8869346733668	-3.8869346733668	-3.8869346733668	-3.8869346733668	-3.8869346733668	-3.8869346733668	-3.8869346733668	-3.8869346733668	-3.8869346733668	-3.8869346733668	-3.8869346733668	-3.8869346733668	-3.8869346733668	-3.8869346733668	-3.8869346733668	-3.8869346733668	-3.8869346733668	-3.8869346733668	-3.8869346733668	-3.8869346733668	-3.8869346733668	-3.8869346733668	-3.8869346733668	-3.8869346733668	-3.8869346733668	-3.8869346733668	-3.8869346733668	-3.8869346733668	-3.8869346733668	-3.8869346733668	-3.8869346733668	-3.8869346733668	-3.8869346733668	-3.8869346733668	-3.8869346733668	-3.8869346733668	-3.8869346733668	-3.8869346733668	-3.8869346733668	-3.8869346733668	-3.8869346733668	-3.8869346733668	-3.8869346733668	-3.8869346733668	-3.8869346733668	-3.8869346733668	-3.8869346733668	-3.8869346733668	-3.8869346733668	-3.8869346733668	-3.8869346733668	-3.8869346733668	-3.8869346733668	-3.8869346733668	-3.8869346733668	-3.8869346733668	-3.8869346733668	-3.8869346733668	-3.8869346733668	-3.8869346733668	-3.8869346733668	-3.8869346733668	-3.8869346733668	-3.8869346733668	-3.8869346733668	-3.8869346733668	-3.8869346733668	-3.8869346733668	-3.8869346733668	-3.8869346733668	-3.8869346733668	-3.8869346733668	-3.8869346733668	-3.8869346733668	-3.8869346733668	-3.8869346733668	-3.8869346733668	-3.8869346733668
-3.6708542713568	-3.6708542713568	-3.6708542713568	-3.6708542713568	-3.6708542713568	-3.6708542713568	-3.6708542713568	-3.6708542713568	-3.6708542713568	-3.6708542713568	-3.6708542713568	-3.6708542713568	-3.6708542713568	-3.6708542713568	-3.6708542713568	-3.6708542713568	-3.6708542713568	-3.6708542713568	-3.6708542713568	-3.6708542713568	-3.6708542713568	-3.6708542713568	-3.6708542713568	-3.6708542713568	-3.6708542713568	-3.6708542713568	-3.6708542713568	-3.6708542713568	-3.6708542713568	-3.6708542713568	-3.6708542713568	-3.6708542713568	-3.6708542713568	-3.6708542713568	-3.6708542713568	-3.6708542713568	-3.6708542713568	-3.6708542713568	-3.6708542713568	-3.6708542713568	-3.6708542713568	-3.6708542713568	-3.6708542713568	-3.6708542713568	-3.6708542713568	-3.6708542713568	-3.6708542713568	-3.6708542713568	-3.6708542713568	-3.6708542713568	-3.6708542713568	-3.6708542713568	-3.6708542713568	-3.6708542713568	-3.6708542713568	-3.6708542713568	-3.6708542713568	-3.6708542713568	-3.6708542713568	-3.6708542713568	-3.6708542713568	-3.6708542713568	-3.6708542713568	-3.6708542713568	-3.6708542713568	-3.6708542713568	-3.6708542713568	-3.6708542713568	-3.6708542713568	-3.6708542713568	-3.6708542713568	-3.6708542713568	-3.6708542713568	-3.6708542713568	-3.6708542713568	-3.6708542713568	-3.6708542713568	-3.6708542713568	-3.6708542713568	-3.6708542713568	-3.6708542713568	-3.6708542713568	-3.6708542713568	-3.6708542713568	-3.6708542713568	-3.6708542713568	-3.6708542713568	-3.6708542713568	-3.6708542713568	-3.6708542713568	-3.6708542713568	-3.6708542713568	-3.6708542713568	-3.6708542713568	-3.6708542713568	-3.6708542713568	-3.6708542713568	-3.6708542713568	-3.6708542713568	-3.6708542713568	-3.6708542713568	-3.6708542713568	-3.6708542713568	-3.6708542713568	-3.6708542713568	-3.6708542713568	-3.6708542713568	-3.6708542713568	-3.6708542713568	-3.6708542713568	-3.6708542713568	-3.6708542713568	-3.6708542713568	-3.6708542713568	-3.6708542713568	-3.6708542713568	-3.6708542713568	-3.6708542713568	-3.6708542713568	-3.6708542713568	-3.6708542713568	-3.6708542713568	-3.6708542713568	-3.6708542713568	-3.6708542713568	-3.6708542713568	-3.6708542713568	-3.6708542713568	-3.6708542713568	-3.6708542713568	-3.6708542713568	-3.6708542713568	-3.6708542713568	-3.6708542713568	-3.6708542713568	-3.6708542713568	-3.6708542713568	-3.6708542713568	-3.6708542713568	-3.6708542713568	-3.6708542713568	-3.6708542713568	-3.6708542713568	-3.6708542713568	-3.6708542713568	-3.6708542713568	-3.6708542713568	-3.6708542713568	-3.6708542713568	-3.6708542713568	-3.6708542713568	-3.6708542713568	-3.6708542713568	-3.6708542713568	-3.6708542713568	-3.6708542713568	-3.6708542713568	-3.6708542713568	-3.6708542713568	-3.6708542713568	-3.6708542713568	-3.6708542713568	-3.6708542713568	-3.6708542713568	-3.6708542713568	-3.6708542713568	-3.6708542713568	-3.6708542713568	-3.6708542713568	-3.6708542713568	-3.6708542713568	-3.6708542713568	-3.6708542713568	-3.6708542713568	-3.6708542713568	-3.6708542713568	-3.6708542713568	-3.6708542713568	-3.6708542713568	-3.6708542713568	-3.6708542713568	-3.6708542713568	-3.6708542713568	-3.6708542713568	-3.6708542713568	-3.6708542713568	-3.6708542713568	-3.6708542713568	-3.6708542713568	-3.6708542713568	-3.6708542713568	-3.6708542713568	-3.6708542713568	-3.6708542713568	-3.6708542713568	-3.6708542713568	-3.6708542713568	-3.6708542713568	-3.6708542713568	-3.6708542713568
-3.4547738693467	-3.4547738693467	-3.4547738693467	-3.4547738693467	-3.4547738693467	-3.4547738693467	-3.4547738693467	-3.4547738693467	-3.4547738693467	-3.4547738693467	-3.4547738693467	-3.4547738693467	-3.4547738693467	-3.4547738693467	-3.4547738693467	-3.4547738693467	-3.4547738693467	-3.4547738693467	-3.4547738693467	-3.4547738693467	-3.4547738693467	-3.4547738693467	-3.4547738693467	-3.4547738693467	-3.4547738693467	-3.4547738693467	-3.4547738693467	-3.4547738693467	-3.4547738693467	-3.4547738693467	-3.4547738693467	-3.4547738693467	-3.4547738693467	-3.4547738693467	-3.4547738693467	-3.4547738693467	-3.4547738693467	-3.4547738693467	-3.4547738693467	-3.4547738693467	-3.4547738693467	-3.4547738693467	-3.4547738693467	-3.4547738693467	-3.4547738693467	-3.4547738693467	-3.4547738693467	-3.4547738693467	-3.4547738693467	-3.4547738693467	-3.4547738693467	-3.4547738693467	-3.4547738693467	-3.4547738693467	-3.4547738693467	-3.4547738693467	-3.4547738693467	-3.4547738693467	-3.4547738693467	-3.4547738693467	-3.4547738693467	-3.4547738693467	-3.4547738693467	-3.4547738693467	-3.4547738693467	-3.4547738693467	-3.4547738693467	-3.4547738693467	-3.4547738693467	-3.4547738693467	-3.4547738693467	-3.4547738693467	-3.4547738693467	-3.4547738693467	-3.4547738693467	-3.4547738693467	-3.4547738693467	-3.4547738693467	-3.4547738693467	-3.4547738693467	-3.4547738693467	-3.4547738693467	-3.4547738693467	-3.4547738693467	-3.4547738693467	-3.4547738693467	-3.4547738693467	-3.4547738693467	-3.4547738693467	-3.4547738693467	-3.4547738693467	-3.4547738693467	-3.4547738693467	-3.4547738693467	-3.4547738693467	-3.4547738693467	-3.4547738693467	-3.4547738693467	-3.4547738693467	-3.4547738693467	-3.4547738693467	-3.4547738693467	-3.4547738693467	-3.4547738693467	-3.4547738693467	-3.4547738693467	-3.4547738693467	-3.4547738693467	-3.4547738693467	-3.4547738693467	-3.4547738693467	-3.4547738693467	-3.4547738693467	-3.4547738693467	-3.4547738693467	-3.4547738693467	-3.4547738693467	-3.4547738693467	-3.4547738693467	-3.4547738693467	-3.4547738693467	-3.4547738693467	-3.4547738693467	-3.4547738693467	-3.4547738693467	-3.4547738693467	-3.4547738693467	-3.4547738693467	-3.4547738693467	-3.4547738693467	-3.4547738693467	-3.4547738693467	-3.4547738693467	-3.4547738693467	-3.4547738693467	-3.4547738693467	-3.4547738693467	-3.4547738693467	-3.4547738693467	-3.4547738693467	-3.4547738693467	-3.4547738693467	-3.4547738693467	-3.4547738693467	-3.4547738693467	-3.4547738693467	-3.4547738693467	-3.4547738693467	-3.4547738693467	-3.4547738693467	-3.4547738693467	-3.4547738693467	-3.4547738693467	-3.4547738693467	-3.4547738693467	-3.4547738693467	-3.4547738693467	-3.4547738693467	-3.4547738693467	-3.4547738693467	-3.4547738693467	-3.4547738693467	-3.4547738693467	-3.4547738693467	-3.4547738693467	-3.4547738693467	-3.4547738693467	-3.4547738693467	-3.4547738693467	-3.4547738693467	-3.4547738693467	-3.4547738693467	-3.4547738693467	-3.4547738693467	-3.4547738693467	-3.4547738693467	-3.4547738693467	-3.4547738693467	-3.4547738693467	-3.4547738693467	-3.4547738693467	-3.4547738693467	-3.4547738693467	-3.4547738693467	-3.4547738693467	-3.4547738693467	-3.4547738693467	-3.4547738693467	-3.4547738693467	-3.4547738693467	-3.4547738693467	-3.4547738693467	-3.4547738693467	-3.4547738693467	-3.4547738693467	-3.4547738693467	-3.4547738693467	-3.4547738693467	-3.4547738693467	-3.4547738693467
-3.2386934673367	-3.2386934673367	-3.2386934673367	-3.2386934673367	-3.2386934673367	-3.2386934673367	-3.2386934673367	-3.2386934673367	-3.2386934673367	-3.2386934673367	-3.2386934673367	-3.2386934673367	-3.2386934673367	-3.2386934673367	-3.2386934673367	-3.2386934673367	-3.2386934673367	-3.2386934673367	-3.2386934673367	-3.2386934673367	-3.2386934673367	-3.2386934673367	-3.2386934673367	-3.2386934673367	-3.2386934673367	-3.2386934673367	-3.2386934673367	-3.2386934673367	-3.2386934673367	-3.2386934673367	-3.2386934673367	-3.2386934673367	-3.2386934673367	-3.2386934673367	-3.2386934673367	-3.2386934673367	-3.2386934673367	-3.2386934673367	-3.2386934673367	-3.2386934673367	-3.2386934673367	-3.2386934673367	-3.2386934673367	-3.2386934673367	-3.2386934673367	-3.2386934673367	-3.2386934673367	-3.2386934673367	-3.2386934673367	-3.2386934673367	-3.2386934673367	-3.2386934673367	-3.2386934673367	-3.2386934673367	-3.2386934673367	-3.2386934673367	-3.2386934673367	-3.2386934673367	-3.2386934673367	-3.2386934673367	-3.2386934673367	-3.2386934673367	-3.2386934673367	-3.2386934673367	-3.2386934673367	-3.2386934673367	-3.2386934673367	-3.2386934673367	-3.2386934673367	-3.2386934673367	-3.2386934673367	-3.2386934673367	-3.2386934673367	-3.2386934673367	-3.2386934673367	-3.2386934673367	-3.2386934673367	-3.2386934673367	-3.2386934673367	-3.2386934673367	-3.2386934673367	-3.2386934673367	-3.2386934673367	-3.2386934673367	-3.2386934673367	-3.2386934673367	-3.2386934673367	-3.2386934673367	-3.2386934673367	-3.2386934673367	-3.2386934673367	-3.2386934673367	-3.2386934673367	-3.2386934673367	-3.2386934673367	-3.2386934673367	-3.2386934673367	-3.2386934673367	-3.2386934673367	-3.2386934673367	-3.2386934673367	-3.2386934673367	-3.2386934673367	-3.2386934673367	-3.2386934673367	-3.2386934673367	-3.2386934673367	-3.2386934673367	-3.2386934673367	-3.2386934673367	-3.2386934673367	-3.2386934673367	-3.2386934673367	-3.2386934673367	-3.2386934673367	-3.2386934673367	-3.2386934673367	-3.2386934673367	-3.2386934673367	-3.2386934673367	-3.2386934673367	-3.2386934673367	-3.2386934673367	-3.2386934673367	-3.2386934673367	-3.2386934673367	-3.2386934673367	-3.2386934673367	-3.2386934673367	-3.2386934673367	-3.2386934673367	-3.2386934673367	-3.2386934673367	-3.2386934673367	-3.2386934673367	-3.2386934673367	-3.2386934673367	-3.2386934673367	-3.2386934673367	-3.2386934673367	-3.2386934673367	-3.2386934673367	-3.2386934673367	-3.2386934673367	-3.2386934673367	-3.2386934673367	-3.2386934673367	-3.2386934673367	-3.2386934673367	-3.2386934673367	-3.2386934673367	-3.2386934673367	-3.2386934673367	-3.2386934673367	-3.2386934673367	-3.2386934673367	-3.2386934673367	-3.2386934673367	-3.2386934673367	-3.2386934673367	-3.2386934673367	-3.2386934673367	-3.2386934673367	-3.2386934673367	-3.2386934673367	-3.2386934673367	-3.2386934673367	-3.2386934673367	-3.2386934673367	-3.2386934673367	-3.2386934673367	-3.2386934673367	-3.2386934673367	-3.2386934673367	-3.2386934673367	-3.2386934673367	-3.2386934673367	-3.2386934673367	-3.2386934673367	-3.2386934673367	-3.2386934673367	-3.2386934673367	-3.2386934673367	-3.2386934673367	-3.2386934673367	-3.2386934673367	-3.2386934673367	-3.2386934673367	-3.2386934673367	-3.2386934673367	-3.2386934673367	-3.2386934673367	-3.2386934673367	-3.2386934673367	-3.2386934673367	-3.2386934673367	-3.2386934673367	-3.2386934673367	-3.2386934673367	-3.2386934673367
-3.0226130653266	-3.0226130653266	-3.0226130653266	-3.0226130653266	-3.0226130653266	-3.0226130653266	-3.0226130653266	-3.0226130653266	-3.0226130653266	-3.0226130653266	-3.0226130653266	-3.0226130653266	-3.0226130653266	-3.0226130653266	-3.0226130653266	-3.0226130653266	-3.0226130653266	-3.0226130653266	-3.0226130653266	-3.0226130653266	-3.0226130653266	-3.0226130653266	-3.0226130653266	-3.0226130653266	-3.0226130653266	-3.0226130653266	-3.0226130653266	-3.0226130653266	-3.0226130653266	-3.0226130653266	-3.0226130653266	-3.0226130653266	-3.0226130653266	-3.0226130653266	-3.0226130653266	-3.0226130653266	-3.0226130653266	-3.0226130653266	-3.0226130653266	-3.0226130653266	-3.0226130653266	-3.0226130653266	-3.0226130653266	-3.0226130653266	-3.0226130653266	-3.0226130653266	-3.0226130653266	-3.0226130653266	-3.0226130653266	-3.0226130653266	-3.0226130653266	-3.0226130653266	-3.0226130653266	-3.0226130653266	-3.0226130653266	-3.0226130653266	-3.0226130653266	-3.0226130653266	-3.0226130653266	-3.0226130653266	-3.0226130653266	-3.0226130653266	-3.0226130653266	-3.0226130653266	-3.0226130653266	-3.0226130653266	-3.0226130653266	-3.0226130653266	-3.0226130653266	-3.0226130653266	-3.0226130653266	-3.0226130653266	-3.0226130653266	-3.0226130653266	-3.0226130653266	-3.0226130653266	-3.0226130653266	-3.0226130653266	-3.0226130653266	-3.0226130653266	-3.0226130653266	-3.0226130653266	-3.0226130653266	-3.0226130653266	-3.0226130653266	-3.0226130653266	-3.0226130653266	-3.0226130653266	-3.0226130653266	-3.0226130653266	-3.0226130653266	-3.0226130653266	-3.0226130653266	-3.0226130653266	-3.0226130653266	-3.0226130653266	-3.0226130653266	-3.0226130653266	-3.0226130653266	-3.0226130653266	-3.0226130653266	-3.0226130653266	-3.0226130653266	-3.0226130653266	-3.0226130653266	-3.0226130653266	-3.0226130653266	-3.0226130653266	-3.0226130653266	-3.0226130653266	-3.0226130653266	-3.0226130653266	-3.0226130653266	-3.0226130653266	-3.0226130653266	-3.0226130653266	-3.0226130653266	-3.0226130653266	-3.0226130653266	-3.0226130653266	-3.0226130653266	-3.0226130653266	-3.0226130653266	-3.0226130653266	-3.0226130653266	-3.0226130653266	-3.0226130653266	-3.0226130653266	-3.0226130653266	-3.0226130653266	-3.0226130653266	-3.0226130653266	-3.0226130653266	-3.0226130653266	-3.0226130653266	-3.0226130653266	-3.0226130653266	-3.0226130653266	-3.0226130653266	-3.0226130653266	-3.0226130653266	-3.0226130653266	-3.0226130653266	-3.0226130653266	-3.0226130653266	-3.0226130653266	-3.0226130653266	-3.0226130653266	-3.0226130653266	-3.0226130653266	-3.0226130653266	-3.0226130653266	-3.0226130653266	-3.0226130653266	-3.0226130653266	-3.0226130653266	-3.0226130653266	-3.0226130653266	-3.0226130653266	-3.0226130653266	-3.0226130653266	-3.0226130653266	-3.0226130653266	-3.0226130653266	-3.0226130653266	-3.0226130653266	-3.0226130653266	-3.0226130653266	-3.0226130653266	-3.0226130653266	-3.0226130653266	-3.0226130653266	-3.0226130653266	-3.0226130653266	-3.0226130653266	-3.0226130653266	-3.0226130653266	-3.0226130653266	-3.0226130653266	-3.0226130653266	-3.0226130653266	-3.0226130653266	-3.0226130653266	-3.0226130653266	-3.0226130653266	-3.0226130653266	-3.0226130653266	-3.0226130653266	-3.0226130653266	-3.0226130653266	-3.0226130653266	-3.0226130653266	-3.0226130653266	-3.0226130653266	-3.0226130653266	-3.0226130653266	-3.0226130653266	-3.0226130653266	-3.0226130653266	-3.0226130653266
-2.8065326633166	-2.8065326633166	-2.8065326633166	-2.8065326633166	-2.8065326633166	-2.8065326633166	-2.8065326633166	-2.8065326633166	-2.8065326633166	-2.8065326633166	-2.8065326633166	-2.8065326633166	-2.8065326633166	-2.8065326633166	-2.8065326633166	-2.8065326633166	-2.8065326633166	-2.8065326633166	-2.8065326633166	-2.8065326633166	-2.8065326633166	-2.8065326633166	-2.8065326633166	-2.8065326633166	-2.8065326633166	-2.8065326633166	-2.8065326633166	-2.8065326633166	-2.8065326633166	-2.8065326633166	-2.8065326633166	-2.8065326633166	-2.8065326633166	-2.8065326633166	-2.8065326633166	-2.8065326633166	-2.8065326633166	-2.8065326633166	-2.8065326633166	-2.8065326633166	-2.8065326633166	-2.8065326633166	-2.8065326633166	-2.8065326633166	-2.8065326633166	-2.8065326633166	-2.8065326633166	-2.8065326633166	-2.8065326633166	-2.8065326633166	-2.8065326633166	-2.8065326633166	-2.8065326633166	-2.8065326633166	-2.8065326633166	-2.8065326633166	-2.8065326633166	-2.8065326633166	-2.8065326633166	-2.8065326633166	-2.8065326633166	-2.8065326633166	-2.8065326633166	-2.8065326633166	-2.8065326633166	-2.8065326633166	-2.8065326633166	-2.8065326633166	-2.8065326633166	-2.8065326633166	-2.8065326633166	-2.8065326633166	-2.8065326633166	-2.8065326633166	-2.8065326633166	-2.8065326633166	-2.8065326633166	-2.8065326633166	-2.8065326633166	-2.8065326633166	-2.8065326633166	-2.8065326633166	-2.8065326633166	-2.8065326633166	-2.8065326633166	-2.8065326633166	-2.8065326633166	-2.8065326633166	-2.8065326633166	-2.8065326633166	-2.8065326633166	-2.8065326633166	-2.8065326633166	-2.8065326633166	-2.8065326633166	-2.8065326633166	-2.8065326633166	-2.8065326633166	-2.8065326633166	-2.8065326633166	-2.8065326633166	-2.8065326633166	-2.8065326633166	-2.8065326633166	-2.8065326633166	-2.8065326633166	-2.8065326633166	-2.8065326633166	-2.8065326633166	-2.8065326633166	-2.8065326633166	-2.8065326633166	-2.8065326633166	-2.8065326633166	-2.8065326633166	-2.8065326633166	-2.8065326633166	-2.8065326633166	-2.8065326633166	-2.8065326633166	-2.8065326633166	-2.8065326633166	-2.8065326633166	-2.8065326633166	-2.8065326633166	-2.8065326633166	-2.8065326633166	-2.8065326633166	-2.8065326633166	-2.8065326633166	-2.8065326633166	-2.8065326633166	-2.8065326633166	-2.8065326633166	-2.8065326633166	-2.8065326633166	-2.8065326633166	-2.8065326633166	-2.8065326633166	-2.8065326633166	-2.8065326633166	-2.8065326633166	-2.8065326633166	-2.8065326633166	-2.8065326633166	-2.8065326633166	-2.8065326633166	-2.8065326633166	-2.8065326633166	-2.8065326633166	-2.8065326633166	-2.8065326633166	-2.8065326633166	-2.8065326633166	-2.8065326633166	-2.8065326633166	-2.8065326633166	-2.8065326633166	-2.8065326633166	-2.8065326633166	-2.8065326633166	-2.8065326633166	-2.8065326633166	-2.8065326633166	-2.8065326633166	-2.8065326633166	-2.8065326633166	-2.8065326633166	-2.8065326633166	-2.8065326633166	-2.8065326633166	-2.8065326633166	-2.8065326633166	-2.8065326633166	-2.8065326633166	-2.8065326633166	-2.8065326633166	-2.8065326633166	-2.8065326633166	-2.8065326633166	-2.8065326633166	-2.8065326633166	-2.8065326633166	-2.8065326633166	-2.8065326633166	-2.8065326633166	-2.8065326633166	-2.8065326633166	-2.8065326633166	-2.8065326633166	-2.8065326633166	-2.8065326633166	-2.8065326633166	-2.8065326633166	-2.8065326633166	-2.8065326633166	-2.8065326633166	-2.8065326633166	-2.8065326633166	-2.8065326633166
-2.5904522613065	-2.5904522613065	-2.5904522613065	-2.5904522613065	-2.5904522613065	-2.5904522613065	-2.5904522613065	-2.5904522613065	-2.5904522613065	-2.5904522613065	-2.5904522613065	-2.5904522613065	-2.5904522613065	-2.5904522613065	-2.5904522613065	-2.5904522613065	-2.5904522613065	-2.5904522613065	-2.5904522613065	-2.5904522613065	-2.5904522613065	-2.5904522613065	-2.5904522613065	-2.5904522613065	-2.5904522613065	-2.5904522613065	-2.5904522613065	-2.5904522613065	-2.5904522613065	-2.5904522613065	-2.5904522613065	-2.5904522613065	-2.5904522613065	-2.5904522613065	-2.5904522613065	-2.5904522613065	-2.5904522613065	-2.5904522613065	-2.5904522613065	-2.5904522613065	-2.5904522613065	-2.5904522613065	-2.5904522613065	-2.5904522613065	-2.5904522613065	-2.5904522613065	-2.5904522613065	-2.5904522613065	-2.5904522613065	-2.5904522613065	-2.5904522613065	-2.5904522613065	-2.5904522613065	-2.5904522613065	-2.5904522613065	-2.5904522613065	-2.5904522613065	-2.5904522613065	-2.5904522613065	-2.5904522613065	-2.5904522613065	-2.5904522613065	-2.5904522613065	-2.5904522613065	-2.5904522613065	-2.5904522613065	-2.5904522613065	-2.5904522613065	-2.5904522613065	-2.5904522613065	-2.5904522613065	-2.5904522613065	-2.5904522613065	-2.5904522613065	-2.5904522613065	-2.5904522613065	-2.5904522613065	-2.5904522613065	-2.5904522613065	-2.5904522613065	-2.5904522613065	-2.5904522613065	-2.5904522613065	-2.5904522613065	-2.5904522613065	-2.5904522613065	-2.5904522613065	-2.5904522613065	-2.5904522613065	-2.5904522613065	-2.5904522613065	-2.5904522613065	-2.5904522613065	-2.5904522613065	-2.5904522613065	-2.5904522613065	-2.5904522613065	-2.5904522613065	-2.5904522613065	-2.5904522613065	-2.5904522613065	-2.5904522613065	-2.5904522613065	-2.5904522613065	-2.5904522613065	-2.5904522613065	-2.5904522613065	-2.5904522613065	-2.5904522613065	-2.5904522613065	-2.5904522613065	-2.5904522613065	-2.5904522613065	-2.5904522613065	-2.5904522613065	-2.5904522613065	-2.5904522613065	-2.5904522613065	-2.5904522613065	-2.5904522613065	-2.5904522613065	-2.5904522613065	-2.5904522613065	-2.5904522613065	-2.5904522613065	-2.5904522613065	-2.5904522613065	-2.5904522613065	-2.5904522613065	-2.5904522613065	-2.5904522613065	-2.5904522613065	-2.5904522613065	-2.5904522613065	-2.5904522613065	-2.5904522613065	-2.5904522613065	-2.5904522613065	-2.5904522613065	-2.5904522613065	-2.5904522613065	-2.5904522613065	-2.5904522613065	-2.5904522613065	-2.5904522613065	-2.5904522613065	-2.5904522613065	-2.5904522613065	-2.5904522613065	-2.5904522613065	-2.5904522613065	-2.5904522613065	-2.5904522613065	-2.5904522613065	-2.5904522613065	-2.5904522613065	-2.5904522613065	-2.5904522613065	-2.5904522613065	-2.5904522613065	-2.5904522613065	-2.5904522613065	-2.5904522613065	-2.5904522613065	-2.5904522613065	-2.5904522613065	-2.5904522613065	-2.5904522613065	-2.5904522613065	-2.5904522613065	-2.5904522613065	-2.5904522613065	-2.5904522613065	-2.5904522613065	-2.5904522613065	-2.5904522613065	-2.5904522613065	-2.5904522613065	-2.5904522613065	-2.5904522613065	-2.5904522613065	-2.5904522613065	-2.5904522613065	-2.5904522613065	-2.5904522613065	-2.5904522613065	-2.5904522613065	-2.5904522613065	-2.5904522613065	-2.5904522613065	-2.5904522613065	-2.5904522613065	-2.5904522613065	-2.5904522613065	-2.5904522613065	-2.5904522613065	-2.5904522613065	-2.5904522613065	-2.5904522613065	-2.5904522613065
-2.3743718592965	-2.3743718592965	-2.3743718592965	-2.3743718592965	-2.3743718592965	-2.3743718592965	-2.3743718592965	-2.3743718592965	-2.3743718592965	-2.3743718592965	-2.3743718592965	-2.3743718592965	-2.3743718592965	-2.3743718592965	-2.3743718592965	-2.3743718592965	-2.3743718592965	-2.3743718592965	-2.3743718592965	-2.3743718592965	-2.3743718592965	-2.3743718592965	-2.3743718592965	-2.3743718592965	-2.3743718592965	-2.3743718592965	-2.3743718592965	-2.3743718592965	-2.3743718592965	-2.3743718592965	-2.3743718592965	-2.3743718592965	-2.3743718592965	-2.3743718592965	-2.3743718592965	-2.3743718592965	-2.3743718592965	-2.3743718592965	-2.3743718592965	-2.3743718592965	-2.3743718592965	-2.3743718592965	-2.3743718592965	-2.3743718592965	-2.3743718592965	-2.3743718592965	-2.3743718592965	-2.3743718592965	-2.3743718592965	-2.3743718592965	-2.3743718592965	-2.3743718592965	-2.3743718592965	-2.3743718592965	-2.3743718592965	-2.3743718592965	-2.3743718592965	-2.3743718592965	-2.3743718592965	-2.3743718592965	-2.3743718592965	-2.3743718592965	-2.3743718592965	-2.3743718592965	-2.3743718592965	-2.3743718592965	-2.3743718592965	-2.3743718592965	-2.3743718592965	-2.3743718592965	-2.3743718592965	-2.3743718592965	-2.3743718592965	-2.3743718592965	-2.3743718592965	-2.3743718592965	-2.3743718592965	-2.3743718592965	-2.3743718592965	-2.3743718592965	-2.3743718592965	-2.3743718592965	-2.3743718592965	-2.3743718592965	-2.3743718592965	-2.3743718592965	-2.3743718592965	-2.3743718592965	-2.3743718592965	-2.3743718592965	-2.3743718592965	-2.3743718592965	-2.3743718592965	-2.3743718592965	-2.3743718592965	-2.3743718592965	-2.3743718592965	-2.3743718592965	-2.3743718592965	-2.3743718592965	-2.3743718592965	-2.3743718592965	-2.3743718592965	-2.3743718592965	-2.3743718592965	-2.3743718592965	-2.3743718592965	-2.3743718592965	-2.3743718592965	-2.3743718592965	-2.3743718592965	-2.3743718592965	-2.3743718592965	-2.3743718592965	-2.3743718592965	-2.3743718592965	-2.3743718592965	-2.3743718592965	-2.3743718592965	-2.3743718592965	-2.3743718592965	-2.3743718592965	-2.3743718592965	-2.3743718592965	-2.3743718592965	-2.3743718592965	-2.3743718592965	-2.3743718592965	-2.3743718592965	-2.3743718592965	-2.3743718592965	-2.3743718592965	-2.3743718592965	-2.3743718592965	-2.3743718592965	-2.3743718592965	-2.3743718592965	-2.3743718592965	-2.3743718592965	-2.3743718592965	-2.3743718592965	-2.3743718592965	-2.3743718592965	-2.3743718592965	-2.3743718592965	-2.3743718592965	-2.3743718592965	-2.3743718592965	-2.3743718592965	-2.3743718592965	-2.3743718592965	-2.3743718592965	-2.3743718592965	-2.3743718592965	-2.3743718592965	-2.3743718592965	-2.3743718592965	-2.3743718592965	-2.3743718592965	-2.3743718592965	-2.3743718592965	-2.3743718592965	-2.3743718592965	-2.3743718592965	-2.3743718592965	-2.3743718592965	-2.3743718592965	-2.3743718592965	-2.3743718592965	-2.3743718592965	-2.3743718592965	-2.3743718592965	-2.3743718592965	-2.3743718592965	-2.3743718592965	-2.3743718592965	-2.3743718592965	-2.3743718592965	-2.3743718592965	-2.3743718592965	-2.3743718592965	-2.3743718592965	-2.3743718592965	-2.3743718592965	-2.3743718592965	-2.3743718592965	-2.3743718592965	-2.3743718592965	-2.3743718592965	-2.3743718592965	-2.3743718592965	-2.3743718592965	-2.3743718592965	-2.3743718592965	-2.3743718592965	-2.3743718592965	-2.3743718592965	-2.3743718592965	-2.3743718592965	-2.3743718592965
-2.1582914572864	-2.1582914572864	-2.1582914572864	-2.1582914572864	-2.1582914572864	-2.1582914572864	-2.1582914572864	-2.1582914572864	-2.1582914572864	-2.1582914572864	-2.1582914572864	-2.1582914572864	-2.1582914572864	-2.1582914572864	-2.1582914572864	-2.1582914572864	-2.1582914572864	-2.1582914572864	-2.1582914572864	-2.1582914572864	-2.1582914572864	-2.1582914572864	-2.1582914572864	-2.1582914572864	-2.1582914572864	-2.1582914572864	-2.1582914572864	-2.1582914572864	-2.1582914572864	-2.1582914572864	-2.1582914572864	-2.1582914572864	-2.1582914572864	-2.1582914572864	-2.1582914572864	-2.1582914572864	-2.1582914572864	-2.1582914572864	-2.1582914572864	-2.1582914572864	-2.1582914572864	-2.1582914572864	-2.1582914572864	-2.1582914572864	-2.1582914572864	-2.1582914572864	-2.1582914572864	-2.1582914572864	-2.1582914572864	-2.1582914572864	-2.1582914572864	-2.1582914572864	-2.1582914572864	-2.1582914572864	-2.1582914572864	-2.1582914572864	-2.1582914572864	-2.1582914572864	-2.1582914572864	-2.1582914572864	-2.1582914572864	-2.1582914572864	-2.1582914572864	-2.1582914572864	-2.1582914572864	-2.1582914572864	-2.1582914572864	-2.1582914572864	-2.1582914572864	-2.1582914572864	-2.1582914572864	-2.1582914572864	-2.1582914572864	-2.1582914572864	-2.1582914572864	-2.1582914572864	-2.1582914572864	-2.1582914572864	-2.1582914572864	-2.1582914572864	-2.1582914572864	-2.1582914572864	-2.1582914572864	-2.1582914572864	-2.1582914572864	-2.1582914572864	-2.1582914572864	-2.1582914572864	-2.1582914572864	-2.1582914572864	-2.1582914572864	-2.1582914572864	-2.1582914572864	-2.1582914572864	-2.1582914572864	-2.1582914572864	-2.1582914572864	-2.1582914572864	-2.1582914572864	-2.1582914572864	-2.1582914572864	-2.1582914572864	-2.1582914572864	-2.1582914572864	-2.1582914572864	-2.1582914572864	-2.1582914572864	-2.1582914572864	-2.1582914572864	-2.1582914572864	-2.1582914572864	-2.1582914572864	-2.1582914572864	-2.1582914572864	-2.1582914572864	-2.1582914572864	-2.1582914572864	-2.1582914572864	-2.1582914572864	-2.1582914572864	-2.1582914572864	-2.1582914572864	-2.1582914572864	-2.1582914572864	-2.1582914572864	-2.1582914572864	-2.1582914572864	-2.1582914572864	-2.1582914572864	-2.1582914572864	-2.1582914572864	-2.1582914572864	-2.1582914572864	-2.1582914572864	-2.1582914572864	-2.1582914572864	-2.1582914572864	-2.1582914572864	-2.1582914572864	-2.1582914572864	-2.1582914572864	-2.1582914572864	-2.1582914572864	-2.1582914572864	-2.1582914572864	-2.1582914572864	-2.1582914572864	-2.1582914572864	-2.1582914572864	-2.1582914572864	-2.1582914572864	-2.1582914572864	-2.1582914572864	-2.1582914572864	-2.1582914572864	-2.1582914572864	-2.1582914572864	-2.1582914572864	-2.1582914572864	-2.1582914572864	-2.1582914572864	-2.1582914572864	-2.1582914572864	-2.1582914572864	-2.1582914572864	-2.1582914572864	-2.1582914572864	-2.1582914572864	-2.1582914572864	-2.1582914572864	-2.1582914572864	-2.1582914572864	-2.1582914572864	-2.1582914572864	-2.1582914572864	-2.1582914572864	-2.1582914572864	-2.1582914572864	-2.1582914572864	-2.1582914572864	-2.1582914572864	-2.1582914572864	-2.1582914572864	-2.1582914572864	-2.1582914572864	-2.1582914572864	-2.1582914572864	-2.1582914572864	-2.1582914572864	-2.1582914572864	-2.1582914572864	-2.1582914572864	-2.1582914572864	-2.1582914572864	-2.1582914572864	-2.1582914572864	-2.1582914572864	-2.1582914572864	-2.1582914572864	-2.1582914572864
-1.9422110552764	-1.9422110552764	-1.9422110552764	-1.9422110552764	-1.9422110552764	-1.9422110552764	-1.9422110552764	-1.9422110552764	-1.9422110552764	-1.9422110552764	-1.9422110552764	-1.9422110552764	-1.9422110552764	-1.9422110552764	-1.9422110552764	-1.9422110552764	-1.9422110552764	-1.9422110552764	-1.9422110552764	-1.9422110552764	-1.9422110552764	-1.9422110552764	-1.9422110552764	-1.9422110552764	-1.9422110552764	-1.9422110552764	-1.9422110552764	-1.9422110552764	-1.9422110552764	-1.9422110552764	-1.9422110552764	-1.9422110552764	-1.9422110552764	-1.9422110552764	-1.9422110552764	-1.9422110552764	-1.9422110552764	-1.9422110552764	-1.9422110552764	-1.9422110552764	-1.9422110552764	-1.9422110552764	-1.9422110552764	-1.9422110552764	-1.9422110552764	-1.9422110552764	-1.9422110552764	-1.9422110552764	-1.9422110552764	-1.9422110552764	-1.9422110552764	-1.9422110552764	-1.9422110552764	-1.9422110552764	-1.9422110552764	-1.9422110552764	-1.9422110552764	-1.9422110552764	-1.9422110552764	-1.9422110552764	-1.9422110552764	-1.9422110552764	-1.9422110552764	-1.9422110552764	-1.9422110552764	-1.9422110552764	-1.9422110552764	-1.9422110552764	-1.9422110552764	-1.9422110552764	-1.9422110552764	-1.9422110552764	-1.9422110552764	-1.9422110552764	-1.9422110552764	-1.9422110552764	-1.9422110552764	-1.9422110552764	-1.9422110552764	-1.9422110552764	-1.9422110552764	-1.9422110552764	-1.9422110552764	-1.9422110552764	-1.9422110552764	-1.9422110552764	-1.9422110552764	-1.9422110552764	-1.9422110552764	-1.9422110552764	-1.9422110552764	-1.9422110552764	-1.9422110552764	-1.9422110552764	-1.9422110552764	-1.9422110552764	-1.9422110552764	-1.9422110552764	-1.9422110552764	-1.9422110552764	-1.9422110552764	-1.9422110552764	-1.9422110552764	-1.9422110552764	-1.9422110552764	-1.9422110552764	-1.9422110552764	-1.9422110552764	-1.9422110552764	-1.9422110552764	-1.9422110552764	-1.9422110552764	-1.9422110552764	-1.9422110552764	-1.9422110552764	-1.9422110552764	-1.9422110552764	-1.9422110552764	-1.9422110552764	-1.9422110552764	-1.9422110552764	-1.9422110552764	-1.9422110552764	-1.9422110552764	-1.9422110552764	-1.9422110552764	-1.9422110552764	-1.9422110552764	-1.9422110552764	-1.9422110552764	-1.9422110552764	-1.9422110552764	-1.9422110552764	-1.9422110552764	-1.9422110552764	-1.9422110552764	-1.9422110552764	-1.9422110552764	-1.9422110552764	-1.9422110552764	-1.9422110552764	-1.9422110552764	-1.9422110552764	-1.9422110552764	-1.9422110552764	-1.9422110552764	-1.9422110552764	-1.9422110552764	-1.9422110552764	-1.9422110552764	-1.9422110552764	-1.9422110552764	-1.9422110552764	-1.9422110552764	-1.9422110552764	-1.9422110552764	-1.9422110552764	-1.9422110552764	-1.9422110552764	-1.9422110552764	-1.9422110552764	-1.9422110552764	-1.9422110552764	-1.9422110552764	-1.9422110552764	-1.9422110552764	-1.9422110552764	-1.9422110552764	-1.9422110552764	-1.9422110552764	-1.9422110552764	-1.9422110552764	-1.9422110552764	-1.9422110552764	-1.9422110552764	-1.9422110552764	-1.9422110552764	-1.9422110552764	-1.9422110552764	-1.9422110552764	-1.9422110552764	-1.9422110552764	-1.9422110552764	-1.9422110552764	-1.9422110552764	-1.9422110552764	-1.9422110552764	-1.9422110552764	-1.9422110552764	-1.9422110552764	-1.9422110552764	-1.9422110552764	-1.9422110552764	-1.9422110552764	-1.9422110552764	-1.9422110552764	-1.9422110552764	-1.9422110552764	-1.9422110552764	-1.9422110552764
-1.7261306532663	-1.7261306532663	-1.7261306532663	-1.7261306532663	-1.7261306532663	-1.7261306532663	-1.7261306532663	-1.7261306532663	-1.7261306532663	-1.7261306532663	-1.7261306532663	-1.7261306532663	-1.7261306532663	-1.7261306532663	-1.7261306532663	-1.7261306532663	-1.7261306532663	-1.7261306532663	-1.7261306532663	-1.7261306532663	-1.7261306532663	-1.7261306532663	-1.7261306532663	-1.7261306532663	-1.7261306532663	-1.7261306532663	-1.7261306532663	-1.7261306532663	-1.7261306532663	-1.7261306532663	-1.7261306532663	-1.7261306532663	-1.7261306532663	-1.7261306532663	-1.7261306532663	-1.7261306532663	-1.7261306532663	-1.7261306532663	-1.7261306532663	-1.7261306532663	-1.7261306532663	-1.7261306532663	-1.7261306532663	-1.7261306532663	-1.7261306532663	-1.7261306532663	-1.7261306532663	-1.7261306532663	-1.7261306532663	-1.7261306532663	-1.7261306532663	-1.7261306532663	-1.7261306532663	-1.7261306532663	-1.7261306532663	-1.7261306532663	-1.7261306532663	-1.7261306532663	-1.7261306532663	-1.7261306532663	-1.7261306532663	-1.7261306532663	-1.7261306532663	-1.7261306532663	-1.7261306532663	-1.7261306532663	-1.7261306532663	-1.7261306532663	-1.7261306532663	-1.7261306532663	-1.7261306532663	-1.7261306532663	-1.7261306532663	-1.7261306532663	-1.7261306532663	-1.7261306532663	-1.7261306532663	-1.7261306532663	-1.7261306532663	-1.7261306532663	-1.7261306532663	-1.7261306532663	-1.7261306532663	-1.7261306532663	-1.7261306532663	-1.7261306532663	-1.7261306532663	-1.7261306532663	-1.7261306532663	-1.7261306532663	-1.7261306532663	-1.7261306532663	-1.7261306532663	-1.7261306532663	-1.7261306532663	-1.7261306532663	-1.7261306532663	-1.7261306532663	-1.7261306532663	-1.7261306532663	-1.7261306532663	-1.7261306532663	-1.7261306532663	-1.7261306532663	-1.7261306532663	-1.7261306532663	-1.7261306532663	-1.7261306532663	-1.7261306532663	-1.7261306532663	-1.7261306532663	-1.7261306532663	-1.7261306532663	-1.7261306532663	-1.7261306532663	-1.7261306532663	-1.7261306532663	-1.7261306532663	-1.7261306532663	-1.7261306532663	-1.7261306532663	-1.7261306532663	-1.7261306532663	-1.7261306532663	-1.7261306532663	-1.7261306532663	-1.7261306532663	-1.7261306532663	-1.7261306532663	-1.7261306532663	-1.7261306532663	-1.7261306532663	-1.7261306532663	-1.7261306532663	-1.7261306532663	-1.7261306532663	-1.7261306532663	-1.7261306532663	-1.7261306532663	-1.7261306532663	-1.7261306532663	-1.7261306532663	-1.7261306532663	-1.7261306532663	-1.7261306532663	-1.7261306532663	-1.7261306532663	-1.7261306532663	-1.7261306532663	-1.7261306532663	-1.7261306532663	-1.7261306532663	-1.7261306532663	-1.7261306532663	-1.7261306532663	-1.7261306532663	-1.7261306532663	-1.7261306532663	-1.7261306532663	-1.7261306532663	-1.7261306532663	-1.7261306532663	-1.7261306532663	-1.7261306532663	-1.7261306532663	-1.7261306532663	-1.7261306532663	-1.7261306532663	-1.7261306532663	-1.7261306532663	-1.7261306532663	-1.7261306532663	-1.7261306532663	-1.7261306532663	-1.7261306532663	-1.7261306532663	-1.7261306532663	-1.7261306532663	-1.7261306532663	-1.7261306532663	-1.7261306532663	-1.7261306532663	-1.7261306532663	-1.7261306532663	-1.7261306532663	-1.7261306532663	-1.7261306532663	-1.7261306532663	-1.7261306532663	-1.7261306532663	-1.7261306532663	-1.7261306532663	-1.7261306532663	-1.7261306532663	-1.7261306532663	-1.7261306532663	-1.7261306532663	-1.7261306532663	-1.7261306532663	-1.7261306532663
-1.5100502512563	-1.5100502512563	-1.5100502512563	-1.5100502512563	-1.5100502512563	-1.5100502512563	-1.5100502512563	-1.5100502512563	-1.5100502512563	-1.5100502512563	-1.5100502512563	-1.5100502512563	-1.5100502512563	-1.5100502512563	-1.5100502512563	-1.5100502512563	-1.5100502512563	-1.5100502512563	-1.5100502512563	-1.5100502512563	-1.5100502512563	-1.5100502512563	-1.5100502512563	-1.5100502512563	-1.5100502512563	-1.5100502512563	-1.5100502512563	-1.5100502512563	-1.5100502512563	-1.5100502512563	-1.5100502512563	-1.5100502512563	-1.5100502512563	-1.5100502512563	-1.5100502512563	-1.5100502512563	-1.5100502512563	-1.5100502512563	-1.5100502512563	-1.5100502512563	-1.5100502512563	-1.5100502512563	-1.5100502512563	-1.5100502512563	-1.5100502512563	-1.5100502512563	-1.5100502512563	-1.5100502512563	-1.5100502512563	-1.5100502512563	-1.5100502512563	-1.5100502512563	-1.5100502512563	-1.5100502512563	-1.5100502512563	-1.5100502512563	-1.5100502512563	-1.5100502512563	-1.5100502512563	-1.5100502512563	-1.5100502512563	-1.5100502512563	-1.5100502512563	-1.5100502512563	-1.5100502512563	-1.5100502512563	-1.5100502512563	-1.5100502512563	-1.5100502512563	-1.5100502512563	-1.5100502512563	-1.5100502512563	-1.5100502512563	-1.5100502512563	-1.5100502512563	-1.5100502512563	-1.5100502512563	-1.5100502512563	-1.5100502512563	-1.5100502512563	-1.5100502512563	-1.5100502512563	-1.5100502512563	-1.5100502512563	-1.5100502512563	-1.5100502512563	-1.5100502512563	-1.5100502512563	-1.5100502512563	-1.5100502512563	-1.5100502512563	-1.5100502512563	-1.5100502512563	-1.5100502512563	-1.5100502512563	-1.5100502512563	-1.5100502512563	-1.5100502512563	-1.5100502512563	-1.5100502512563	-1.5100502512563	-1.5100502512563	-1.5100502512563	-1.5100502512563	-1.5100502512563	-1.5100502512563	-1.5100502512563	-1.5100502512563	-1.5100502512563	-1.5100502512563	-1.5100502512563	-1.5100502512563	-1.5100502512563	-1.5100502512563	-1.5100502512563	-1.5100502512563	-1.5100502512563	-1.5100502512563	-1.5100502512563	-1.5100502512563	-1.5100502512563	-1.5100502512563	-1.5100502512563	-1.5100502512563	-1.5100502512563	-1.5100502512563	-1.5100502512563	-1.5100502512563	-1.5100502512563	-1.5100502512563	-1.5100502512563	-1.5100502512563	-1.5100502512563	-1.5100502512563	-1.5100502512563	-1.5100502512563	-1.5100502512563	-1.5100502512563	-1.5100502512563	-1.5100502512563	-1.5100502512563	-1.5100502512563	-1.5100502512563	-1.5100502512563	-1.5100502512563	-1.5100502512563	-1.5100502512563	-1.5100502512563	-1.5100502512563	-1.5100502512563	-1.5100502512563	-1.5100502512563	-1.5100502512563	-1.5100502512563	-1.5100502512563	-1.5100502512563	-1.5100502512563	-1.5100502512563	-1.5100502512563	-1.5100502512563	-1.5100502512563	-1.5100502512563	-1.5100502512563	-1.5100502512563	-1.5100502512563	-1.5100502512563	-1.5100502512563	-1.5100502512563	-1.5100502512563	-1.5100502512563	-1.5100502512563	-1.5100502512563	-1.5100502512563	-1.5100502512563	-1.5100502512563	-1.5100502512563	-1.5100502512563	-1.5100502512563	-1.5100502512563	-1.5100502512563	-1.5100502512563	-1.5100502512563	-1.5100502512563	-1.5100502512563	-1.5100502512563	-1.5100502512563	-1.5100502512563	-1.5100502512563	-1.5100502512563	-1.5100502512563	-1.5100502512563	-1.5100502512563	-1.5100502512563	-1.5100502512563	-1.5100502512563	-1.5100502512563	-1.5100502512563	-1.5100502512563	-1.5100502512563	-1.5100502512563
-1.2939698492462	-1.2939698492462	-1.2939698492462	-1.2939698492462	-1.2939698492462	-1.2939698492462	-1.2939698492462	-1.2939698492462	-1.2939698492462	-1.2939698492462	-1.2939698492462	-1.2939698492462	-1.2939698492462	-1.2939698492462	-1.2939698492462	-1.2939698492462	-1.2939698492462	-1.2939698492462	-1.2939698492462	-1.2939698492462	-1.2939698492462	-1.2939698492462	-1.2939698492462	-1.2939698492462	-1.2939698492462	-1.2939698492462	-1.2939698492462	-1.2939698492462	-1.2939698492462	-1.2939698492462	-1.2939698492462	-1.2939698492462	-1.2939698492462	-1.2939698492462	-1.2939698492462	-1.2939698492462	-1.2939698492462	-1.2939698492462	-1.2939698492462	-1.2939698492462	-1.2939698492462	-1.2939698492462	-1.2939698492462	-1.2939698492462	-1.2939698492462	-1.2939698492462	-1.2939698492462	-1.2939698492462	-1.2939698492462	-1.2939698492462	-1.2939698492462	-1.2939698492462	-1.2939698492462	-1.2939698492462	-1.2939698492462	-1.2939698492462	-1.2939698492462	-1.2939698492462	-1.2939698492462	-1.2939698492462	-1.2939698492462	-1.2939698492462	-1.2939698492462	-1.2939698492462	-1.2939698492462	-1.2939698492462	-1.2939698492462	-1.2939698492462	-1.2939698492462	-1.2939698492462	-1.2939698492462	-1.2939698492462	-1.2939698492462	-1.2939698492462	-1.2939698492462	-1.2939698492462	-1.2939698492462	-1.2939698492462	-1.2939698492462	-1.2939698492462	-1.2939698492462	-1.2939698492462	-1.2939698492462	-1.2939698492462	-1.2939698492462	-1.2939698492462	-1.2939698492462	-1.2939698492462	-1.2939698492462	-1.2939698492462	-1.2939698492462	-1.2939698492462	-1.2939698492462	-1.2939698492462	-1.2939698492462	-1.2939698492462	-1.2939698492462	-1.2939698492462	-1.2939698492462	-1.2939698492462	-1.2939698492462	-1.2939698492462	-1.2939698492462	-1.2939698492462	-1.2939698492462	-1.2939698492462	-1.2939698492462	-1.2939698492462	-1.2939698492462	-1.2939698492462	-1.2939698492462	-1.2939698492462	-1.2939698492462	-1.2939698492462	-1.2939698492462	-1.2939698492462	-1.2939698492462	-1.2939698492462	-1.2939698492462	-1.2939698492462	-1.2939698492462	-1.2939698492462	-1.2939698492462	-1.2939698492462	-1.2939698492462	-1.2939698492462	-1.2939698492462	-1.2939698492462	-1.2939698492462	-1.2939698492462	-1.2939698492462	-1.2939698492462	-1.2939698492462	-1.2939698492462	-1.2939698492462	-1.2939698492462	-1.2939698492462	-1.2939698492462	-1.2939698492462	-1.2939698492462	-1.2939698492462	-1.2939698492462	-1.2939698492462	-1.2939698492462	-1.2939698492462	-1.2939698492462	-1.2939698492462	-1.2939698492462	-1.2939698492462	-1.2939698492462	-1.2939698492462	-1.2939698492462	-1.2939698492462	-1.2939698492462	-1.2939698492462	-1.2939698492462	-1.2939698492462	-1.2939698492462	-1.2939698492462	-1.2939698492462	-1.2939698492462	-1.2939698492462	-1.2939698492462	-1.2939698492462	-1.2939698492462	-1.2939698492462	-1.2939698492462	-1.2939698492462	-1.2939698492462	-1.2939698492462	-1.2939698492462	-1.2939698492462	-1.2939698492462	-1.2939698492462	-1.2939698492462	-1.2939698492462	-1.2939698492462	-1.2939698492462	-1.2939698492462	-1.2939698492462	-1.2939698492462	-1.2939698492462	-1.2939698492462	-1.2939698492462	-1.2939698492462	-1.2939698492462	-1.2939698492462	-1.2939698492462	-1.2939698492462	-1.2939698492462	-1.2939698492462	-1.2939698492462	-1.2939698492462	-1.2939698492462	-1.2939698492462	-1.2939698492462	-1.2939698492462	-1.2939698492462	-1.2939698492462	-1.2939698492462
-1.0778894472362	-1.0778894472362	-1.0778894472362	-1.0778894472362	-1.0778894472362	-1.0778894472362	-1.0778894472362	-1.0778894472362	-1.0778894472362	-1.0778894472362	-1.0778894472362	-1.0778894472362	-1.0778894472362	-1.0778894472362	-1.0778894472362	-1.0778894472362	-1.0778894472362	-1.0778894472362	-1.0778894472362	-1.0778894472362	-1.0778894472362	-1.0778894472362	-1.0778894472362	-1.0778894472362	-1.0778894472362	-1.0778894472362	-1.0778894472362	-1.0778894472362	-1.0778894472362	-1.0778894472362	-1.0778894472362	-1.0778894472362	-1.0778894472362	-1.0778894472362	-1.0778894472362	-1.0778894472362	-1.0778894472362	-1.0778894472362	-1.0778894472362	-1.0778894472362	-1.0778894472362	-1.0778894472362	-1.0778894472362	-1.0778894472362	-1.0778894472362	-1.0778894472362	-1.0778894472362	-1.0778894472362	-1.0778894472362	-1.0778894472362	-1.0778894472362	-1.0778894472362	-1.0778894472362	-1.0778894472362	-1.0778894472362	-1.0778894472362	-1.0778894472362	-1.0778894472362	-1.0778894472362	-1.0778894472362	-1.0778894472362	-1.0778894472362	-1.0778894472362	-1.0778894472362	-1.0778894472362	-1.0778894472362	-1.0778894472362	-1.0778894472362	-1.0778894472362	-1.0778894472362	-1.0778894472362	-1.0778894472362	-1.0778894472362	-1.0778894472362	-1.0778894472362	-1.0778894472362	-1.0778894472362	-1.0778894472362	-1.0778894472362	-1.0778894472362	-1.0778894472362	-1.0778894472362	-1.0778894472362	-1.0778894472362	-1.0778894472362	-1.0778894472362	-1.0778894472362	-1.0778894472362	-1.0778894472362	-1.0778894472362	-1.0778894472362	-1.0778894472362	-1.0778894472362	-1.0778894472362	-1.0778894472362	-1.0778894472362	-1.0778894472362	-1.0778894472362	-1.0778894472362	-1.0778894472362	-1.0778894472362	-1.0778894472362	-1.0778894472362	-1.0778894472362	-1.0778894472362	-1.0778894472362	-1.0778894472362	-1.0778894472362	-1.0778894472362	-1.0778894472362	-1.0778894472362	-1.0778894472362	-1.0778894472362	-1.0778894472362	-1.0778894472362	-1.0778894472362	-1.0778894472362	-1.0778894472362	-1.0778894472362	-1.0778894472362	-1.0778894472362	-1.0778894472362	-1.0778894472362	-1.0778894472362	-1.0778894472362	-1.0778894472362	-1.0778894472362	-1.0778894472362	-1.0778894472362	-1.0778894472362	-1.0778894472362	-1.0778894472362	-1.0778894472362	-1.0778894472362	-1.0778894472362	-1.0778894472362	-1.0778894472362	-1.0778894472362	-1.0778894472362	-1.0778894472362	-1.0778894472362	-1.0778894472362	-1.0778894472362	-1.0778894472362	-1.0778894472362	-1.0778894472362	-1.0778894472362	-1.0778894472362	-1.0778894472362	-1.0778894472362	-1.0778894472362	-1.0778894472362	-1.0778894472362	-1.0778894472362	-1.0778894472362	-1.0778894472362	-1.0778894472362	-1.0778894472362	-1.0778894472362	-1.0778894472362	-1.0778894472362	-1.0778894472362	-1.0778894472362	-1.0778894472362	-1.0778894472362	-1.0778894472362	-1.0778894472362	-1.0778894472362	-1.0778894472362	-1.0778894472362	-1.0778894472362	-1.0778894472362	-1.0778894472362	-1.0778894472362	-1.0778894472362	-1.0778894472362	-1.0778894472362	-1.0778894472362	-1.0778894472362	-1.0778894472362	-1.0778894472362	-1.0778894472362	-1.0778894472362	-1.0778894472362	-1.0778894472362	-1.0778894472362	-1.0778894472362	-1.0778894472362	-1.0778894472362	-1.0778894472362	-1.0778894472362	-1.0778894472362	-1.0778894472362	-1.0778894472362	-1.0778894472362	-1.0778894472362	-1.0778894472362	-1.0778894472362	-1.0778894472362	-1.0778894472362
-0.86180904522613	-0.86180904522613	-0.86180904522613	-0.86180904522613	-0.86180904522613	-0.86180904522613	-0.86180904522613	-0.86180904522613	-0.86180904522613	-0.86180904522613	-0.86180904522613	-0.86180904522613	-0.86180904522613	-0.86180904522613	-0.86180904522613	-0.86180904522613	-0.86180904522613	-0.86180904522613	-0.86180904522613	-0.86180904522613	-0.86180904522613	-0.86180904522613	-0.86180904522613	-0.86180904522613	-0.86180904522613	-0.86180904522613	-0.86180904522613	-0.86180904522613	-0.86180904522613	-0.86180904522613	-0.86180904522613	-0.86180904522613	-0.86180904522613	-0.86180904522613	-0.86180904522613	-0.86180904522613	-0.86180904522613	-0.86180904522613	-0.86180904522613	-0.86180904522613	-0.86180904522613	-0.86180904522613	-0.86180904522613	-0.86180904522613	-0.86180904522613	-0.86180904522613	-0.86180904522613	-0.86180904522613	-0.86180904522613	-0.86180904522613	-0.86180904522613	-0.86180904522613	-0.86180904522613	-0.86180904522613	-0.86180904522613	-0.86180904522613	-0.86180904522613	-0.86180904522613	-0.86180904522613	-0.86180904522613	-0.86180904522613	-0.86180904522613	-0.86180904522613	-0.86180904522613	-0.86180904522613	-0.86180904522613	-0.86180904522613	-0.86180904522613	-0.86180904522613	-0.86180904522613	-0.86180904522613	-0.86180904522613	-0.86180904522613	-0.86180904522613	-0.86180904522613	-0.86180904522613	-0.86180904522613	-0.86180904522613	-0.86180904522613	-0.86180904522613	-0.86180904522613	-0.86180904522613	-0.86180904522613	-0.86180904522613	-0.86180904522613	-0.86180904522613	-0.86180904522613	-0.86180904522613	-0.86180904522613	-0.86180904522613	-0.86180904522613	-0.86180904522613	-0.86180904522613	-0.86180904522613	-0.86180904522613	-0.86180904522613	-0.86180904522613	-0.86180904522613	-0.86180904522613	-0.86180904522613	-0.86180904522613	-0.86180904522613	-0.86180904522613	-0.86180904522613	-0.86180904522613	-0.86180904522613	-0.86180904522613	-0.86180904522613	-0.86180904522613	-0.86180904522613	-0.86180904522613	-0.86180904522613	-0.86180904522613	-0.86180904522613	-0.86180904522613	-0.86180904522613	-0.86180904522613	-0.86180904522613	-0.86180904522613	-0.86180904522613	-0.86180904522613	-0.86180904522613	-0.86180904522613	-0.86180904522613	-0.86180904522613	-0.86180904522613	-0.86180904522613	-0.86180904522613	-0.86180904522613	-0.86180904522613	-0.86180904522613	-0.86180904522613	-0.86180904522613	-0.86180904522613	-0.86180904522613	-0.86180904522613	-0.86180904522613	-0.86180904522613	-0.86180904522613	-0.86180904522613	-0.86180904522613	-0.86180904522613	-0.86180904522613	-0.86180904522613	-0.86180904522613	-0.86180904522613	-0.86180904522613	-0.86180904522613	-0.86180904522613	-0.86180904522613	-0.86180904522613	-0.86180904522613	-0.86180904522613	-0.86180904522613	-0.86180904522613	-0.86180904522613	-0.86180904522613	-0.86180904522613	-0.86180904522613	-0.86180904522613	-0.86180904522613	-0.86180904522613	-0.86180904522613	-0.86180904522613	-0.86180904522613	-0.86180904522613	-0.86180904522613	-0.86180904522613	-0.86180904522613	-0.86180904522613	-0.86180904522613	-0.86180904522613	-0.86180904522613	-0.86180904522613	-0.86180904522613	-0.86180904522613	-0.86180904522613	-0.86180904522613	-0.86180904522613	-0.86180904522613	-0.86180904522613	-0.86180904522613	-0.86180904522613	-0.86180904522613	-0.86180904522613	-0.86180904522613	-0.86180904522613	-0.86180904522613	-0.86180904522613	-0.86180904522613	-0.86180904522613	-0.86180904522613	-0.86180904522613	-0.86180904522613	-0.86180904522613	-0.86180904522613	-0.86180904522613	-0.86180904522613	-0.86180904522613	-0.86180904522613
-0.64572864321608	-0.64572864321608	-0.64572864321608	-0.64572864321608	-0.64572864321608	-0.64572864321608	-0.64572864321608	-0.64572864321608	-0.64572864321608	-0.64572864321608	-0.64572864321608	-0.64572864321608	-0.64572864321608	-0.64572864321608	-0.64572864321608	-0.64572864321608	-0.64572864321608	-0.64572864321608	-0.64572864321608	-0.64572864321608	-0.64572864321608	-0.64572864321608	-0.64572864321608	-0.64572864321608	-0.64572864321608	-0.64572864321608	-0.64572864321608	-0.64572864321608	-0.64572864321608	-0.64572864321608	-0.64572864321608	-0.64572864321608	-0.64572864321608	-0.64572864321608	-0.64572864321608	-0.64572864321608	-0.64572864321608	-0.64572864321608	-0.64572864321608	-0.64572864321608	-0.64572864321608	-0.64572864321608	-0.64572864321608	-0.64572864321608	-0.64572864321608	-0.64572864321608	-0.64572864321608	-0.64572864321608	-0.64572864321608	-0.64572864321608	-0.64572864321608	-0.64572864321608	-0.64572864321608	-0.64572864321608	-0.64572864321608	-0.64572864321608	-0.64572864321608	-0.64572864321608	-0.64572864321608	-0.64572864321608	-0.64572864321608	-0.64572864321608	-0.64572864321608	-0.64572864321608	-0.64572864321608	-0.64572864321608	-0.64572864321608	-0.64572864321608	-0.64572864321608	-0.64572864321608	-0.64572864321608	-0.64572864321608	-0.64572864321608	-0.64572864321608	-0.64572864321608	-0.64572864321608	-0.64572864321608	-0.64572864321608	-0.64572864321608	-0.64572864321608	-0.64572864321608	-0.64572864321608	-0.64572864321608	-0.64572864321608	-0.64572864321608	-0.64572864321608	-0.64572864321608	-0.64572864321608	-0.64572864321608	-0.64572864321608	-0.64572864321608	-0.64572864321608	-0.64572864321608	-0.64572864321608	-0.64572864321608	-0.64572864321608	-0.64572864321608	-0.64572864321608	-0.64572864321608	-0.64572864321608	-0.64572864321608	-0.64572864321608	-0.64572864321608	-0.64572864321608	-0.64572864321608	-0.64572864321608	-0.64572864321608	-0.64572864321608	-0.64572864321608	-0.64572864321608	-0.64572864321608	-0.64572864321608	-0.64572864321608	-0.64572864321608	-0.64572864321608	-0.64572864321608	-0.64572864321608	-0.64572864321608	-0.64572864321608	-0.64572864321608	-0.64572864321608	-0.64572864321608	-0.64572864321608	-0.64572864321608	-0.64572864321608	-0.64572864321608	-0.64572864321608	-0.64572864321608	-0.64572864321608	-0.64572864321608	-0.64572864321608	-0.64572864321608	-0.64572864321608	-0.64572864321608	-0.64572864321608	-0.64572864321608	-0.64572864321608	-0.64572864321608	-0.64572864321608	-0.64572864321608	-0.64572864321608	-0.64572864321608	-0.64572864321608	-0.64572864321608	-0.64572864321608	-0.64572864321608	-0.64572864321608	-0.64572864321608	-0.64572864321608	-0.64572864321608	-0.64572864321608	-0.64572864321608	-0.64572864321608	-0.64572864321608	-0.64572864321608	-0.64572864321608	-0.64572864321608	-0.64572864321608	-0.64572864321608	-0.64572864321608	-0.64572864321608	-0.64572864321608	-0.64572864321608	-0.64572864321608	-0.64572864321608	-0.64572864321608	-0.64572864321608	-0.64572864321608	-0.64572864321608	-0.64572864321608	-0.64572864321608	-0.64572864321608	-0.64572864321608	-0.64572864321608	-0.64572864321608	-0.64572864321608	-0.64572864321608	-0.64572864321608	-0.64572864321608	-0.64572864321608	-0.64572864321608	-0.64572864321608	-0.64572864321608	-0.64572864321608	-0.64572864321608	-0.64572864321608	-0.64572864321608	-0.64572864321608	-0.64572864321608	-0.64572864321608	-0.64572864321608	-0.64572864321608	-0.64572864321608	-0.64572864321608	-0.64572864321608	-0.64572864321608	-0.64572864321608	-0.64572864321608	-0.64572864321608	-0.64572864321608
-0.42964824120603	-0.42964824120603	-0.42964824120603	-0.42964824120603	-0.42964824120603	-0.42964824120603	-0.42964824120603	-0.42964824120603	-0.42964824120603	-0.42964824120603	-0.42964824120603	-0.42964824120603	-0.42964824120603	-0.42964824120603	-0.42964824120603	-0.42964824120603	-0.42964824120603	-0.42964824120603	-0.42964824120603	-0.42964824120603	-0.42964824120603	-0.42964824120603	-0.42964824120603	-0.42964824120603	-0.42964824120603	-0.42964824120603	-0.42964824120603	-0.42964824120603	-0.42964824120603	-0.42964824120603	-0.42964824120603	-0.42964824120603	-0.42964824120603	-0.42964824120603	-0.42964824120603	-0.42964824120603	-0.42964824120603	-0.42964824120603	-0.42964824120603	-0.42964824120603	-0.42964824120603	-0.42964824120603	-0.42964824120603	-0.42964824120603	-0.42964824120603	-0.42964824120603	-0.42964824120603	-0.42964824120603	-0.42964824120603	-0.42964824120603	-0.42964824120603	-0.42964824120603	-0.42964824120603	-0.42964824120603	-0.42964824120603	-0.42964824120603	-0.42964824120603	-0.42964824120603	-0.42964824120603	-0.42964824120603	-0.42964824120603	-0.42964824120603	-0.42964824120603	-0.42964824120603	-0.42964824120603	-0.42964824120603	-0.42964824120603	-0.42964824120603	-0.42964824120603	-0.42964824120603	-0.42964824120603	-0.42964824120603	-0.42964824120603	-0.42964824120603	-0.42964824120603	-0.42964824120603	-0.42964824120603	-0.42964824120603	-0.42964824120603	-0.42964824120603	-0.42964824120603	-0.42964824120603	-0.42964824120603	-0.42964824120603	-0.42964824120603	-0.42964824120603	-0.42964824120603	-0.42964824120603	-0.42964824120603	-0.42964824120603	-0.42964824120603	-0.42964824120603	-0.42964824120603	-0.42964824120603	-0.42964824120603	-0.42964824120603	-0.42964824120603	-0.42964824120603	-0.42964824120603	-0.42964824120603	-0.42964824120603	-0.42964824120603	-0.42964824120603	-0.42964824120603	-0.42964824120603	-0.42964824120603	-0.42964824120603	-0.42964824120603	-0.42964824120603	-0.42964824120603	-0.42964824120603	-0.42964824120603	-0.42964824120603	-0.42964824120603	-0.42964824120603	-0.42964824120603	-0.42964824120603	-0.42964824120603	-0.42964824120603	-0.42964824120603	-0.42964824120603	-0.42964824120603	-0.42964824120603	-0.42964824120603	-0.42964824120603	-0.42964824120603	-0.42964824120603	-0.42964824120603	-0.42964824120603	-0.42964824120603	-0.42964824120603	-0.42964824120603	-0.42964824120603	-0.42964824120603	-0.42964824120603	-0.42964824120603	-0.42964824120603	-0.42964824120603	-0.42964824120603	-0.42964824120603	-0.42964824120603	-0.42964824120603	-0.42964824120603	-0.42964824120603	-0.42964824120603	-0.42964824120603	-0.42964824120603	-0.42964824120603	-0.42964824120603	-0.42964824120603	-0.42964824120603	-0.42964824120603	-0.42964824120603	-0.42964824120603	-0.42964824120603	-0.42964824120603	-0.42964824120603	-0.42964824120603	-0.42964824120603	-0.42964824120603	-0.42964824120603	-0.42964824120603	-0.42964824120603	-0.42964824120603	-0.42964824120603	-0.42964824120603	-0.42964824120603	-0.42964824120603	-0.42964824120603	-0.42964824120603	-0.42964824120603	-0.42964824120603	-0.42964824120603	-0.42964824120603	-0.42964824120603	-0.42964824120603	-0.42964824120603	-0.42964824120603	-0.42964824120603	-0.42964824120603	-0.42964824120603	-0.42964824120603	-0.42964824120603	-0.42964824120603	-0.42964824120603	-0.42964824120603	-0.42964824120603	-0.42964824120603	-0.42964824120603	-0.42964824120603	-0.42964824120603	-0.42964824120603	-0.42964824120603	-0.42964824120603	-0.42964824120603	-0.42964824120603	-0.42964824120603	-0.42964824120603	-0.42964824120603	-0.42964824120603
-0.21356783919598	-0.21356783919598	-0.21356783919598	-0.21356783919598	-0.21356783919598	-0.21356783919598	-0.21356783919598	-0.21356783919598	-0.21356783919598	-0.21356783919598	-0.21356783919598	-0.21356783919598	-0.21356783919598	-0.21356783919598	-0.21356783919598	-0.21356783919598	-0.21356783919598	-0.21356783919598	-0.21356783919598	-0.21356783919598	-0.21356783919598	-0.21356783919598	-0.21356783919598	-0.21356783919598	-0.21356783919598	-0.21356783919598	-0.21356783919598	-0.21356783919598	-0.21356783919598	-0.21356783919598	-0.21356783919598	-0.21356783919598	-0.21356783919598	-0.21356783919598	-0.21356783919598	-0.21356783919598	-0.21356783919598	-0.21356783919598	-0.21356783919598	-0.21356783919598	-0.21356783919598	-0.21356783919598	-0.21356783919598	-0.21356783919598	-0.21356783919598	-0.21356783919598	-0.21356783919598	-0.21356783919598	-0.21356783919598	-0.21356783919598	-0.21356783919598	-0.21356783919598	-0.21356783919598	-0.21356783919598	-0.21356783919598	-0.21356783919598	-0.21356783919598	-0.21356783919598	-0.21356783919598	-0.21356783919598	-0.21356783919598	-0.21356783919598	-0.21356783919598	-0.21356783919598	-0.21356783919598	-0.21356783919598	-0.21356783919598	-0.21356783919598	-0.21356783919598	-0.21356783919598	-0.21356783919598	-0.21356783919598	-0.21356783919598	-0.21356783919598	-0.21356783919598	-0.21356783919598	-0.21356783919598	-0.21356783919598	-0.21356783919598	-0.21356783919598	-0.21356783919598	-0.21356783919598	-0.21356783919598	-0.21356783919598	-0.21356783919598	-0.21356783919598	-0.21356783919598	-0.21356783919598	-0.21356783919598	-0.21356783919598	-0.21356783919598	-0.21356783919598	-0.21356783919598	-0.21356783919598	-0.21356783919598	-0.21356783919598	-0.21356783919598	-0.21356783919598	-0.21356783919598	-0.21356783919598	-0.21356783919598	-0.21356783919598	-0.21356783919598	-0.21356783919598	-0.21356783919598	-0.21356783919598	-0.21356783919598	-0.21356783919598	-0.21356783919598	-0.21356783919598	-0.21356783919598	-0.21356783919598	-0.21356783919598	-0.21356783919598	-0.21356783919598	-0.21356783919598	-0.21356783919598	-0.21356783919598	-0.21356783919598	-0.21356783919598	-0.21356783919598	-0.21356783919598	-0.21356783919598	-0.21356783919598	-0.21356783919598	-0.21356783919598	-0.21356783919598	-0.21356783919598	-0.21356783919598	-0.21356783919598	-0.21356783919598	-0.21356783919598	-0.21356783919598	-0.21356783919598	-0.21356783919598	-0.21356783919598	-0.21356783919598	-0.21356783919598	-0.21356783919598	-0.21356783919598	-0.21356783919598	-0.21356783919598	-0.21356783919598	-0.21356783919598	-0.21356783919598	-0.21356783919598	-0.21356783919598	-0.21356783919598	-0.21356783919598	-0.21356783919598	-0.21356783919598	-0.21356783919598	-0.21356783919598	-0.21356783919598	-0.21356783919598	-0.21356783919598	-0.21356783919598	-0.21356783919598	-0.21356783919598	-0.21356783919598	-0.21356783919598	-0.21356783919598	-0.21356783919598	-0.21356783919598	-0.21356783919598	-0.21356783919598	-0.21356783919598	-0.21356783919598	-0.21356783919598	-0.21356783919598	-0.21356783919598	-0.21356783919598	-0.21356783919598	-0.21356783919598	-0.21356783919598	-0.21356783919598	-0.21356783919598	-0.21356783919598	-0.21356783919598	-0.21356783919598	-0.21356783919598	-0.21356783919598	-0.21356783919598	-0.21356783919598	-0.21356783919598	-0.21356783919598	-0.21356783919598	-0.21356783919598	-0.21356783919598	-0.21356783919598	-0.21356783919598	-0.21356783919598	-0.21356783919598	-0.21356783919598	-0.21356783919598	-0.21356783919598	-0.21356783919598	-0.21356783919598	-0.21356783919598	-0.21356783919598
0.0025125628140685	0.0025125628140685	0.0025125628140685	0.0025125628140685	0.0025125628140685	0.0025125628140685	0.0025125628140685	0.0025125628140685	0.0025125628140685	0.0025125628140685	0.0025125628140685	0.0025125628140685	0.0025125628140685	0.0025125628140685	0.0025125628140685	0.0025125628140685	0.0025125628140685	0.0025125628140685	0.0025125628140685	0.0025125628140685	0.0025125628140685	0.0025125628140685	0.0025125628140685	0.0025125628140685	0.0025125628140685	0.0025125628140685	0.0025125628140685	0.0025125628140685	0.0025125628140685	0.0025125628140685	0.0025125628140685	0.0025125628140685	0.0025125628140685	0.0025125628140685	0.0025125628140685	0.0025125628140685	0.0025125628140685	0.0025125628140685	0.0025125628140685	0.0025125628140685	0.0025125628140685	0.0025125628140685	0.0025125628140685	0.0025125628140685	0.0025125628140685	0.0025125628140685	0.0025125628140685	0.0025125628140685	0.0025125628140685	0.0025125628140685	0.0025125628140685	0.0025125628140685	0.0025125628140685	0.0025125628140685	0.0025125628140685	0.0025125628140685	0.0025125628140685	0.0025125628140685	0.0025125628140685	0.0025125628140685	0.0025125628140685	0.0025125628140685	0.0025125628140685	0.0025125628140685	0.0025125628140685	0.0025125628140685	0.0025125628140685	0.0025125628140685	0.0025125628140685	0.0025125628140685	0.0025125628140685	0.0025125628140685	0.0025125628140685	0.0025125628140685	0.0025125628140685	0.0025125628140685	0.0025125628140685	0.0025125628140685	0.0025125628140685	0.0025125628140685	0.0025125628140685	0.0025125628140685	0.0025125628140685	0.0025125628140685	0.0025125628140685	0.0025125628140685	0.0025125628140685	0.0025125628140685	0.0025125628140685	0.0025125628140685	0.0025125628140685	0.0025125628140685	0.0025125628140685	0.0025125628140685	0.0025125628140685	0.0025125628140685	0.0025125628140685	0.0025125628140685	0.0025125628140685	0.0025125628140685	0.0025125628140685	0.0025125628140685	0.0025125628140685	0.0025125628140685	0.0025125628140685	0.0025125628140685	0.0025125628140685	0.0025125628140685	0.0025125628140685	0.0025125628140685	0.0025125628140685	0.0025125628140685	0.0025125628140685	0.0025125628140685	0.0025125628140685	0.0025125628140685	0.0025125628140685	0.0025125628140685	0.0025125628140685	0.0025125628140685	0.0025125628140685	0.0025125628140685	0.0025125628140685	0.0025125628140685	0.0025125628140685	0.0025125628140685	0.0025125628140685	0.0025125628140685	0.0025125628140685	0.0025125628140685	0.0025125628140685	0.0025125628140685	0.0025125628140685	0.0025125628140685	0.0025125628140685	0.0025125628140685	0.0025125628140685	0.0025125628140685	0.0025125628140685	0.0025125628140685	0.0025125628140685	0.0025125628140685	0.0025125628140685	0.0025125628140685	0.0025125628140685	0.0025125628140685	0.0025125628140685	0.0025125628140685	0.0025125628140685	0.0025125628140685	0.0025125628140685	0.0025125628140685	0.0025125628140685	0.0025125628140685	0.0025125628140685	0.0025125628140685	0.0025125628140685	0.0025125628140685	0.0025125628140685	0.0025125628140685	0.0025125628140685	0.0025125628140685	0.0025125628140685	0.0025125628140685	0.0025125628140685	0.0025125628140685	0.0025125628140685	0.0025125628140685	0.0025125628140685	0.0025125628140685	0.0025125628140685	0.0025125628140685	0.0025125628140685	0.0025125628140685	0.0025125628140685	0.0025125628140685	0.0025125628140685	0.0025125628140685	0.0025125628140685	0.0025125628140685	0.0025125628140685	0.0025125628140685	0.0025125628140685	0.0025125628140685	0.0025125628140685	0.0025125628140685	0.0025125628140685	0.0025125628140685	0.0025125628140685	0.0025125628140685	0.0025125628140685	0.0025125628140685	0.0025125628140685	0.0025125628140685	0.0025125628140685	0.0025125628140685	0.0025125628140685	0.0025125628140685	0.0025125628140685	0.0025125628140685
0.21859296482412	0.21859296482412	0.21859296482412	0.21859296482412	0.21859296482412	0.21859296482412	0.21859296482412	0.21859296482412	0.21859296482412	0.21859296482412	0.21859296482412	0.21859296482412	0.21859296482412	0.21859296482412	0.21859296482412	0.21859296482412	0.21859296482412	0.21859296482412	0.21859296482412	0.21859296482412	0.21859296482412	0.21859296482412	0.21859296482412	0.21859296482412	0.21859296482412	0.21859296482412	0.21859296482412	0.21859296482412	0.21859296482412	0.21859296482412	0.21859296482412	0.21859296482412	0.21859296482412	0.21859296482412	0.21859296482412	0.21859296482412	0.21859296482412	0.21859296482412	0.21859296482412	0.21859296482412	0.21859296482412	0.21859296482412	0.21859296482412	0.21859296482412	0.21859296482412	0.21859296482412	0.21859296482412	0.21859296482412	0.21859296482412	0.21859296482412	0.21859296482412	0.21859296482412	0.21859296482412	0.21859296482412	0.21859296482412	0.21859296482412	0.21859296482412	0.21859296482412	0.21859296482412	0.21859296482412	0.21859296482412	0.21859296482412	0.21859296482412	0.21859296482412	0.21859296482412	0.21859296482412	0.21859296482412	0.21859296482412	0.21859296482412	0.21859296482412	0.21859296482412	0.21859296482412	0.21859296482412	0.21859296482412	0.21859296482412	0.21859296482412	0.21859296482412	0.21859296482412	0.21859296482412	0.21859296482412	0.21859296482412	0.21859296482412	0.21859296482412	0.21859296482412	0.21859296482412	0.21859296482412	0.21859296482412	0.21859296482412	0.21859296482412	0.21859296482412	0.21859296482412	0.21859296482412	0.21859296482412	0.21859296482412	0.21859296482412	0.21859296482412	0.21859296482412	0.21859296482412	0.21859296482412	0.21859296482412	0.21859296482412	0.21859296482412	0.21859296482412	0.21859296482412	0.21859296482412	0.21859296482412	0.21859296482412	0.21859296482412	0.21859296482412	0.21859296482412	0.21859296482412	0.21859296482412	0.21859296482412	0.21859296482412	0.21859296482412	0.21859296482412	0.21859296482412	0.21859296482412	0.21859296482412	0.21859296482412	0.21859296482412	0.21859296482412	0.21859296482412	0.21859296482412	0.21859296482412	0.21859296482412	0.21859296482412	0.21859296482412	0.21859296482412	0.21859296482412	0.21859296482412	0.21859296482412	0.21859296482412	0.21859296482412	0.21859296482412	0.21859296482412	0.21859296482412	0.21859296482412	0.21859296482412	0.21859296482412	0.21859296482412	0.21859296482412	0.21859296482412	0.21859296482412	0.21859296482412	0.21859296482412	0.21859296482412	0.21859296482412	0.21859296482412	0.21859296482412	0.21859296482412	0.21859296482412	0.21859296482412	0.21859296482412	0.21859296482412	0.21859296482412	0.21859296482412	0.21859296482412	0.21859296482412	0.21859296482412	0.21859296482412	0.21859296482412	0.21859296482412	0.21859296482412	0.21859296482412	0.21859296482412	0.21859296482412	0.21859296482412	0.21859296482412	0.21859296482412	0.21859296482412	0.21859296482412	0.21859296482412	0.21859296482412	0.21859296482412	0.21859296482412	0.21859296482412	0.21859296482412	0.21859296482412	0.21859296482412	0.21859296482412	0.21859296482412	0.21859296482412	0.21859296482412	0.21859296482412	0.21859296482412	0.21859296482412	0.21859296482412	0.21859296482412	0.21859296482412	0.21859296482412	0.21859296482412	0.21859296482412	0.21859296482412	0.21859296482412	0.21859296482412	0.21859296482412	0.21859296482412	0.21859296482412	0.21859296482412
0.43467336683417	0.43467336683417	0.43467336683417	0.43467336683417	0.43467336683417	0.43467336683417	0.43467336683417	0.43467336683417	0.43467336683417	0.43467336683417	0.43467336683417	0.43467336683417	0.43467336683417	0.43467336683417	0.43467336683417	0.43467336683417	0.43467336683417	0.43467336683417	0.43467336683417	0.43467336683417	0.43467336683417	0.43467336683417	0.43467336683417	0.43467336683417	0.43467336683417	0.43467336683417	0.43467336683417	0.43467336683417	0.43467336683417	0.43467336683417	0.43467336683417	0.43467336683417	0.43467336683417	0.43467336683417	0.43467336683417	0.43467336683417	0.43467336683417	0.43467336683417	0.43467336683417	0.43467336683417	0.43467336683417	0.43467336683417	0.43467336683417	0.43467336683417	0.43467336683417	0.43467336683417	0.43467336683417	0.43467336683417	0.43467336683417	0.43467336683417	0.43467336683417	0.43467336683417	0.43467336683417	0.43467336683417	0.43467336683417	0.43467336683417	0.43467336683417	0.43467336683417	0.43467336683417	0.43467336683417	0.43467336683417	0.43467336683417	0.43467336683417	0.43467336683417	0.43467336683417	0.43467336683417	0.43467336683417	0.43467336683417	0.43467336683417	0.43467336683417	0.43467336683417	0.43467336683417	0.43467336683417	0.43467336683417	0.43467336683417	0.43467336683417	0.43467336683417	0.43467336683417	0.43467336683417	0.43467336683417	0.43467336683417	0.43467336683417	0.43467336683417	0.43467336683417	0.43467336683417	0.43467336683417	0.43467336683417	0.43467336683417	0.43467336683417	0.43467336683417	0.43467336683417	0.43467336683417	0.43467336683417	0.43467336683417	0.43467336683417	0.43467336683417	0.43467336683417	0.43467336683417	0.43467336683417	0.43467336683417	0.43467336683417	0.43467336683417	0.43467336683417	0.43467336683417	0.43467336683417	0.43467336683417	0.43467336683417	0.43467336683417	0.43467336683417	0.43467336683417	0.43467336683417	0.43467336683417	0.43467336683417	0.43467336683417	0.43467336683417	0.43467336683417	0.43467336683417	0.43467336683417	0.43467336683417	0.43467336683417	0.43467336683417	0.43467336683417	0.43467336683417	0.43467336683417	0.43467336683417	0.43467336683417	0.43467336683417	0.43467336683417	0.43467336683417	0.43467336683417	0.43467336683417	0.43467336683417	0.43467336683417	0.43467336683417	0.43467336683417	0.43467336683417	0.43467336683417	0.43467336683417	0.43467336683417	0.43467336683417	0.43467336683417	0.43467336683417	0.43467336683417	0.43467336683417	0.43467336683417	0.43467336683417	0.43467336683417	0.43467336683417	0.43467336683417	0.43467336683417	0.43467336683417	0.43467336683417	0.43467336683417	0.43467336683417	0.43467336683417	0.43467336683417	0.43467336683417	0.43467336683417	0.43467336683417	0.43467336683417	0.43467336683417	0.43467336683417	0.43467336683417	0.43467336683417	0.43467336683417	0.43467336683417	0.43467336683417	0.43467336683417	0.43467336683417	0.43467336683417	0.43467336683417	0.43467336683417	0.43467336683417	0.43467336683417	0.43467336683417	0.43467336683417	0.43467336683417	0.43467336683417	0.43467336683417	0.43467336683417	0.43467336683417	0.43467336683417	0.43467336683417	0.43467336683417	0.43467336683417	0.43467336683417	0.43467336683417	0.43467336683417	0.43467336683417	0.43467336683417	0.43467336683417	0.43467336683417	0.43467336683417	0.43467336683417	0.43467336683417	0.43467336683417	0.43467336683417	0.43467336683417	0.43467336683417	0.43467336683417
0.65075376884422	0.65075376884422	0.65075376884422	0.65075376884422	0.65075376884422	0.65075376884422	0.65075376884422	0.65075376884422	0.65075376884422	0.65075376884422	0.65075376884422	0.65075376884422	0.65075376884422	0.65075376884422	0.65075376884422	0.65075376884422	0.65075376884422	0.65075376884422	0.65075376884422	0.65075376884422	0.65075376884422	0.65075376884422	0.65075376884422	0.65075376884422	0.65075376884422	0.65075376884422	0.65075376884422	0.65075376884422	0.65075376884422	0.65075376884422	0.65075376884422	0.65075376884422	0.65075376884422	0.65075376884422	0.65075376884422	0.65075376884422	0.65075376884422	0.65075376884422	0.65075376884422	0.65075376884422	0.65075376884422	0.65075376884422	0.65075376884422	0.65075376884422	0.65075376884422	0.65075376884422	0.65075376884422	0.65075376884422	0.65075376884422	0.65075376884422	0.65075376884422	0.65075376884422	0.65075376884422	0.65075376884422	0.65075376884422	0.65075376884422	0.65075376884422	0.65075376884422	0.65075376884422	0.65075376884422	0.65075376884422	0.65075376884422	0.65075376884422	0.65075376884422	0.65075376884422	0.65075376884422	0.65075376884422	0.65075376884422	0.65075376884422	0.65075376884422	0.65075376884422	0.65075376884422	0.65075376884422	0.65075376884422	0.65075376884422	0.65075376884422	0.65075376884422	0.65075376884422	0.65075376884422	0.65075376884422	0.65075376884422	0.65075376884422	0.65075376884422	0.65075376884422	0.65075376884422	0.65075376884422	0.65075376884422	0.65075376884422	0.65075376884422	0.65075376884422	0.65075376884422	0.65075376884422	0.65075376884422	0.65075376884422	0.65075376884422	0.65075376884422	0.65075376884422	0.65075376884422	0.65075376884422	0.65075376884422	0.65075376884422	0.65075376884422	0.65075376884422	0.65075376884422	0.65075376884422	0.65075376884422	0.65075376884422	0.65075376884422	0.65075376884422	0.65075376884422	0.65075376884422	0.65075376884422	0.65075376884422	0.65075376884422	0.65075376884422	0.65075376884422	0.65075376884422	0.65075376884422	0.65075376884422	0.65075376884422	0.65075376884422	0.65075376884422	0.65075376884422	0.65075376884422	0.65075376884422	0.65075376884422	0.65075376884422	0.65075376884422	0.65075376884422	0.65075376884422	0.65075376884422	0.65075376884422	0.65075376884422	0.65075376884422	0.65075376884422	0.65075376884422	0.65075376884422	0.65075376884422	0.65075376884422	0.65075376884422	0.65075376884422	0.65075376884422	0.65075376884422	0.65075376884422	0.65075376884422	0.65075376884422	0.65075376884422	0.65075376884422	0.65075376884422	0.65075376884422	0.65075376884422	0.65075376884422	0.65075376884422	0.65075376884422	0.65075376884422	0.65075376884422	0.65075376884422	0.65075376884422	0.65075376884422	0.65075376884422	0.65075376884422	0.65075376884422	0.65075376884422	0.65075376884422	0.65075376884422	0.65075376884422	0.65075376884422	0.65075376884422	0.65075376884422	0.65075376884422	0.65075376884422	0.65075376884422	0.65075376884422	0.65075376884422	0.65075376884422	0.65075376884422	0.65075376884422	0.65075376884422	0.65075376884422	0.65075376884422	0.65075376884422	0.65075376884422	0.65075376884422	0.65075376884422	0.65075376884422	0.65075376884422	0.65075376884422	0.65075376884422	0.65075376884422	0.65075376884422	0.65075376884422	0.65075376884422	0.65075376884422	0.65075376884422	0.65075376884422	0.65075376884422	0.65075376884422	0.65075376884422	0.65075376884422	0.65075376884422
0.86683417085427	0.86683417085427	0.86683417085427	0.86683417085427	0.86683417085427	0.86683417085427	0.86683417085427	0.86683417085427	0.86683417085427	0.86683417085427	0.86683417085427	0.86683417085427	0.86683417085427	0.86683417085427	0.86683417085427	0.86683417085427	0.86683417085427	0.86683417085427	0.86683417085427	0.86683417085427	0.86683417085427	0.86683417085427	0.86683417085427	0.86683417085427	0.86683417085427	0.86683417085427	0.86683417085427	0.86683417085427	0.86683417085427	0.86683417085427	0.86683417085427	0.86683417085427	0.86683417085427	0.86683417085427	0.86683417085427	0.86683417085427	0.86683417085427	0.86683417085427	0.86683417085427	0.86683417085427	0.86683417085427	0.86683417085427	0.86683417085427	0.86683417085427	0.86683417085427	0.86683417085427	0.86683417085427	0.86683417085427	0.86683417085427	0.86683417085427	0.86683417085427	0.86683417085427	0.86683417085427	0.86683417085427	0.86683417085427	0.86683417085427	0.86683417085427	0.86683417085427	0.86683417085427	0.86683417085427	0.86683417085427	0.86683417085427	0.86683417085427	0.86683417085427	0.86683417085427	0.86683417085427	0.86683417085427	0.86683417085427	0.86683417085427	0.86683417085427	0.86683417085427	0.86683417085427	0.86683417085427	0.86683417085427	0.86683417085427	0.86683417085427	0.86683417085427	0.86683417085427	0.86683417085427	0.86683417085427	0.86683417085427	0.86683417085427	0.86683417085427	0.86683417085427	0.86683417085427	0.86683417085427	0.86683417085427	0.86683417085427	0.86683417085427	0.86683417085427	0.86683417085427	0.86683417085427	0.86683417085427	0.86683417085427	0.86683417085427	0.86683417085427	0.86683417085427	0.86683417085427	0.86683417085427	0.86683417085427	0.86683417085427	0.86683417085427	0.86683417085427	0.86683417085427	0.86683417085427	0.86683417085427	0.86683417085427	0.86683417085427	0.86683417085427	0.86683417085427	0.86683417085427	0.86683417085427	0.86683417085427	0.86683417085427	0.86683417085427	0.86683417085427	0.86683417085427	0.86683417085427	0.86683417085427	0.86683417085427	0.86683417085427	0.86683417085427	0.86683417085427	0.86683417085427	0.86683417085427	0.86683417085427	0.86683417085427	0.86683417085427	0.86683417085427	0.86683417085427	0.86683417085427	0.86683417085427	0.86683417085427	0.86683417085427	0.86683417085427	0.86683417085427	0.86683417085427	0.86683417085427	0.86683417085427	0.86683417085427	0.86683417085427	0.86683417085427	0.86683417085427	0.86683417085427	0.86683417085427	0.86683417085427	0.86683417085427	0.86683417085427	0.86683417085427	0.86683417085427	0.86683417085427	0.86683417085427	0.86683417085427	0.86683417085427	0.86683417085427	0.86683417085427	0.86683417085427	0.86683417085427	0.86683417085427	0.86683417085427	0.86683417085427	0.86683417085427	0.86683417085427	0.86683417085427	0.86683417085427	0.86683417085427	0.86683417085427	0.86683417085427	0.86683417085427	0.86683417085427	0.86683417085427	0.86683417085427	0.86683417085427	0.86683417085427	0.86683417085427	0.86683417085427	0.86683417085427	0.86683417085427	0.86683417085427	0.86683417085427	0.86683417085427	0.86683417085427	0.86683417085427	0.86683417085427	0.86683417085427	0.86683417085427	0.86683417085427	0.86683417085427	0.86683417085427	0.86683417085427	0.86683417085427	0.86683417085427	0.86683417085427	0.86683417085427	0.86683417085427	0.86683417085427	0.86683417085427	0.86683417085427	0.86683417085427	0.86683417085427
1.0829145728643	1.0829145728643	1.0829145728643	1.0829145728643	1.0829145728643	1.0829145728643	1.0829145728643	1.0829145728643	1.0829145728643	1.0829145728643	1.0829145728643	1.0829145728643	1.0829145728643	1.0829145728643	1.0829145728643	1.0829145728643	1.0829145728643	1.0829145728643	1.0829145728643	1.0829145728643	1.0829145728643	1.0829145728643	1.0829145728643	1.0829145728643	1.0829145728643	1.0829145728643	1.0829145728643	1.0829145728643	1.0829145728643	1.0829145728643	1.0829145728643	1.0829145728643	1.0829145728643	1.0829145728643	1.0829145728643	1.0829145728643	1.0829145728643	1.0829145728643	1.0829145728643	1.0829145728643	1.0829145728643	1.0829145728643	1.0829145728643	1.0829145728643	1.0829145728643	1.0829145728643	1.0829145728643	1.0829145728643	1.0829145728643	1.0829145728643	1.0829145728643	1.0829145728643	1.0829145728643	1.0829145728643	1.0829145728643	1.0829145728643	1.0829145728643	1.0829145728643	1.0829145728643	1.0829145728643	1.0829145728643	1.0829145728643	1.0829145728643	1.0829145728643	1.0829145728643	1.0829145728643	1.0829145728643	1.0829145728643	1.0829145728643	1.0829145728643	1.0829145728643	1.0829145728643	1.0829145728643	1.0829145728643	1.0829145728643	1.0829145728643	1.0829145728643	1.0829145728643	1.0829145728643	1.0829145728643	1.0829145728643	1.0829145728643	1.0829145728643	1.0829145728643	1.0829145728643	1.0829145728643	1.0829145728643	1.0829145728643	1.0829145728643	1.0829145728643	1.0829145728643	1.0829145728643	1.0829145728643	1.0829145728643	1.0829145728643	1.0829145728643	1.0829145728643	1.0829145728643	1.0829145728643	1.0829145728643	1.0829145728643	1.0829145728643	1.0829145728643	1.0829145728643	1.0829145728643	1.0829145728643	1.0829145728643	1.0829145728643	1.0829145728643	1.0829145728643	1.0829145728643	1.0829145728643	1.0829145728643	1.0829145728643	1.0829145728643	1.0829145728643	1.0829145728643	1.0829145728643	1.0829145728643	1.0829145728643	1.0829145728643	1.0829145728643	1.0829145728643	1.0829145728643	1.0829145728643	1.0829145728643	1.0829145728643	1.0829145728643	1.0829145728643	1.0829145728643	1.0829145728643	1.0829145728643	1.0829145728643	1.0829145728643	1.0829145728643	1.0829145728643	1.0829145728643	1.0829145728643	1.0829145728643	1.0829145728643	1.0829145728643	1.0829145728643	1.0829145728643	1.0829145728643	1.0829145728643	1.0829145728643	1.0829145728643	1.0829145728643	1.0829145728643	1.0829145728643	1.0829145728643	1.0829145728643	1.0829145728643	1.0829145728643	1.0829145728643	1.0829145728643	1.0829145728643	1.0829145728643	1.0829145728643	1.0829145728643	1.0829145728643	1.0829145728643	1.0829145728643	1.0829145728643	1.0829145728643	1.0829145728643	1.0829145728643	1.0829145728643	1.0829145728643	1.0829145728643	1.0829145728643	1.0829145728643	1.0829145728643	1.0829145728643	1.0829145728643	1.0829145728643	1.0829145728643	1.0829145728643	1.0829145728643	1.0829145728643	1.0829145728643	1.0829145728643	1.0829145728643	1.0829145728643	1.0829145728643	1.0829145728643	1.0829145728643	1.0829145728643	1.0829145728643	1.0829145728643	1.0829145728643	1.0829145728643	1.0829145728643	1.0829145728643	1.0829145728643	1.0829145728643	1.0829145728643	1.0829145728643	1.0829145728643	1.0829145728643
1.2989949748744	1.2989949748744	1.2989949748744	1.2989949748744	1.2989949748744	1.2989949748744	1.2989949748744	1.2989949748744	1.2989949748744	1.2989949748744	1.2989949748744	1.2989949748744	1.2989949748744	1.2989949748744	1.2989949748744	1.2989949748744	1.2989949748744	1.2989949748744	1.2989949748744	1.2989949748744	1.2989949748744	1.2989949748744	1.2989949748744	1.2989949748744	1.2989949748744	1.2989949748744	1.2989949748744	1.2989949748744	1.2989949748744	1.2989949748744	1.2989949748744	1.2989949748744	1.2989949748744	1.2989949748744	1.2989949748744	1.2989949748744	1.2989949748744	1.2989949748744	1.2989949748744	1.2989949748744	1.2989949748744	1.2989949748744	1.2989949748744	1.2989949748744	1.2989949748744	1.2989949748744	1.2989949748744	1.2989949748744	1.2989949748744	1.2989949748744	1.2989949748744	1.2989949748744	1.2989949748744	1.2989949748744	1.2989949748744	1.2989949748744	1.2989949748744	1.2989949748744	1.2989949748744	1.2989949748744	1.2989949748744	1.2989949748744	1.2989949748744	1.2989949748744	1.2989949748744	1.2989949748744	1.2989949748744	1.2989949748744	1.2989949748744	1.2989949748744	1.2989949748744	1.2989949748744	1.2989949748744	1.2989949748744	1.2989949748744	1.2989949748744	1.2989949748744	1.2989949748744	1.2989949748744	1.2989949748744	1.2989949748744	1.2989949748744	1.2989949748744	1.2989949748744	1.2989949748744	1.2989949748744	1.2989949748744	1.2989949748744	1.2989949748744	1.2989949748744	1.2989949748744	1.2989949748744	1.2989949748744	1.2989949748744	1.2989949748744	1.2989949748744	1.2989949748744	1.2989949748744	1.2989949748744	1.2989949748744	1.2989949748744	1.2989949748744	1.2989949748744	1.2989949748744	1.2989949748744	1.2989949748744	1.2989949748744	1.2989949748744	1.2989949748744	1.2989949748744	1.2989949748744	1.2989949748744	1.2989949748744	1.2989949748744	1.2989949748744	1.2989949748744	1.2989949748744	1.2989949748744	1.2989949748744	1.2989949748744	1.2989949748744	1.2989949748744	1.2989949748744	1.2989949748744	1.2989949748744	1.2989949748744	1.2989949748744	1.2989949748744	1.2989949748744	1.2989949748744	1.2989949748744	1.2989949748744	1.2989949748744	1.2989949748744	1.2989949748744	1.2989949748744	1.2989949748744	1.2989949748744	1.2989949748744	1.2989949748744	1.2989949748744	1.2989949748744	1.2989949748744	1.2989949748744	1.2989949748744	1.2989949748744	1.2989949748744	1.2989949748744	1.2989949748744	1.2989949748744	1.2989949748744	1.2989949748744	1.2989949748744	1.2989949748744	1.2989949748744	1.2989949748744	1.2989949748744	1.2989949748744	1.2989949748744	1.2989949748744	1.2989949748744	1.2989949748744	1.2989949748744	1.2989949748744	1.2989949748744	1.2989949748744	1.2989949748744	1.2989949748744	1.2989949748744	1.2989949748744	1.2989949748744	1.2989949748744	1.2989949748744	1.2989949748744	1.2989949748744	1.2989949748744	1.2989949748744	1.2989949748744	1.2989949748744	1.2989949748744	1.2989949748744	1.2989949748744	1.2989949748744	1.2989949748744	1.2989949748744	1.2989949748744	1.2989949748744	1.2989949748744	1.2989949748744	1.2989949748744	1.2989949748744	1.2989949748744	1.2989949748744	1.2989949748744	1.2989949748744	1.2989949748744	1.2989949748744	1.2989949748744	1.2989949748744	1.2989949748744
1.5150753768844	1.5150753768844	1.5150753768844	1.5150753768844	1.5150753768844	1.5150753768844	1.5150753768844	1.5150753768844	1.5150753768844	1.5150753768844	1.5150753768844	1.5150753768844	1.5150753768844	1.5150753768844	1.5150753768844	1.5150753768844	1.5150753768844	1.5150753768844	1.5150753768844	1.5150753768844	1.5150753768844	1.5150753768844	1.5150753768844	1.5150753768844	1.5150753768844	1.5150753768844	1.5150753768844	1.5150753768844	1.5150753768844	1.5150753768844	1.5150753768844	1.5150753768844	1.5150753768844	1.5150753768844	1.5150753768844	1.5150753768844	1.5150753768844	1.5150753768844	1.5150753768844	1.5150753768844	1.5150753768844	1.5150753768844	1.5150753768844	1.5150753768844	1.5150753768844	1.5150753768844	1.5150753768844	1.5150753768844	1.5150753768844	1.5150753768844	1.5150753768844	1.5150753768844	1.5150753768844	1.5150753768844	1.5150753768844	1.5150753768844	1.5150753768844	1.5150753768844	1.5150753768844	1.5150753768844	1.5150753768844	1.5150753768844	1.5150753768844	1.5150753768844	1.5150753768844	1.5150753768844	1.5150753768844	1.5150753768844	1.5150753768844	1.5150753768844	1.5150753768844	1.5150753768844	1.5150753768844	1.5150753768844	1.5150753768844	1.5150753768844	1.5150753768844	1.5150753768844	1.5150753768844	1.5150753768844	1.5150753768844	1.5150753768844	1.5150753768844	1.5150753768844	1.5150753768844	1.5150753768844	1.5150753768844	1.5150753768844	1.5150753768844	1.5150753768844	1.5150753768844	1.5150753768844	1.5150753768844	1.5150753768844	1.5150753768844	1.5150753768844	1.5150753768844	1.5150753768844	1.5150753768844	1.5150753768844	1.5150753768844	1.5150753768844	1.5150753768844	1.5150753768844	1.5150753768844	1.5150753768844	1.5150753768844	1.5150753768844	1.5150753768844	1.5150753768844	1.5150753768844	1.5150753768844	1.5150753768844	1.5150753768844	1.5150753768844	1.5150753768844	1.5150753768844	1.5150753768844	1.5150753768844	1.5150753768844	1.5150753768844	1.5150753768844	1.5150753768844	1.5150753768844	1.5150753768844	1.5150753768844	1.5150753768844	1.5150753768844	1.5150753768844	1.5150753768844	1.5150753768844	1.5150753768844	1.5150753768844	1.5150753768844	1.5150753768844	1.5150753768844	1.5150753768844	1.5150753768844	1.5150753768844	1.5150753768844	1.5150753768844	1.5150753768844	1.5150753768844	1.5150753768844	1.5150753768844	1.5150753768844	1.5150753768844	1.5150753768844	1.5150753768844	1.5150753768844	1.5150753768844	1.5150753768844	1.5150753768844	1.5150753768844	1.5150753768844	1.5150753768844	1.5150753768844	1.5150753768844	1.5150753768844	1.5150753768844	1.5150753768844	1.5150753768844	1.5150753768844	1.5150753768844	1.5150753768844	1.5150753768844	1.5150753768844	1.5150753768844	1.5150753768844	1.5150753768844	1.5150753768844	1.5150753768844	1.5150753768844	1.5150753768844	1.5150753768844	1.5150753768844	1.5150753768844	1.5150753768844	1.5150753768844	1.5150753768844	1.5150753768844	1.5150753768844	1.5150753768844	1.5150753768844	1.5150753768844	1.5150753768844	1.5150753768844	1.5150753768844	1.5150753768844	1.5150753768844	1.5150753768844	1.5150753768844	1.5150753768844	1.5150753768844	1.5150753768844	1.5150753768844	1.5150753768844	1.5150753768844	1.5150753768844	1.5150753768844
1.7311557788945	1.7311557788945	1.7311557788945	1.7311557788945	1.7311557788945	1.7311557788945	1.7311557788945	1.7311557788945	1.7311557788945	1.7311557788945	1.7311557788945	1.7311557788945	1.7311557788945	1.7311557788945	1.7311557788945	1.7311557788945	1.7311557788945	1.7311557788945	1.7311557788945	1.7311557788945	1.7311557788945	1.7311557788945	1.7311557788945	1.7311557788945	1.7311557788945	1.7311557788945	1.7311557788945	1.7311557788945	1.7311557788945	1.7311557788945	1.7311557788945	1.7311557788945	1.7311557788945	1.7311557788945	1.7311557788945	1.7311557788945	1.7311557788945	1.7311557788945	1.7311557788945	1.7311557788945	1.7311557788945	1.7311557788945	1.7311557788945	1.7311557788945	1.7311557788945	1.7311557788945	1.7311557788945	1.7311557788945	1.7311557788945	1.7311557788945	1.7311557788945	1.7311557788945	1.7311557788945	1.7311557788945	1.7311557788945	1.7311557788945	1.7311557788945	1.7311557788945	1.7311557788945	1.7311557788945	1.7311557788945	1.7311557788945	1.7311557788945	1.7311557788945	1.7311557788945	1.7311557788945	1.7311557788945	1.7311557788945	1.7311557788945	1.7311557788945	1.7311557788945	1.7311557788945	1.7311557788945	1.7311557788945	1.7311557788945	1.7311557788945	1.7311557788945	1.7311557788945	1.7311557788945	1.7311557788945	1.7311557788945	1.7311557788945	1.7311557788945	1.7311557788945	1.7311557788945	1.7311557788945	1.7311557788945	1.7311557788945	1.7311557788945	1.7311557788945	1.7311557788945	1.7311557788945	1.7311557788945	1.7311557788945	1.7311557788945	1.7311557788945	1.7311557788945	1.7311557788945	1.7311557788945	1.7311557788945	1.7311557788945	1.7311557788945	1.7311557788945	1.7311557788945	1.7311557788945	1.7311557788945	1.7311557788945	1.7311557788945	1.7311557788945	1.7311557788945	1.7311557788945	1.7311557788945	1.7311557788945	1.7311557788945	1.7311557788945	1.7311557788945	1.7311557788945	1.7311557788945	1.7311557788945	1.7311557788945	1.7311557788945	1.7311557788945	1.7311557788945	1.7311557788945	1.7311557788945	1.7311557788945	1.7311557788945	1.7311557788945	1.7311557788945	1.7311557788945	1.7311557788945	1.7311557788945	1.7311557788945	1.7311557788945	1.7311557788945	1.7311557788945	1.7311557788945	1.7311557788945	1.7311557788945	1.7311557788945	1.7311557788945	1.7311557788945	1.7311557788945	1.7311557788945	1.7311557788945	1.7311557788945	1.7311557788945	1.7311557788945	1.7311557788945	1.7311557788945	1.7311557788945	1.7311557788945	1.7311557788945	1.7311557788945	1.7311557788945	1.7311557788945	1.7311557788945	1.7311557788945	1.7311557788945	1.7311557788945	1.7311557788945	1.7311557788945	1.7311557788945	1.7311557788945	1.7311557788945	1.7311557788945	1.7311557788945	1.7311557788945	1.7311557788945	1.7311557788945	1.7311557788945	1.7311557788945	1.7311557788945	1.7311557788945	1.7311557788945	1.7311557788945	1.7311557788945	1.7311557788945	1.7311557788945	1.7311557788945	1.7311557788945	1.7311557788945	1.7311557788945	1.7311557788945	1.7311557788945	1.7311557788945	1.7311557788945	1.7311557788945	1.7311557788945	1.7311557788945	1.7311557788945	1.7311557788945	1.7311557788945	1.7311557788945	1.7311557788945	1.7311557788945	1.7311557788945	1.7311557788945	1.7311557788945	1.7311557788945
1.9472361809045	1.9472361809045	1.9472361809045	1.9472361809045	1.9472361809045	1.9472361809045	1.9472361809045	1.9472361809045	1.9472361809045	1.9472361809045	1.9472361809045	1.9472361809045	1.9472361809045	1.9472361809045	1.9472361809045	1.9472361809045	1.9472361809045	1.9472361809045	1.9472361809045	1.9472361809045	1.9472361809045	1.9472361809045	1.9472361809045	1.9472361809045	1.9472361809045	1.9472361809045	1.9472361809045	1.9472361809045	1.9472361809045	1.9472361809045	1.9472361809045	1.9472361809045	1.9472361809045	1.9472361809045	1.9472361809045	1.9472361809045	1.9472361809045	1.9472361809045	1.9472361809045	1.9472361809045	1.9472361809045	1.9472361809045	1.9472361809045	1.9472361809045	1.9472361809045	1.9472361809045	1.9472361809045	1.9472361809045	1.9472361809045	1.9472361809045	1.9472361809045	1.9472361809045	1.9472361809045	1.9472361809045	1.9472361809045	1.9472361809045	1.9472361809045	1.9472361809045	1.9472361809045	1.9472361809045	1.9472361809045	1.9472361809045	1.9472361809045	1.9472361809045	1.9472361809045	1.9472361809045	1.9472361809045	1.9472361809045	1.9472361809045	1.9472361809045	1.9472361809045	1.9472361809045	1.9472361809045	1.9472361809045	1.9472361809045	1.9472361809045	1.9472361809045	1.9472361809045	1.9472361809045	1.9472361809045	1.9472361809045	1.9472361809045	1.9472361809045	1.9472361809045	1.9472361809045	1.9472361809045	1.9472361809045	1.9472361809045	1.9472361809045	1.9472361809045	1.9472361809045	1.9472361809045	1.9472361809045	1.9472361809045	1.9472361809045	1.9472361809045	1.9472361809045	1.9472361809045	1.9472361809045	1.9472361809045	1.9472361809045	1.9472361809045	1.9472361809045	1.9472361809045	1.9472361809045	1.9472361809045	1.9472361809045	1.9472361809045	1.9472361809045	1.9472361809045	1.9472361809045	1.9472361809045	1.9472361809045	1.9472361809045	1.9472361809045	1.9472361809045	1.9472361809045	1.9472361809045	1.9472361809045	1.9472361809045	1.9472361809045	1.9472361809045	1.9472361809045	1.9472361809045	1.9472361809045	1.9472361809045	1.9472361809045	1.9472361809045	1.9472361809045	1.9472361809045	1.9472361809045	1.9472361809045	1.9472361809045	1.9472361809045	1.9472361809045	1.9472361809045	1.9472361809045	1.9472361809045	1.9472361809045	1.9472361809045	1.9472361809045	1.9472361809045	1.9472361809045	1.9472361809045	1.9472361809045	1.9472361809045	1.9472361809045	1.9472361809045	1.9472361809045	1.9472361809045	1.9472361809045	1.9472361809045	1.9472361809045	1.9472361809045	1.9472361809045	1.9472361809045	1.9472361809045	1.9472361809045	1.9472361809045	1.9472361809045	1.9472361809045	1.9472361809045	1.9472361809045	1.9472361809045	1.9472361809045	1.9472361809045	1.9472361809045	1.9472361809045	1.9472361809045	1.9472361809045	1.9472361809045	1.9472361809045	1.9472361809045	1.9472361809045	1.9472361809045	1.9472361809045	1.9472361809045	1.9472361809045	1.9472361809045	1.9472361809045	1.9472361809045	1.9472361809045	1.9472361809045	1.9472361809045	1.9472361809045	1.9472361809045	1.9472361809045	1.9472361809045	1.9472361809045	1.9472361809045	1.9472361809045	1.9472361809045	1.9472361809045	1.9472361809045	1.9472361809045	1.9472361809045	1.9472361809045	1.9472361809045	1.9472361809045	1.9472361809045
2.1633165829146	2.1633165829146	2.1633165829146	2.1633165829146	2.1633165829146	2.1633165829146	2.1633165829146	2.1633165829146	2.1633165829146	2.1633165829146	2.1633165829146	2.1633165829146	2.1633165829146	2.1633165829146	2.1633165829146	2.1633165829146	2.1633165829146	2.1633165829146	2.1633165829146	2.1633165829146	2.1633165829146	2.1633165829146	2.1633165829146	2.1633165829146	2.1633165829146	2.1633165829146	2.1633165829146	2.1633165829146	2.1633165829146	2.1633165829146	2.1633165829146	2.1633165829146	2.1633165829146	2.1633165829146	2.1633165829146	2.1633165829146	2.1633165829146	2.1633165829146	2.1633165829146	2.1633165829146	2.1633165829146	2.1633165829146	2.1633165829146	2.1633165829146	2.1633165829146	2.1633165829146	2.1633165829146	2.1633165829146	2.1633165829146	2.1633165829146	2.1633165829146	2.1633165829146	2.1633165829146	2.1633165829146	2.1633165829146	2.1633165829146	2.1633165829146	2.1633165829146	2.1633165829146	2.1633165829146	2.1633165829146	2.1633165829146	2.1633165829146	2.1633165829146	2.1633165829146	2.1633165829146	2.1633165829146	2.1633165829146	2.1633165829146	2.1633165829146	2.1633165829146	2.1633165829146	2.1633165829146	2.1633165829146	2.1633165829146	2.1633165829146	2.1633165829146	2.1633165829146	2.1633165829146	2.1633165829146	2.1633165829146	2.1633165829146	2.1633165829146	2.1633165829146	2.1633165829146	2.1633165829146	2.1633165829146	2.1633165829146	2.1633165829146	2.1633165829146	2.1633165829146	2.1633165829146	2.1633165829146	2.1633165829146	2.1633165829146	2.1633165829146	2.1633165829146	2.1633165829146	2.1633165829146	2.1633165829146	2.1633165829146	2.1633165829146	2.1633165829146	2.1633165829146	2.1633165829146	2.1633165829146	2.1633165829146	2.1633165829146	2.1633165829146	2.1633165829146	2.1633165829146	2.1633165829146	2.1633165829146	2.1633165829146	2.1633165829146	2.1633165829146	2.1633165829146	2.1633165829146	2.1633165829146	2.1633165829146	2.1633165829146	2.1633165829146	2.1633165829146	2.1633165829146	2.1633165829146	2.1633165829146	2.1633165829146	2.1633165829146	2.1633165829146	2.1633165829146	2.1633165829146	2.1633165829146	2.1633165829146	2.1633165829146	2.1633165829146	2.1633165829146	2.1633165829146	2.1633165829146	2.1633165829146	2.1633165829146	2.1633165829146	2.1633165829146	2.1633165829146	2.1633165829146	2.1633165829146	2.1633165829146	2.1633165829146	2.1633165829146	2.1633165829146	2.1633165829146	2.1633165829146	2.1633165829146	2.1633165829146	2.1633165829146	2.1633165829146	2.1633165829146	2.1633165829146	2.1633165829146	2.1633165829146	2.1633165829146	2.1633165829146	2.1633165829146	2.1633165829146	2.1633165829146	2.1633165829146	2.1633165829146	2.1633165829146	2.1633165829146	2.1633165829146	2.1633165829146	2.1633165829146	2.1633165829146	2.1633165829146	2.1633165829146	2.1633165829146	2.1633165829146	2.1633165829146	2.1633165829146	2.1633165829146	2.1633165829146	2.1633165829146	2.1633165829146	2.1633165829146	2.1633165829146	2.1633165829146	2.1633165829146	2.1633165829146	2.1633165829146	2.1633165829146	2.1633165829146	2.1633165829146	2.1633165829146	2.1633165829146	2.1633165829146	2.1633165829146	2.1633165829146	2.1633165829146	2.1633165829146	2.1633165829146	2.1633165829146
2.3793969849246	2.3793969849246	2.3793969849246	2.3793969849246	2.3793969849246	2.3793969849246	2.3793969849246	2.3793969849246	2.3793969849246	2.3793969849246	2.3793969849246	2.3793969849246	2.3793969849246	2.3793969849246	2.3793969849246	2.3793969849246	2.3793969849246	2.3793969849246	2.3793969849246	2.3793969849246	2.3793969849246	2.3793969849246	2.3793969849246	2.3793969849246	2.3793969849246	2.3793969849246	2.3793969849246	2.3793969849246	2.3793969849246	2.3793969849246	2.3793969849246	2.3793969849246	2.3793969849246	2.3793969849246	2.3793969849246	2.3793969849246	2.3793969849246	2.3793969849246	2.3793969849246	2.3793969849246	2.3793969849246	2.3793969849246	2.3793969849246	2.3793969849246	2.3793969849246	2.3793969849246	2.3793969849246	2.3793969849246	2.3793969849246	2.3793969849246	2.3793969849246	2.3793969849246	2.3793969849246	2.3793969849246	2.3793969849246	2.3793969849246	2.3793969849246	2.3793969849246	2.3793969849246	2.3793969849246	2.3793969849246	2.3793969849246	2.3793969849246	2.3793969849246	2.3793969849246	2.3793969849246	2.3793969849246	2.3793969849246	2.3793969849246	2.3793969849246	2.3793969849246	2.3793969849246	2.3793969849246	2.3793969849246	2.3793969849246	2.3793969849246	2.3793969849246	2.3793969849246	2.3793969849246	2.3793969849246	2.3793969849246	2.3793969849246	2.3793969849246	2.3793969849246	2.3793969849246	2.3793969849246	2.3793969849246	2.3793969849246	2.3793969849246	2.3793969849246	2.3793969849246	2.3793969849246	2.3793969849246	2.3793969849246	2.3793969849246	2.3793969849246	2.3793969849246	2.3793969849246	2.3793969849246	2.3793969849246	2.3793969849246	2.3793969849246	2.3793969849246	2.3793969849246	2.3793969849246	2.3793969849246	2.3793969849246	2.3793969849246	2.3793969849246	2.3793969849246	2.3793969849246	2.3793969849246	2.3793969849246	2.3793969849246	2.3793969849246	2.3793969849246	2.3793969849246	2.3793969849246	2.3793969849246	2.3793969849246	2.3793969849246	2.3793969849246	2.3793969849246	2.3793969849246	2.3793969849246	2.3793969849246	2.3793969849246	2.3793969849246	2.3793969849246	2.3793969849246	2.3793969849246	2.3793969849246	2.3793969849246	2.3793969849246	2.3793969849246	2.3793969849246	2.3793969849246	2.3793969849246	2.3793969849246	2.3793969849246	2.3793969849246	2.3793969849246	2.3793969849246	2.3793969849246	2.3793969849246	2.3793969849246	2.3793969849246	2.3793969849246	2.3793969849246	2.3793969849246	2.3793969849246	2.3793969849246	2.3793969849246	2.3793969849246	2.3793969849246	2.3793969849246	2.3793969849246	2.3793969849246	2.3793969849246	2.3793969849246	2.3793969849246	2.3793969849246	2.3793969849246	2.3793969849246	2.3793969849246	2.3793969849246	2.3793969849246	2.3793969849246	2.3793969849246	2.3793969849246	2.3793969849246	2.3793969849246	2.3793969849246	2.3793969849246	2.3793969849246	2.3793969849246	2.3793969849246	2.3793969849246	2.3793969849246	2.3793969849246	2.3793969849246	2.3793969849246	2.3793969849246	2.3793969849246	2.3793969849246	2.3793969849246	2.3793969849246	2.3793969849246	2.3793969849246	2.3793969849246	2.3793969849246	2.3793969849246	2.3793969849246	2.3793969849246	2.3793969849246	2.3793969849246	2.3793969849246	2.3793969849246	2.3793969849246	2.3793969849246
2.5954773869347	2.5954773869347	2.5954773869347	2.5954773869347	2.5954773869347	2.5954773869347	2.5954773869347	2.5954773869347	2.5954773869347	2.5954773869347	2.5954773869347	2.5954773869347	2.5954773869347	2.5954773869347	2.5954773869347	2.5954773869347	2.5954773869347	2.5954773869347	2.5954773869347	2.5954773869347	2.5954773869347	2.5954773869347	2.5954773869347	2.5954773869347	2.5954773869347	2.5954773869347	2.5954773869347	2.5954773869347	2.5954773869347	2.5954773869347	2.5954773869347	2.5954773869347	2.5954773869347	2.5954773869347	2.5954773869347	2.5954773869347	2.5954773869347	2.5954773869347	2.5954773869347	2.5954773869347	2.5954773869347	2.5954773869347	2.5954773869347	2.5954773869347	2.5954773869347	2.5954773869347	2.5954773869347	2.5954773869347	2.5954773869347	2.5954773869347	2.5954773869347	2.5954773869347	2.5954773869347	2.5954773869347	2.5954773869347	2.5954773869347	2.5954773869347	2.5954773869347	2.5954773869347	2.5954773869347	2.5954773869347	2.5954773869347	2.5954773869347	2.5954773869347	2.5954773869347	2.5954773869347	2.5954773869347	2.5954773869347	2.5954773869347	2.5954773869347	2.5954773869347	2.5954773869347	2.5954773869347	2.5954773869347	2.5954773869347	2.5954773869347	2.5954773869347	2.5954773869347	2.5954773869347	2.5954773869347	2.5954773869347	2.5954773869347	2.5954773869347	2.5954773869347	2.5954773869347	2.5954773869347	2.5954773869347	2.5954773869347	2.5954773869347	2.5954773869347	2.5954773869347	2.5954773869347	2.5954773869347	2.5954773869347	2.5954773869347	2.5954773869347	2.5954773869347	2.5954773869347	2.5954773869347	2.5954773869347	2.5954773869347	2.5954773869347	2.5954773869347	2.5954773869347	2.5954773869347	2.5954773869347	2.5954773869347	2.5954773869347	2.5954773869347	2.5954773869347	2.5954773869347	2.5954773869347	2.5954773869347	2.5954773869347	2.5954773869347	2.5954773869347	2.5954773869347	2.5954773869347	2.5954773869347	2.5954773869347	2.5954773869347	2.5954773869347	2.5954773869347	2.5954773869347	2.5954773869347	2.5954773869347	2.5954773869347	2.5954773869347	2.5954773869347	2.5954773869347	2.5954773869347	2.5954773869347	2.5954773869347	2.5954773869347	2.5954773869347	2.5954773869347	2.5954773869347	2.5954773869347	2.5954773869347	2.5954773869347	2.5954773869347	2.5954773869347	2.5954773869347	2.5954773869347	2.5954773869347	2.5954773869347	2.5954773869347	2.5954773869347	2.5954773869347	2.5954773869347	2.5954773869347	2.5954773869347	2.5954773869347	2.5954773869347	2.5954773869347	2.5954773869347	2.5954773869347	2.5954773869347	2.5954773869347	2.5954773869347	2.5954773869347	2.5954773869347	2.5954773869347	2.5954773869347	2.5954773869347	2.5954773869347	2.5954773869347	2.5954773869347	2.5954773869347	2.5954773869347	2.5954773869347	2.5954773869347	2.5954773869347	2.5954773869347	2.5954773869347	2.5954773869347	2.5954773869347	2.5954773869347	2.5954773869347	2.5954773869347	2.5954773869347	2.5954773869347	2.5954773869347	2.5954773869347	2.5954773869347	2.5954773869347	2.5954773869347	2.5954773869347	2.5954773869347	2.5954773869347	2.5954773869347	2.5954773869347	2.5954773869347	2.5954773869347	2.5954773869347	2.5954773869347	2.5954773869347	2.5954773869347	2.5954773869347	2.5954773869347
2.8115577889447	2.8115577889447	2.8115577889447	2.8115577889447	2.8115577889447	2.8115577889447	2.8115577889447	2.8115577889447	2.8115577889447	2.8115577889447	2.8115577889447	2.8115577889447	2.8115577889447	2.8115577889447	2.8115577889447	2.8115577889447	2.8115577889447	2.8115577889447	2.8115577889447	2.8115577889447	2.8115577889447	2.8115577889447	2.8115577889447	2.8115577889447	2.8115577889447	2.8115577889447	2.8115577889447	2.8115577889447	2.8115577889447	2.8115577889447	2.8115577889447	2.8115577889447	2.8115577889447	2.8115577889447	2.8115577889447	2.8115577889447	2.8115577889447	2.8115577889447	2.8115577889447	2.8115577889447	2.8115577889447	2.8115577889447	2.8115577889447	2.8115577889447	2.8115577889447	2.8115577889447	2.8115577889447	2.8115577889447	2.8115577889447	2.8115577889447	2.8115577889447	2.8115577889447	2.8115577889447	2.8115577889447	2.8115577889447	2.8115577889447	2.8115577889447	2.8115577889447	2.8115577889447	2.8115577889447	2.8115577889447	2.8115577889447	2.8115577889447	2.8115577889447	2.8115577889447	2.8115577889447	2.8115577889447	2.8115577889447	2.8115577889447	2.8115577889447	2.8115577889447	2.8115577889447	2.8115577889447	2.8115577889447	2.8115577889447	2.8115577889447	2.8115577889447	2.8115577889447	2.8115577889447	2.8115577889447	2.8115577889447	2.8115577889447	2.8115577889447	2.8115577889447	2.8115577889447	2.8115577889447	2.8115577889447	2.8115577889447	2.8115577889447	2.8115577889447	2.8115577889447	2.8115577889447	2.8115577889447	2.8115577889447	2.8115577889447	2.8115577889447	2.8115577889447	2.8115577889447	2.8115577889447	2.8115577889447	2.8115577889447	2.8115577889447	2.8115577889447	2.8115577889447	2.8115577889447	2.8115577889447	2.8115577889447	2.8115577889447	2.8115577889447	2.8115577889447	2.8115577889447	2.8115577889447	2.8115577889447	2.8115577889447	2.8115577889447	2.8115577889447	2.8115577889447	2.8115577889447	2.8115577889447	2.8115577889447	2.8115577889447	2.8115577889447	2.8115577889447	2.8115577889447	2.8115577889447	2.8115577889447	2.8115577889447	2.8115577889447	2.8115577889447	2.8115577889447	2.8115577889447	2.8115577889447	2.8115577889447	2.8115577889447	2.8115577889447	2.8115577889447	2.8115577889447	2.8115577889447	2.8115577889447	2.8115577889447	2.8115577889447	2.8115577889447	2.8115577889447	2.8115577889447	2.8115577889447	2.8115577889447	2.8115577889447	2.8115577889447	2.8115577889447	2.8115577889447	2.8115577889447	2.8115577889447	2.8115577889447	2.8115577889447	2.8115577889447	2.8115577889447	2.8115577889447	2.8115577889447	2.8115577889447	2.8115577889447	2.8115577889447	2.8115577889447	2.8115577889447	2.8115577889447	2.8115577889447	2.8115577889447	2.8115577889447	2.8115577889447	2.8115577889447	2.8115577889447	2.8115577889447	2.8115577889447	2.8115577889447	2.8115577889447	2.8115577889447	2.8115577889447	2.8115577889447	2.8115577889447	2.8115577889447	2.8115577889447	2.8115577889447	2.8115577889447	2.8115577889447	2.8115577889447	2.8115577889447	2.8115577889447	2.8115577889447	2.8115577889447	2.8115577889447	2.8115577889447	2.8115577889447	2.8115577889447	2.8115577889447	2.8115577889447	2.8115577889447	2.8115577889447	2.8115577889447	2.8115577889447	2.8115577889447	2.8115577889447
3.0276381909548	3.0276381909548	3.0276381909548	3.0276381909548	3.0276381909548	3.0276381909548	3.0276381909548	3.0276381909548	3.0276381909548	3.0276381909548	3.0276381909548	3.0276381909548	3.0276381909548	3.0276381909548	3.0276381909548	3.0276381909548	3.0276381909548	3.0276381909548	3.0276381909548	3.0276381909548	3.0276381909548	3.0276381909548	3.0276381909548	3.0276381909548	3.0276381909548	3.0276381909548	3.0276381909548	3.0276381909548	3.0276381909548	3.0276381909548	3.0276381909548	3.0276381909548	3.0276381909548	3.0276381909548	3.0276381909548	3.0276381909548	3.0276381909548	3.0276381909548	3.0276381909548	3.0276381909548	3.0276381909548	3.0276381909548	3.0276381909548	3.0276381909548	3.0276381909548	3.0276381909548	3.0276381909548	3.0276381909548	3.0276381909548	3.0276381909548	3.0276381909548	3.0276381909548	3.0276381909548	3.0276381909548	3.0276381909548	3.0276381909548	3.0276381909548	3.0276381909548	3.0276381909548	3.0276381909548	3.0276381909548	3.0276381909548	3.0276381909548	3.0276381909548	3.0276381909548	3.0276381909548	3.0276381909548	3.0276381909548	3.0276381909548	3.0276381909548	3.0276381909548	3.0276381909548	3.0276381909548	3.0276381909548	3.0276381909548	3.0276381909548	3.0276381909548	3.0276381909548	3.0276381909548	3.0276381909548	3.0276381909548	3.0276381909548	3.0276381909548	3.0276381909548	3.0276381909548	3.0276381909548	3.0276381909548	3.0276381909548	3.0276381909548	3.0276381909548	3.0276381909548	3.0276381909548	3.0276381909548	3.0276381909548	3.0276381909548	3.0276381909548	3.0276381909548	3.0276381909548	3.0276381909548	3.0276381909548	3.0276381909548	3.0276381909548	3.0276381909548	3.0276381909548	3.0276381909548	3.0276381909548	3.0276381909548	3.0276381909548	3.0276381909548	3.0276381909548	3.0276381909548	3.0276381909548	3.0276381909548	3.0276381909548	3.0276381909548	3.0276381909548	3.0276381909548	3.0276381909548	3.0276381909548	3.0276381909548	3.0276381909548	3.0276381909548	3.0276381909548	3.0276381909548	3.0276381909548	3.0276381909548	3.0276381909548	3.0276381909548	3.0276381909548	3.0276381909548	3.0276381909548	3.0276381909548	3.0276381909548	3.0276381909548	3.0276381909548	3.0276381909548	3.0276381909548	3.0276381909548	3.0276381909548	3.0276381909548	3.0276381909548	3.0276381909548	3.0276381909548	3.0276381909548	3.0276381909548	3.0276381909548	3.0276381909548	3.0276381909548	3.0276381909548	3.0276381909548	3.0276381909548	3.0276381909548	3.0276381909548	3.0276381909548	3.0276381909548	3.0276381909548	3.0276381909548	3.0276381909548	3.0276381909548	3.0276381909548	3.0276381909548	3.0276381909548	3.0276381909548	3.0276381909548	3.0276381909548	3.0276381909548	3.0276381909548	3.0276381909548	3.0276381909548	3.0276381909548	3.0276381909548	3.0276381909548	3.0276381909548	3.0276381909548	3.0276381909548	3.0276381909548	3.0276381909548	3.0276381909548	3.0276381909548	3.0276381909548	3.0276381909548	3.0276381909548	3.0276381909548	3.0276381909548	3.0276381909548	3.0276381909548	3.0276381909548	3.0276381909548	3.0276381909548	3.0276381909548	3.0276381909548	3.0276381909548	3.0276381909548	3.0276381909548	3.0276381909548	3.0276381909548	3.0276381909548	3.0276381909548	3.0276381909548	3.0276381909548
3.2437185929648	3.2437185929648	3.2437185929648	3.2437185929648	3.2437185929648	3.2437185929648	3.2437185929648	3.2437185929648	3.2437185929648	3.2437185929648	3.2437185929648	3.2437185929648	3.2437185929648	3.2437185929648	3.2437185929648	3.2437185929648	3.2437185929648	3.2437185929648	3.2437185929648	3.2437185929648	3.2437185929648	3.2437185929648	3.2437185929648	3.2437185929648	3.2437185929648	3.2437185929648	3.2437185929648	3.2437185929648	3.2437185929648	3.2437185929648	3.2437185929648	3.2437185929648	3.2437185929648	3.2437185929648	3.2437185929648	3.2437185929648	3.2437185929648	3.2437185929648	3.2437185929648	3.2437185929648	3.2437185929648	3.2437185929648	3.2437185929648	3.2437185929648	3.2437185929648	3.2437185929648	3.2437185929648	3.2437185929648	3.2437185929648	3.2437185929648	3.2437185929648	3.2437185929648	3.2437185929648	3.2437185929648	3.2437185929648	3.2437185929648	3.2437185929648	3.2437185929648	3.2437185929648	3.2437185929648	3.2437185929648	3.2437185929648	3.2437185929648	3.2437185929648	3.2437185929648	3.2437185929648	3.2437185929648	3.2437185929648	3.2437185929648	3.2437185929648	3.2437185929648	3.2437185929648	3.2437185929648	3.2437185929648	3.2437185929648	3.2437185929648	3.2437185929648	3.2437185929648	3.2437185929648	3.2437185929648	3.2437185929648	3.2437185929648	3.2437185929648	3.2437185929648	3.2437185929648	3.2437185929648	3.2437185929648	3.2437185929648	3.2437185929648	3.2437185929648	3.2437185929648	3.2437185929648	3.2437185929648	3.2437185929648	3.2437185929648	3.2437185929648	3.2437185929648	3.2437185929648	3.2437185929648	3.2437185929648	3.2437185929648	3.2437185929648	3.2437185929648	3.2437185929648	3.2437185929648	3.2437185929648	3.2437185929648	3.2437185929648	3.2437185929648	3.2437185929648	3.2437185929648	3.2437185929648	3.2437185929648	3.2437185929648	3.2437185929648	3.2437185929648	3.2437185929648	3.2437185929648	3.2437185929648	3.2437185929648	3.2437185929648	3.2437185929648	3.2437185929648	3.2437185929648	3.2437185929648	3.2437185929648	3.2437185929648	3.2437185929648	3.2437185929648	3.2437185929648	3.2437185929648	3.2437185929648	3.2437185929648	3.2437185929648	3.2437185929648	3.2437185929648	3.2437185929648	3.2437185929648	3.2437185929648	3.2437185929648	3.2437185929648	3.2437185929648	3.2437185929648	3.2437185929648	3.2437185929648	3.2437185929648	3.2437185929648	3.2437185929648	3.2437185929648	3.2437185929648	3.2437185929648	3.2437185929648	3.2437185929648	3.2437185929648	3.2437185929648	3.2437185929648	3.2437185929648	3.2437185929648	3.2437185929648	3.2437185929648	3.2437185929648	3.2437185929648	3.2437185929648	3.2437185929648	3.2437185929648	3.2437185929648	3.2437185929648	3.2437185929648	3.2437185929648	3.2437185929648	3.2437185929648	3.2437185929648	3.2437185929648	3.2437185929648	3.2437185929648	3.2437185929648	3.2437185929648	3.2437185929648	3.2437185929648	3.2437185929648	3.2437185929648	3.2437185929648	3.2437185929648	3.2437185929648	3.2437185929648	3.2437185929648	3.2437185929648	3.2437185929648	3.2437185929648	3.2437185929648	3.2437185929648	3.2437185929648	3.2437185929648	3.2437185929648	3.2437185929648	3.2437185929648	3.2437185929648	3.2437185929648	3.2437185929648	3.2437185929648
3.4597989949749	3.4597989949749	3.4597989949749	3.4597989949749	3.4597989949749	3.4597989949749	3.4597989949749	3.4597989949749	3.4597989949749	3.4597989949749	3.4597989949749	3.4597989949749	3.4597989949749	3.4597989949749	3.4597989949749	3.4597989949749	3.4597989949749	3.4597989949749	3.4597989949749	3.4597989949749	3.4597989949749	3.4597989949749	3.4597989949749	3.4597989949749	3.4597989949749	3.4597989949749	3.4597989949749	3.4597989949749	3.4597989949749	3.4597989949749	3.4597989949749	3.4597989949749	3.4597989949749	3.4597989949749	3.4597989949749	3.4597989949749	3.4597989949749	3.4597989949749	3.4597989949749	3.4597989949749	3.4597989949749	3.4597989949749	3.4597989949749	3.4597989949749	3.4597989949749	3.4597989949749	3.4597989949749	3.4597989949749	3.4597989949749	3.4597989949749	3.4597989949749	3.4597989949749	3.4597989949749	3.4597989949749	3.4597989949749	3.4597989949749	3.4597989949749	3.4597989949749	3.4597989949749	3.4597989949749	3.4597989949749	3.4597989949749	3.4597989949749	3.4597989949749	3.4597989949749	3.4597989949749	3.4597989949749	3.4597989949749	3.4597989949749	3.4597989949749	3.4597989949749	3.4597989949749	3.4597989949749	3.4597989949749	3.4597989949749	3.4597989949749	3.4597989949749	3.4597989949749	3.4597989949749	3.4597989949749	3.4597989949749	3.4597989949749	3.4597989949749	3.4597989949749	3.4597989949749	3.4597989949749	3.4597989949749	3.4597989949749	3.4597989949749	3.4597989949749	3.4597989949749	3.4597989949749	3.4597989949749	3.4597989949749	3.4597989949749	3.4597989949749	3.4597989949749	3.4597989949749	3.4597989949749	3.4597989949749	3.4597989949749	3.4597989949749	3.4597989949749	3.4597989949749	3.4597989949749	3.4597989949749	3.4597989949749	3.4597989949749	3.4597989949749	3.4597989949749	3.4597989949749	3.4597989949749	3.4597989949749	3.4597989949749	3.4597989949749	3.4597989949749	3.4597989949749	3.4597989949749	3.4597989949749	3.4597989949749	3.4597989949749	3.4597989949749	3.4597989949749	3.4597989949749	3.4597989949749	3.4597989949749	3.4597989949749	3.4597989949749	3.4597989949749	3.4597989949749	3.4597989949749	3.4597989949749	3.4597989949749	3.4597989949749	3.4597989949749	3.4597989949749	3.4597989949749	3.4597989949749	3.4597989949749	3.4597989949749	3.4597989949749	3.4597989949749	3.4597989949749	3.4597989949749	3.4597989949749	3.4597989949749	3.4597989949749	3.4597989949749	3.4597989949749	3.4597989949749	3.4597989949749	3.4597989949749	3.4597989949749	3.4597989949749	3.4597989949749	3.4597989949749	3.4597989949749	3.4597989949749	3.4597989949749	3.4597989949749	3.4597989949749	3.4597989949749	3.4597989949749	3.4597989949749	3.4597989949749	3.4597989949749	3.4597989949749	3.4597989949749	3.4597989949749	3.4597989949749	3.4597989949749	3.4597989949749	3.4597989949749	3.4597989949749	3.4597989949749	3.4597989949749	3.4597989949749	3.4597989949749	3.4597989949749	3.4597989949749	3.4597989949749	3.4597989949749	3.4597989949749	3.4597989949749	3.4597989949749	3.4597989949749	3.4597989949749	3.4597989949749	3.4597989949749	3.4597989949749	3.4597989949749	3.4597989949749	3.4597989949749	3.4597989949749	3.4597989949749	3.4597989949749	3.4597989949749	3.4597989949749	3.4597989949749	3.4597989949749
3.6758793969849	3.6758793969849	3.6758793969849	3.6758793969849	3.6758793969849	3.6758793969849	3.6758793969849	3.6758793969849	3.6758793969849	3.6758793969849	3.6758793969849	3.6758793969849	3.6758793969849	3.6758793969849	3.6758793969849	3.6758793969849	3.6758793969849	3.6758793969849	3.6758793969849	3.6758793969849	3.6758793969849	3.6758793969849	3.6758793969849	3.6758793969849	3.6758793969849	3.6758793969849	3.6758793969849	3.6758793969849	3.6758793969849	3.6758793969849	3.6758793969849	3.6758793969849	3.6758793969849	3.6758793969849	3.6758793969849	3.6758793969849	3.6758793969849	3.6758793969849	3.6758793969849	3.6758793969849	3.6758793969849	3.6758793969849	3.6758793969849	3.6758793969849	3.6758793969849	3.6758793969849	3.6758793969849	3.6758793969849	3.6758793969849	3.6758793969849	3.6758793969849	3.6758793969849	3.6758793969849	3.6758793969849	3.6758793969849	3.6758793969849	3.6758793969849	3.6758793969849	3.6758793969849	3.6758793969849	3.6758793969849	3.6758793969849	3.6758793969849	3.6758793969849	3.6758793969849	3.6758793969849	3.6758793969849	3.6758793969849	3.6758793969849	3.6758793969849	3.6758793969849	3.6758793969849	3.6758793969849	3.6758793969849	3.6758793969849	3.6758793969849	3.6758793969849	3.6758793969849	3.6758793969849	3.6758793969849	3.6758793969849	3.6758793969849	3.6758793969849	3.6758793969849	3.6758793969849	3.6758793969849	3.6758793969849	3.6758793969849	3.6758793969849	3.6758793969849	3.6758793969849	3.6758793969849	3.6758793969849	3.6758793969849	3.6758793969849	3.6758793969849	3.6758793969849	3.6758793969849	3.6758793969849	3.6758793969849	3.6758793969849	3.6758793969849	3.6758793969849	3.6758793969849	3.6758793969849	3.6758793969849	3.6758793969849	3.6758793969849	3.6758793969849	3.6758793969849	3.6758793969849	3.6758793969849	3.6758793969849	3.6758793969849	3.6758793969849	3.6758793969849	3.6758793969849	3.6758793969849	3.6758793969849	3.6758793969849	3.6758793969849	3.6758793969849	3.6758793969849	3.6758793969849	3.6758793969849	3.6758793969849	3.6758793969849	3.6758793969849	3.6758793969849	3.6758793969849	3.6758793969849	3.6758793969849	3.6758793969849	3.6758793969849	3.6758793969849	3.6758793969849	3.6758793969849	3.6758793969849	3.6758793969849	3.6758793969849	3.6758793969849	3.6758793969849	3.6758793969849	3.6758793969849	3.6758793969849	3.6758793969849	3.6758793969849	3.6758793969849	3.6758793969849	3.6758793969849	3.6758793969849	3.6758793969849	3.6758793969849	3.6758793969849	3.6758793969849	3.6758793969849	3.6758793969849	3.6758793969849	3.6758793969849	3.6758793969849	3.6758793969849	3.6758793969849	3.6758793969849	3.6758793969849	3.6758793969849	3.6758793969849	3.6758793969849	3.6758793969849	3.6758793969849	3.6758793969849	3.6758793969849	3.6758793969849	3.6758793969849	3.6758793969849	3.6758793969849	3.6758793969849	3.6758793969849	3.6758793969849	3.6758793969849	3.6758793969849	3.6758793969849	3.6758793969849	3.6758793969849	3.6758793969849	3.6758793969849	3.6758793969849	3.6758793969849	3.6758793969849	3.6758793969849	3.6758793969849	3.6758793969849	3.6758793969849	3.6758793969849	3.6758793969849	3.6758793969849	3.6758793969849	3.6758793969849	3.6758793969849	3.6758793969849	3.6758793969849
3.891959798995	3.891959798995	3.891959798995	3.891959798995	3.891959798995	3.891959798995	3.891959798995	3.891959798995	3.891959798995	3.891959798995	3.891959798995	3.891959798995	3.891959798995	3.891959798995	3.891959798995	3.891959798995	3.891959798995	3.891959798995	3.891959798995	3.891959798995	3.891959798995	3.891959798995	3.891959798995	3.891959798995	3.891959798995	3.891959798995	3.891959798995	3.891959798995	3.891959798995	3.891959798995	3.891959798995	3.891959798995	3.891959798995	3.891959798995	3.891959798995	3.891959798995	3.891959798995	3.891959798995	3.891959798995	3.891959798995	3.891959798995	3.891959798995	3.891959798995	3.891959798995	3.891959798995	3.891959798995	3.891959798995	3.891959798995	3.891959798995	3.891959798995	3.891959798995	3.891959798995	3.891959798995	3.891959798995	3.891959798995	3.891959798995	3.891959798995	3.891959798995	3.891959798995	3.891959798995	3.891959798995	3.891959798995	3.891959798995	3.891959798995	3.891959798995	3.891959798995	3.891959798995	3.891959798995	3.891959798995	3.891959798995	3.891959798995	3.891959798995	3.891959798995	3.891959798995	3.891959798995	3.891959798995	3.891959798995	3.891959798995	3.891959798995	3.891959798995	3.891959798995	3.891959798995	3.891959798995	3.891959798995	3.891959798995	3.891959798995	3.891959798995	3.891959798995	3.891959798995	3.891959798995	3.891959798995	3.891959798995	3.891959798995	3.891959798995	3.891959798995	3.891959798995	3.891959798995	3.891959798995	3.891959798995	3.891959798995	3.891959798995	3.891959798995	3.891959798995	3.891959798995	3.891959798995	3.891959798995	3.891959798995	3.891959798995	3.891959798995	3.891959798995	3.891959798995	3.891959798995	3.891959798995	3.891959798995	3.891959798995	3.891959798995	3.891959798995	3.891959798995	3.891959798995	3.891959798995	3.891959798995	3.891959798995	3.891959798995	3.891959798995	3.891959798995	3.891959798995	3.891959798995	3.891959798995	3.891959798995	3.891959798995	3.891959798995	3.891959798995	3.891959798995	3.891959798995	3.891959798995	3.891959798995	3.891959798995	3.891959798995	3.891959798995	3.891959798995	3.891959798995	3.891959798995	3.891959798995	3.891959798995	3.891959798995	3.891959798995	3.891959798995	3.891959798995	3.891959798995	3.891959798995	3.891959798995	3.891959798995	3.891959798995	3.891959798995	3.891959798995	3.891959798995	3.891959798995	3.891959798995	3.891959798995	3.891959798995	3.891959798995	3.891959798995	3.891959798995	3.891959798995	3.891959798995	3.891959798995	3.891959798995	3.891959798995	3.891959798995	3.891959798995	3.891959798995	3.891959798995	3.891959798995	3.891959798995	3.891959798995	3.891959798995	3.891959798995	3.891959798995	3.891959798995	3.891959798995	3.891959798995	3.891959798995	3.891959798995	3.891959798995	3.891959798995	3.891959798995	3.891959798995	3.891959798995	3.891959798995	3.891959798995	3.891959798995	3.891959798995	3.891959798995	3.891959798995	3.891959798995	3.891959798995	3.891959798995	3.891959798995	3.891959798995	3.891959798995
4.108040201005	4.108040201005	4.108040201005	4.108040201005	4.108040201005	4.108040201005	4.108040201005	4.108040201005	4.108040201005	4.108040201005	4.108040201005	4.108040201005	4.108040201005	4.108040201005	4.108040201005	4.108040201005	4.108040201005	4.108040201005	4.108040201005	4.108040201005	4.108040201005	4.108040201005	4.108040201005	4.108040201005	4.108040201005	4.108040201005	4.108040201005	4.108040201005	4.108040201005	4.108040201005	4.108040201005	4.108040201005	4.108040201005	4.108040201005	4.108040201005	4.108040201005	4.108040201005	4.108040201005	4.108040201005	4.108040201005	4.108040201005	4.108040201005	4.108040201005	4.108040201005	4.108040201005	4.108040201005	4.108040201005	4.108040201005	4.108040201005	4.108040201005	4.108040201005	4.108040201005	4.108040201005	4.108040201005	4.108040201005	4.108040201005	4.108040201005	4.108040201005	4.108040201005	4.108040201005	4.108040201005	4.108040201005	4.108040201005	4.108040201005	4.108040201005	4.108040201005	4.108040201005	4.108040201005	4.108040201005	4.108040201005	4.108040201005	4.108040201005	4.108040201005	4.108040201005	4.108040201005	4.108040201005	4.108040201005	4.108040201005	4.108040201005	4.108040201005	4.108040201005	4.108040201005	4.108040201005	4.108040201005	4.108040201005	4.108040201005	4.108040201005	4.108040201005	4.108040201005	4.108040201005	4.108040201005	4.108040201005	4.108040201005	4.108040201005	4.108040201005	4.108040201005	4.108040201005	4.108040201005	4.108040201005	4.108040201005	4.108040201005	4.108040201005	4.108040201005	4.108040201005	4.108040201005	4.108040201005	4.108040201005	4.108040201005	4.108040201005	4.108040201005	4.108040201005	4.108040201005	4.108040201005	4.108040201005	4.108040201005	4.108040201005	4.108040201005	4.108040201005	4.108040201005	4.108040201005	4.108040201005	4.108040201005	4.108040201005	4.108040201005	4.108040201005	4.108040201005	4.108040201005	4.108040201005	4.108040201005	4.108040201005	4.108040201005	4.108040201005	4.108040201005	4.108040201005	4.108040201005	4.108040201005	4.108040201005	4.108040201005	4.108040201005	4.108040201005	4.108040201005	4.108040201005	4.108040201005	4.108040201005	4.108040201005	4.108040201005	4.108040201005	4.108040201005	4.108040201005	4.108040201005	4.108040201005	4.108040201005	4.108040201005	4.108040201005	4.108040201005	4.108040201005	4.108040201005	4.108040201005	4.108040201005	4.108040201005	4.108040201005	4.108040201005	4.108040201005	4.108040201005	4.108040201005	4.108040201005	4.108040201005	4.108040201005	4.108040201005	4.108040201005	4.108040201005	4.108040201005	4.108040201005	4.108040201005	4.108040201005	4.108040201005	4.108040201005	4.108040201005	4.108040201005	4.108040201005	4.108040201005	4.108040201005	4.108040201005	4.108040201005	4.108040201005	4.108040201005	4.108040201005	4.108040201005	4.108040201005	4.108040201005	4.108040201005	4.108040201005	4.108040201005	4.108040201005	4.108040201005	4.108040201005	4.108040201005	4.108040201005	4.108040201005	4.108040201005
4.3241206030151	4.3241206030151	4.3241206030151	4.3241206030151	4.3241206030151	4.3241206030151	4.3241206030151	4.3241206030151	4.3241206030151	4.3241206030151	4.3241206030151	4.3241206030151	4.3241206030151	4.3241206030151	4.3241206030151	4.3241206030151	4.3241206030151	4.3241206030151	4.3241206030151	4.3241206030151	4.3241206030151	4.3241206030151	4.3241206030151	4.3241206030151	4.3241206030151	4.3241206030151	4.3241206030151	4.3241206030151	4.3241206030151	4.3241206030151	4.3241206030151	4.3241206030151	4.3241206030151	4.3241206030151	4.3241206030151	4.3241206030151	4.3241206030151	4.3241206030151	4.3241206030151	4.3241206030151	4.3241206030151	4.3241206030151	4.3241206030151	4.3241206030151	4.3241206030151	4.3241206030151	4.3241206030151	4.3241206030151	4.3241206030151	4.3241206030151	4.3241206030151	4.3241206030151	4.3241206030151	4.3241206030151	4.3241206030151	4.3241206030151	4.3241206030151	4.3241206030151	4.3241206030151	4.3241206030151	4.3241206030151	4.3241206030151	4.3241206030151	4.3241206030151	4.3241206030151	4.3241206030151	4.3241206030151	4.3241206030151	4.3241206030151	4.3241206030151	4.3241206030151	4.3241206030151	4.3241206030151	4.3241206030151	4.3241206030151	4.3241206030151	4.3241206030151	4.3241206030151	4.3241206030151	4.3241206030151	4.3241206030151	4.3241206030151	4.3241206030151	4.3241206030151	4.3241206030151	4.3241206030151	4.3241206030151	4.3241206030151	4.3241206030151	4.3241206030151	4.3241206030151	4.3241206030151	4.3241206030151	4.3241206030151	4.3241206030151	4.3241206030151	4.3241206030151	4.3241206030151	4.3241206030151	4.3241206030151	4.3241206030151	4.3241206030151	4.3241206030151	4.3241206030151	4.3241206030151	4.3241206030151	4.3241206030151	4.3241206030151	4.3241206030151	4.3241206030151	4.3241206030151	4.3241206030151	4.3241206030151	4.3241206030151	4.3241206030151	4.3241206030151	4.3241206030151	4.3241206030151	4.3241206030151	4.3241206030151	4.3241206030151	4.3241206030151	4.3241206030151	4.3241206030151	4.3241206030151	4.3241206030151	4.3241206030151	4.3241206030151	4.3241206030151	4.3241206030151	4.3241206030151	4.3241206030151	4.3241206030151	4.3241206030151	4.3241206030151	4.3241206030151	4.3241206030151	4.3241206030151	4.3241206030151	4.3241206030151	4.3241206030151	4.3241206030151	4.3241206030151	4.3241206030151	4.3241206030151	4.3241206030151	4.3241206030151	4.3241206030151	4.3241206030151	4.3241206030151	4.3241206030151	4.3241206030151	4.3241206030151	4.3241206030151	4.3241206030151	4.3241206030151	4.3241206030151	4.3241206030151	4.3241206030151	4.3241206030151	4.3241206030151	4.3241206030151	4.3241206030151	4.3241206030151	4.3241206030151	4.3241206030151	4.3241206030151	4.3241206030151	4.3241206030151	4.3241206030151	4.3241206030151	4.3241206030151	4.3241206030151	4.3241206030151	4.3241206030151	4.3241206030151	4.3241206030151	4.3241206030151	4.3241206030151	4.3241206030151	4.3241206030151	4.3241206030151	4.3241206030151	4.3241206030151	4.3241206030151	4.3241206030151	4.3241206030151	4.3241206030151	4.3241206030151	4.3241206030151	4.3241206030151	4.3241206030151	4.3241206030151	4.3241206030151	4.3241206030151	4.3241206030151	4.3241206030151	4.3241206030151	4.3241206030151	4.3241206030151
4.5402010050251	4.5402010050251	4.5402010050251	4.5402010050251	4.5402010050251	4.5402010050251	4.5402010050251	4.5402010050251	4.5402010050251	4.5402010050251	4.5402010050251	4.5402010050251	4.5402010050251	4.5402010050251	4.5402010050251	4.5402010050251	4.5402010050251	4.5402010050251	4.5402010050251	4.5402010050251	4.5402010050251	4.5402010050251	4.5402010050251	4.5402010050251	4.5402010050251	4.5402010050251	4.5402010050251	4.5402010050251	4.5402010050251	4.5402010050251	4.5402010050251	4.5402010050251	4.5402010050251	4.5402010050251	4.5402010050251	4.5402010050251	4.5402010050251	4.5402010050251	4.5402010050251	4.5402010050251	4.5402010050251	4.5402010050251	4.5402010050251	4.5402010050251	4.5402010050251	4.5402010050251	4.5402010050251	4.5402010050251	4.5402010050251	4.5402010050251	4.5402010050251	4.5402010050251	4.5402010050251	4.5402010050251	4.5402010050251	4.5402010050251	4.5402010050251	4.5402010050251	4.5402010050251	4.5402010050251	4.5402010050251	4.5402010050251	4.5402010050251	4.5402010050251	4.5402010050251	4.5402010050251	4.5402010050251	4.5402010050251	4.5402010050251	4.5402010050251	4.5402010050251	4.5402010050251	4.5402010050251	4.5402010050251	4.5402010050251	4.5402010050251	4.5402010050251	4.5402010050251	4.5402010050251	4.5402010050251	4.5402010050251	4.5402010050251	4.5402010050251	4.5402010050251	4.5402010050251	4.5402010050251	4.5402010050251	4.5402010050251	4.5402010050251	4.5402010050251	4.5402010050251	4.5402010050251	4.5402010050251	4.5402010050251	4.5402010050251	4.5402010050251	4.5402010050251	4.5402010050251	4.5402010050251	4.5402010050251	4.5402010050251	4.5402010050251	4.5402010050251	4.5402010050251	4.5402010050251	4.5402010050251	4.5402010050251	4.5402010050251	4.5402010050251	4.5402010050251	4.5402010050251	4.5402010050251	4.5402010050251	4.5402010050251	4.5402010050251	4.5402010050251	4.5402010050251	4.5402010050251	4.5402010050251	4.5402010050251	4.5402010050251	4.5402010050251	4.5402010050251	4.5402010050251	4.5402010050251	4.5402010050251	4.5402010050251	4.5402010050251	4.5402010050251	4.5402010050251	4.5402010050251	4.5402010050251	4.5402010050251	4.5402010050251	4.5402010050251	4.5402010050251	4.5402010050251	4.5402010050251	4.5402010050251	4.5402010050251	4.5402010050251	4.5402010050251	4.5402010050251	4.5402010050251	4.5402010050251	4.5402010050251	4.5402010050251	4.5402010050251	4.5402010050251	4.5402010050251	4.5402010050251	4.5402010050251	4.5402010050251	4.5402010050251	4.5402010050251	4.5402010050251	4.5402010050251	4.5402010050251	4.5402010050251	4.5402010050251	4.5402010050251	4.5402010050251	4.5402010050251	4.5402010050251	4.5402010050251	4.5402010050251	4.5402010050251	4.5402010050251	4.5402010050251	4.5402010050251	4.5402010050251	4.5402010050251	4.5402010050251	4.5402010050251	4.5402010050251	4.5402010050251	4.5402010050251	4.5402010050251	4.5402010050251	4.5402010050251	4.5402010050251	4.5402010050251	4.5402010050251	4.5402010050251	4.5402010050251	4.5402010050251	4.5402010050251	4.5402010050251	4.5402010050251	4.5402010050251	4.5402010050251	4.5402010050251	4.5402010050251	4.5402010050251	4.5402010050251	4.5402010050251	4.5402010050251	4.5402010050251	4.5402010050251	4.5402010050251
4.7562814070352	4.7562814070352	4.7562814070352	4.7562814070352	4.7562814070352	4.7562814070352	4.7562814070352	4.7562814070352	4.7562814070352	4.7562814070352	4.7562814070352	4.7562814070352	4.7562814070352	4.7562814070352	4.7562814070352	4.7562814070352	4.7562814070352	4.7562814070352	4.7562814070352	4.7562814070352	4.7562814070352	4.7562814070352	4.7562814070352	4.7562814070352	4.7562814070352	4.7562814070352	4.7562814070352	4.7562814070352	4.7562814070352	4.7562814070352	4.7562814070352	4.7562814070352	4.7562814070352	4.7562814070352	4.7562814070352	4.7562814070352	4.7562814070352	4.7562814070352	4.7562814070352	4.7562814070352	4.7562814070352	4.7562814070352	4.7562814070352	4.7562814070352	4.7562814070352	4.7562814070352	4.7562814070352	4.7562814070352	4.7562814070352	4.7562814070352	4.7562814070352	4.7562814070352	4.7562814070352	4.7562814070352	4.7562814070352	4.7562814070352	4.7562814070352	4.7562814070352	4.7562814070352	4.7562814070352	4.7562814070352	4.7562814070352	4.7562814070352	4.7562814070352	4.7562814070352	4.7562814070352	4.7562814070352	4.7562814070352	4.7562814070352	4.7562814070352	4.7562814070352	4.7562814070352	4.7562814070352	4.7562814070352	4.7562814070352	4.7562814070352	4.7562814070352	4.7562814070352	4.7562814070352	4.7562814070352	4.7562814070352	4.7562814070352	4.7562814070352	4.7562814070352	4.7562814070352	4.7562814070352	4.7562814070352	4.7562814070352	4.7562814070352	4.7562814070352	4.7562814070352	4.7562814070352	4.7562814070352	4.7562814070352	4.7562814070352	4.7562814070352	4.7562814070352	4.7562814070352	4.7562814070352	4.7562814070352	4.7562814070352	4.7562814070352	4.7562814070352	4.7562814070352	4.7562814070352	4.7562814070352	4.7562814070352	4.7562814070352	4.7562814070352	4.7562814070352	4.7562814070352	4.7562814070352	4.7562814070352	4.7562814070352	4.7562814070352	4.7562814070352	4.7562814070352	4.7562814070352	4.7562814070352	4.7562814070352	4.7562814070352	4.7562814070352	4.7562814070352	4.7562814070352	4.7562814070352	4.7562814070352	4.7562814070352	4.7562814070352	4.7562814070352	4.7562814070352	4.7562814070352	4.7562814070352	4.7562814070352	4.7562814070352	4.7562814070352	4.7562814070352	4.7562814070352	4.7562814070352	4.7562814070352	4.7562814070352	4.7562814070352	4.7562814070352	4.7562814070352	4.7562814070352	4.7562814070352	4.7562814070352	4.7562814070352	4.7562814070352	4.7562814070352	4.7562814070352	4.7562814070352	4.7562814070352	4.7562814070352	4.7562814070352	4.7562814070352	4.7562814070352	4.7562814070352	4.7562814070352	4.7562814070352	4.7562814070352	4.7562814070352	4.7562814070352	4.7562814070352	4.7562814070352	4.7562814070352	4.7562814070352	4.7562814070352	4.7562814070352	4.7562814070352	4.7562814070352	4.7562814070352	4.7562814070352	4.7562814070352	4.7562814070352	4.7562814070352	4.7562814070352	4.7562814070352	4.7562814070352	4.7562814070352	4.7562814070352	4.7562814070352	4.7562814070352	4.7562814070352	4.7562814070352	4.7562814070352	4.7562814070352	4.7562814070352	4.7562814070352	4.7562814070352	4.7562814070352	4.7562814070352	4.7562814070352	4.7562814070352	4.7562814070352	4.7562814070352	4.7562814070352	4.7562814070352	4.7562814070352	4.7562814070352	4.7562814070352
4.9723618090452	4.9723618090452	4.9723618090452	4.9723618090452	4.9723618090452	4.9723618090452	4.9723618090452	4.9723618090452	4.9723618090452	4.9723618090452	4.9723618090452	4.9723618090452	4.9723618090452	4.9723618090452	4.9723618090452	4.9723618090452	4.9723618090452	4.9723618090452	4.9723618090452	4.9723618090452	4.9723618090452	4.9723618090452	4.9723618090452	4.9723618090452	4.9723618090452	4.9723618090452	4.9723618090452	4.9723618090452	4.9723618090452	4.9723618090452	4.9723618090452	4.9723618090452	4.9723618090452	4.9723618090452	4.9723618090452	4.9723618090452	4.9723618090452	4.9723618090452	4.9723618090452	4.9723618090452	4.9723618090452	4.9723618090452	4.9723618090452	4.9723618090452	4.9723618090452	4.9723618090452	4.9723618090452	4.9723618090452	4.9723618090452	4.9723618090452	4.9723618090452	4.9723618090452	4.9723618090452	4.9723618090452	4.9723618090452	4.9723618090452	4.9723618090452	4.9723618090452	4.9723618090452	4.9723618090452	4.9723618090452	4.9723618090452	4.9723618090452	4.9723618090452	4.9723618090452	4.9723618090452	4.9723618090452	4.9723618090452	4.9723618090452	4.9723618090452	4.9723618090452	4.9723618090452	4.9723618090452	4.9723618090452	4.9723618090452	4.9723618090452	4.9723618090452	4.9723618090452	4.9723618090452	4.9723618090452	4.9723618090452	4.9723618090452	4.9723618090452	4.9723618090452	4.9723618090452	4.9723618090452	4.9723618090452	4.9723618090452	4.9723618090452	4.9723618090452	4.9723618090452	4.9723618090452	4.9723618090452	4.9723618090452	4.9723618090452	4.9723618090452	4.9723618090452	4.9723618090452	4.9723618090452	4.9723618090452	4.9723618090452	4.9723618090452	4.9723618090452	4.9723618090452	4.9723618090452	4.9723618090452	4.9723618090452	4.9723618090452	4.9723618090452	4.9723618090452	4.9723618090452	4.9723618090452	4.9723618090452	4.9723618090452	4.9723618090452	4.9723618090452	4.9723618090452	4.9723618090452	4.9723618090452	4.9723618090452	4.9723618090452	4.9723618090452	4.9723618090452	4.9723618090452	4.9723618090452	4.9723618090452	4.9723618090452	4.9723618090452	4.9723618090452	4.9723618090452	4.9723618090452	4.9723618090452	4.9723618090452	4.9723618090452	4.9723618090452	4.9723618090452	4.9723618090452	4.9723618090452	4.9723618090452	4.9723618090452	4.9723618090452	4.9723618090452	4.9723618090452	4.9723618090452	4.9723618090452	4.9723618090452	4.9723618090452	4.9723618090452	4.9723618090452	4.9723618090452	4.9723618090452	4.9723618090452	4.9723618090452	4.9723618090452	4.9723618090452	4.9723618090452	4.9723618090452	4.9723618090452	4.9723618090452	4.9723618090452	4.9723618090452	4.9723618090452	4.9723618090452	4.9723618090452	4.9723618090452	4.9723618090452	4.9723618090452	4.9723618090452	4.9723618090452	4.9723618090452	4.9723618090452	4.9723618090452	4.9723618090452	4.9723618090452	4.9723618090452	4.9723618090452	4.9723618090452	4.9723618090452	4.9723618090452	4.9723618090452	4.9723618090452	4.9723618090452	4.9723618090452	4.9723618090452	4.9723618090452	4.9723618090452	4.9723618090452	4.9723618090452	4.9723618090452	4.9723618090452	4.9723618090452	4.9723618090452	4.9723618090452	4.9723618090452	4.9723618090452	4.9723618090452	4.9723618090452	4.9723618090452	4.9723618090452	4.9723618090452
5.1884422110553	5.1884422110553	5.1884422110553	5.1884422110553	5.1884422110553	5.1884422110553	5.1884422110553	5.1884422110553	5.1884422110553	5.1884422110553	5.1884422110553	5.1884422110553	5.1884422110553	5.1884422110553	5.1884422110553	5.1884422110553	5.1884422110553	5.1884422110553	5.1884422110553	5.1884422110553	5.1884422110553	5.1884422110553	5.1884422110553	5.1884422110553	5.1884422110553	5.1884422110553	5.1884422110553	5.1884422110553	5.1884422110553	5.1884422110553	5.1884422110553	5.1884422110553	5.1884422110553	5.1884422110553	5.1884422110553	5.1884422110553	5.1884422110553	5.1884422110553	5.1884422110553	5.1884422110553	5.1884422110553	5.1884422110553	5.1884422110553	5.1884422110553	5.1884422110553	5.1884422110553	5.1884422110553	5.1884422110553	5.1884422110553	5.1884422110553	5.1884422110553	5.1884422110553	5.1884422110553	5.1884422110553	5.1884422110553	5.1884422110553	5.1884422110553	5.1884422110553	5.1884422110553	5.1884422110553	5.1884422110553	5.1884422110553	5.1884422110553	5.1884422110553	5.1884422110553	5.1884422110553	5.1884422110553	5.1884422110553	5.1884422110553	5.1884422110553	5.1884422110553	5.1884422110553	5.1884422110553	5.1884422110553	5.1884422110553	5.1884422110553	5.1884422110553	5.1884422110553	5.1884422110553	5.1884422110553	5.1884422110553	5.1884422110553	5.1884422110553	5.1884422110553	5.1884422110553	5.1884422110553	5.1884422110553	5.1884422110553	5.1884422110553	5.1884422110553	5.1884422110553	5.1884422110553	5.1884422110553	5.1884422110553	5.1884422110553	5.1884422110553	5.1884422110553	5.1884422110553	5.1884422110553	5.1884422110553	5.1884422110553	5.1884422110553	5.1884422110553	5.1884422110553	5.1884422110553	5.1884422110553	5.1884422110553	5.1884422110553	5.1884422110553	5.1884422110553	5.1884422110553	5.1884422110553	5.1884422110553	5.1884422110553	5.1884422110553	5.1884422110553	5.1884422110553	5.1884422110553	5.1884422110553	5.1884422110553	5.1884422110553	5.1884422110553	5.1884422110553	5.1884422110553	5.1884422110553	5.1884422110553	5.1884422110553	5.1884422110553	5.1884422110553	5.1884422110553	5.1884422110553	5.1884422110553	5.1884422110553	5.1884422110553	5.1884422110553	5.1884422110553	5.1884422110553	5.1884422110553	5.1884422110553	5.1884422110553	5.1884422110553	5.1884422110553	5.1884422110553	5.1884422110553	5.1884422110553	5.1884422110553	5.1884422110553	5.1884422110553	5.1884422110553	5.1884422110553	5.1884422110553	5.1884422110553	5.1884422110553	5.1884422110553	5.1884422110553	5.1884422110553	5.1884422110553	5.1884422110553	5.1884422110553	5.1884422110553	5.1884422110553	5.1884422110553	5.1884422110553	5.1884422110553	5.1884422110553	5.1884422110553	5.1884422110553	5.1884422110553	5.1884422110553	5.1884422110553	5.1884422110553	5.1884422110553	5.1884422110553	5.1884422110553	5.1884422110553	5.1884422110553	5.1884422110553	5.1884422110553	5.1884422110553	5.1884422110553	5.1884422110553	5.1884422110553	5.1884422110553	5.1884422110553	5.1884422110553	5.1884422110553	5.1884422110553	5.1884422110553	5.1884422110553	5.1884422110553	5.1884422110553	5.1884422110553	5.1884422110553	5.1884422110553	5.1884422110553	5.1884422110553	5.1884422110553	5.1884422110553	5.1884422110553	5.1884422110553
5.4045226130653	5.4045226130653	5.4045226130653	5.4045226130653	5.4045226130653	5.4045226130653	5.4045226130653	5.4045226130653	5.4045226130653	5.4045226130653	5.4045226130653	5.4045226130653	5.4045226130653	5.4045226130653	5.4045226130653	5.4045226130653	5.4045226130653	5.4045226130653	5.4045226130653	5.4045226130653	5.4045226130653	5.4045226130653	5.4045226130653	5.4045226130653	5.4045226130653	5.4045226130653	5.4045226130653	5.4045226130653	5.4045226130653	5.4045226130653	5.4045226130653	5.4045226130653	5.4045226130653	5.4045226130653	5.4045226130653	5.4045226130653	5.4045226130653	5.4045226130653	5.4045226130653	5.4045226130653	5.4045226130653	5.4045226130653	5.4045226130653	5.4045226130653	5.4045226130653	5.4045226130653	5.4045226130653	5.4045226130653	5.4045226130653	5.4045226130653	5.4045226130653	5.4045226130653	5.4045226130653	5.4045226130653	5.4045226130653	5.4045226130653	5.4045226130653	5.4045226130653	5.4045226130653	5.4045226130653	5.4045226130653	5.4045226130653	5.4045226130653	5.4045226130653	5.4045226130653	5.4045226130653	5.4045226130653	5.4045226130653	5.4045226130653	5.4045226130653	5.4045226130653	5.4045226130653	5.4045226130653	5.4045226130653	5.4045226130653	5.4045226130653	5.4045226130653	5.4045226130653	5.4045226130653	5.4045226130653	5.4045226130653	5.4045226130653	5.4045226130653	5.4045226130653	5.4045226130653	5.4045226130653	5.4045226130653	5.4045226130653	5.4045226130653	5.4045226130653	5.4045226130653	5.4045226130653	5.4045226130653	5.4045226130653	5.4045226130653	5.4045226130653	5.4045226130653	5.4045226130653	5.4045226130653	5.4045226130653	5.4045226130653	5.4045226130653	5.4045226130653	5.4045226130653	5.4045226130653	5.4045226130653	5.4045226130653	5.4045226130653	5.4045226130653	5.4045226130653	5.4045226130653	5.4045226130653	5.4045226130653	5.4045226130653	5.4045226130653	5.4045226130653	5.4045226130653	5.4045226130653	5.4045226130653	5.4045226130653	5.4045226130653	5.4045226130653	5.4045226130653	5.4045226130653	5.4045226130653	5.4045226130653	5.4045226130653	5.4045226130653	5.4045226130653	5.4045226130653	5.4045226130653	5.4045226130653	5.4045226130653	5.4045226130653	5.4045226130653	5.4045226130653	5.4045226130653	5.4045226130653	5.4045226130653	5.4045226130653	5.4045226130653	5.4045226130653	5.4045226130653	5.4045226130653	5.4045226130653	5.4045226130653	5.4045226130653	5.4045226130653	5.4045226130653	5.4045226130653	5.4045226130653	5.4045226130653	5.4045226130653	5.4045226130653	5.4045226130653	5.4045226130653	5.4045226130653	5.4045226130653	5.4045226130653	5.4045226130653	5.4045226130653	5.4045226130653	5.4045226130653	5.4045226130653	5.4045226130653	5.4045226130653	5.4045226130653	5.4045226130653	5.4045226130653	5.4045226130653	5.4045226130653	5.4045226130653	5.4045226130653	5.4045226130653	5.4045226130653	5.4045226130653	5.4045226130653	5.4045226130653	5.4045226130653	5.4045226130653	5.4045226130653	5.4045226130653	5.4045226130653	5.4045226130653	5.4045226130653	5.4045226130653	5.4045226130653	5.4045226130653	5.4045226130653	5.4045226130653	5.4045226130653	5.4045226130653	5.4045226130653	5.4045226130653	5.4045226130653	5.4045226130653	5.4045226130653	5.4045226130653	5.4045226130653	5.4045226130653
5.6206030150754	5.6206030150754	5.6206030150754	5.6206030150754	5.6206030150754	5.6206030150754	5.6206030150754	5.6206030150754	5.6206030150754	5.6206030150754	5.6206030150754	5.6206030150754	5.6206030150754	5.6206030150754	5.6206030150754	5.6206030150754	5.6206030150754	5.6206030150754	5.6206030150754	5.6206030150754	5.6206030150754	5.6206030150754	5.6206030150754	5.6206030150754	5.6206030150754	5.6206030150754	5.6206030150754	5.6206030150754	5.6206030150754	5.6206030150754	5.6206030150754	5.6206030150754	5.6206030150754	5.6206030150754	5.6206030150754	5.6206030150754	5.6206030150754	5.6206030150754	5.6206030150754	5.6206030150754	5.6206030150754	5.6206030150754	5.6206030150754	5.6206030150754	5.6206030150754	5.6206030150754	5.6206030150754	5.6206030150754	5.6206030150754	5.6206030150754	5.6206030150754	5.6206030150754	5.6206030150754	5.6206030150754	5.6206030150754	5.6206030150754	5.6206030150754	5.6206030150754	5.6206030150754	5.6206030150754	5.6206030150754	5.6206030150754	5.6206030150754	5.6206030150754	5.6206030150754	5.6206030150754	5.6206030150754	5.6206030150754	5.6206030150754	5.6206030150754	5.6206030150754	5.6206030150754	5.6206030150754	5.6206030150754	5.6206030150754	5.6206030150754	5.6206030150754	5.6206030150754	5.6206030150754	5.6206030150754	5.6206030150754	5.6206030150754	5.6206030150754	5.6206030150754	5.6206030150754	5.6206030150754	5.6206030150754	5.6206030150754	5.6206030150754	5.6206030150754	5.6206030150754	5.6206030150754	5.6206030150754	5.6206030150754	5.6206030150754	5.6206030150754	5.6206030150754	5.6206030150754	5.6206030150754	5.6206030150754	5.6206030150754	5.6206030150754	5.6206030150754	5.6206030150754	5.6206030150754	5.6206030150754	5.6206030150754	5.6206030150754	5.6206030150754	5.6206030150754	5.6206030150754	5.6206030150754	5.6206030150754	5.6206030150754	5.6206030150754	5.6206030150754	5.6206030150754	5.6206030150754	5.6206030150754	5.6206030150754	5.6206030150754	5.6206030150754	5.6206030150754	5.6206030150754	5.6206030150754	5.6206030150754	5.6206030150754	5.6206030150754	5.6206030150754	5.6206030150754	5.6206030150754	5.6206030150754	5.6206030150754	5.6206030150754	5.6206030150754	5.6206030150754	5.6206030150754	5.6206030150754	5.6206030150754	5.6206030150754	5.6206030150754	5.6206030150754	5.6206030150754	5.6206030150754	5.6206030150754	5.6206030150754	5.6206030150754	5.6206030150754	5.6206030150754	5.6206030150754	5.6206030150754	5.6206030150754	5.6206030150754	5.6206030150754	5.6206030150754	5.6206030150754	5.6206030150754	5.6206030150754	5.6206030150754	5.6206030150754	5.6206030150754	5.6206030150754	5.6206030150754	5.6206030150754	5.6206030150754	5.6206030150754	5.6206030150754	5.6206030150754	5.6206030150754	5.6206030150754	5.6206030150754	5.6206030150754	5.6206030150754	5.6206030150754	5.6206030150754	5.6206030150754	5.6206030150754	5.6206030150754	5.6206030150754	5.6206030150754	5.6206030150754	5.6206030150754	5.6206030150754	5.6206030150754	5.6206030150754	5.6206030150754	5.6206030150754	5.6206030150754	5.6206030150754	5.6206030150754	5.6206030150754	5.6206030150754	5.6206030150754	5.6206030150754	5.6206030150754	5.6206030150754	5.6206030150754	5.6206030150754	5.6206030150754	5.6206030150754
5.8366834170854	5.8366834170854	5.8366834170854	5.8366834170854	5.8366834170854	5.8366834170854	5.8366834170854	5.8366834170854	5.8366834170854	5.8366834170854	5.8366834170854	5.8366834170854	5.8366834170854	5.8366834170854	5.8366834170854	5.8366834170854	5.8366834170854	5.8366834170854	5.8366834170854	5.8366834170854	5.8366834170854	5.8366834170854	5.8366834170854	5.8366834170854	5.8366834170854	5.8366834170854	5.8366834170854	5.8366834170854	5.8366834170854	5.8366834170854	5.8366834170854	5.8366834170854	5.8366834170854	5.8366834170854	5.8366834170854	5.8366834170854	5.8366834170854	5.8366834170854	5.8366834170854	5.8366834170854	5.8366834170854	5.8366834170854	5.8366834170854	5.8366834170854	5.8366834170854	5.8366834170854	5.8366834170854	5.8366834170854	5.8366834170854	5.8366834170854	5.8366834170854	5.8366834170854	5.8366834170854	5.8366834170854	5.8366834170854	5.8366834170854	5.8366834170854	5.8366834170854	5.8366834170854	5.8366834170854	5.8366834170854	5.8366834170854	5.8366834170854	5.8366834170854	5.8366834170854	5.8366834170854	5.8366834170854	5.8366834170854	5.8366834170854	5.8366834170854	5.8366834170854	5.8366834170854	5.8366834170854	5.8366834170854	5.8366834170854	5.8366834170854	5.8366834170854	5.8366834170854	5.8366834170854	5.8366834170854	5.8366834170854	5.8366834170854	5.8366834170854	5.8366834170854	5.8366834170854	5.8366834170854	5.8366834170854	5.8366834170854	5.8366834170854	5.8366834170854	5.8366834170854	5.8366834170854	5.8366834170854	5.8366834170854	5.8366834170854	5.8366834170854	5.8366834170854	5.8366834170854	5.8366834170854	5.8366834170854	5.8366834170854	5.8366834170854	5.8366834170854	5.8366834170854	5.8366834170854	5.8366834170854	5.8366834170854	5.8366834170854	5.8366834170854	5.8366834170854	5.8366834170854	5.8366834170854	5.8366834170854	5.8366834170854	5.8366834170854	5.8366834170854	5.8366834170854	5.8366834170854	5.8366834170854	5.8366834170854	5.8366834170854	5.8366834170854	5.8366834170854	5.8366834170854	5.8366834170854	5.8366834170854	5.8366834170854	5.8366834170854	5.8366834170854	5.8366834170854	5.8366834170854	5.8366834170854	5.8366834170854	5.8366834170854	5.8366834170854	5.8366834170854	5.8366834170854	5.8366834170854	5.8366834170854	5.8366834170854	5.8366834170854	5.8366834170854	5.8366834170854	5.8366834170854	5.8366834170854	5.8366834170854	5.8366834170854	5.8366834170854	5.8366834170854	5.8366834170854	5.8366834170854	5.8366834170854	5.8366834170854	5.8366834170854	5.8366834170854	5.8366834170854	5.8366834170854	5.8366834170854	5.8366834170854	5.8366834170854	5.8366834170854	5.8366834170854	5.8366834170854	5.8366834170854	5.8366834170854	5.8366834170854	5.8366834170854	5.8366834170854	5.8366834170854	5.8366834170854	5.8366834170854	5.8366834170854	5.8366834170854	5.8366834170854	5.8366834170854	5.8366834170854	5.8366834170854	5.8366834170854	5.8366834170854	5.8366834170854	5.8366834170854	5.8366834170854	5.8366834170854	5.8366834170854	5.8366834170854	5.8366834170854	5.8366834170854	5.8366834170854	5.8366834170854	5.8366834170854	5.8366834170854	5.8366834170854	5.8366834170854	5.8366834170854	5.8366834170854	5.8366834170854	5.8366834170854	5.8366834170854	5.8366834170854	5.8366834170854
6.0527638190955	6.0527638190955	6.0527638190955	6.0527638190955	6.0527638190955	6.0527638190955	6.0527638190955	6.0527638190955	6.0527638190955	6.0527638190955	6.0527638190955	6.0527638190955	6.0527638190955	6.0527638190955	6.0527638190955	6.0527638190955	6.0527638190955	6.0527638190955	6.0527638190955	6.0527638190955	6.0527638190955	6.0527638190955	6.0527638190955	6.0527638190955	6.0527638190955	6.0527638190955	6.0527638190955	6.0527638190955	6.0527638190955	6.0527638190955	6.0527638190955	6.0527638190955	6.0527638190955	6.0527638190955	6.0527638190955	6.0527638190955	6.0527638190955	6.0527638190955	6.0527638190955	6.0527638190955	6.0527638190955	6.0527638190955	6.0527638190955	6.0527638190955	6.0527638190955	6.0527638190955	6.0527638190955	6.0527638190955	6.0527638190955	6.0527638190955	6.0527638190955	6.0527638190955	6.0527638190955	6.0527638190955	6.0527638190955	6.0527638190955	6.0527638190955	6.0527638190955	6.0527638190955	6.0527638190955	6.0527638190955	6.0527638190955	6.0527638190955	6.0527638190955	6.0527638190955	6.0527638190955	6.0527638190955	6.0527638190955	6.0527638190955	6.0527638190955	6.0527638190955	6.0527638190955	6.0527638190955	6.0527638190955	6.0527638190955	6.0527638190955	6.0527638190955	6.0527638190955	6.0527638190955	6.0527638190955	6.0527638190955	6.0527638190955	6.0527638190955	6.0527638190955	6.0527638190955	6.0527638190955	6.0527638190955	6.0527638190955	6.0527638190955	6.0527638190955	6.0527638190955	6.0527638190955	6.0527638190955	6.0527638190955	6.0527638190955	6.0527638190955	6.0527638190955	6.0527638190955	6.0527638190955	6.0527638190955	6.0527638190955	6.0527638190955	6.0527638190955	6.0527638190955	6.0527638190955	6.0527638190955	6.0527638190955	6.0527638190955	6.0527638190955	6.0527638190955	6.0527638190955	6.0527638190955	6.0527638190955	6.0527638190955	6.0527638190955	6.0527638190955	6.0527638190955	6.0527638190955	6.0527638190955	6.0527638190955	6.0527638190955	6.0527638190955	6.0527638190955	6.0527638190955	6.0527638190955	6.0527638190955	6.0527638190955	6.0527638190955	6.0527638190955	6.0527638190955	6.0527638190955	6.0527638190955	6.0527638190955	6.0527638190955	6.0527638190955	6.0527638190955	6.0527638190955	6.0527638190955	6.0527638190955	6.0527638190955	6.0527638190955	6.0527638190955	6.0527638190955	6.0527638190955	6.0527638190955	6.0527638190955	6.0527638190955	6.0527638190955	6.0527638190955	6.0527638190955	6.0527638190955	6.0527638190955	6.0527638190955	6.0527638190955	6.0527638190955	6.0527638190955	6.0527638190955	6.0527638190955	6.0527638190955	6.0527638190955	6.0527638190955	6.0527638190955	6.0527638190955	6.0527638190955	6.0527638190955	6.0527638190955	6.0527638190955	6.0527638190955	6.0527638190955	6.0527638190955	6.0527638190955	6.0527638190955	6.0527638190955	6.0527638190955	6.0527638190955	6.0527638190955	6.0527638190955	6.0527638190955	6.0527638190955	6.0527638190955	6.0527638190955	6.0527638190955	6.0527638190955	6.0527638190955	6.0527638190955	6.0527638190955	6.0527638190955	6.0527638190955	6.0527638190955	6.0527638190955	6.0527638190955	6.0527638190955	6.0527638190955	6.0527638190955	6.0527638190955	6.0527638190955	6.0527638190955	6.0527638190955	6.0527638190955	6.0527638190955
6.2688442211055	6.2688442211055	6.2688442211055	6.2688442211055	6.2688442211055	6.2688442211055	6.2688442211055	6.2688442211055	6.2688442211055	6.2688442211055	6.2688442211055	6.2688442211055	6.2688442211055	6.2688442211055	6.2688442211055	6.2688442211055	6.2688442211055	6.2688442211055	6.2688442211055	6.2688442211055	6.2688442211055	6.2688442211055	6.2688442211055	6.2688442211055	6.2688442211055	6.2688442211055	6.2688442211055	6.2688442211055	6.2688442211055	6.2688442211055	6.2688442211055	6.2688442211055	6.2688442211055	6.2688442211055	6.2688442211055	6.2688442211055	6.2688442211055	6.2688442211055	6.2688442211055	6.2688442211055	6.2688442211055	6.2688442211055	6.2688442211055	6.2688442211055	6.2688442211055	6.2688442211055	6.2688442211055	6.2688442211055	6.2688442211055	6.2688442211055	6.2688442211055	6.2688442211055	6.2688442211055	6.2688442211055	6.2688442211055	6.2688442211055	6.2688442211055	6.2688442211055	6.2688442211055	6.2688442211055	6.2688442211055	6.2688442211055	6.2688442211055	6.2688442211055	6.2688442211055	6.2688442211055	6.2688442211055	6.2688442211055	6.2688442211055	6.2688442211055	6.2688442211055	6.2688442211055	6.2688442211055	6.2688442211055	6.2688442211055	6.2688442211055	6.2688442211055	6.2688442211055	6.2688442211055	6.2688442211055	6.2688442211055	6.2688442211055	6.2688442211055	6.2688442211055	6.2688442211055	6.2688442211055	6.2688442211055	6.2688442211055	6.2688442211055	6.2688442211055	6.2688442211055	6.2688442211055	6.2688442211055	6.2688442211055	6.2688442211055	6.2688442211055	6.2688442211055	6.2688442211055	6.2688442211055	6.2688442211055	6.2688442211055	6.2688442211055	6.2688442211055	6.2688442211055	6.2688442211055	6.2688442211055	6.2688442211055	6.2688442211055	6.2688442211055	6.2688442211055	6.2688442211055	6.2688442211055	6.2688442211055	6.2688442211055	6.2688442211055	6.2688442211055	6.2688442211055	6.2688442211055	6.2688442211055	6.2688442211055	6.2688442211055	6.2688442211055	6.2688442211055	6.2688442211055	6.2688442211055	6.2688442211055	6.2688442211055	6.2688442211055	6.2688442211055	6.2688442211055	6.2688442211055	6.2688442211055	6.2688442211055	6.2688442211055	6.2688442211055	6.2688442211055	6.2688442211055	6.2688442211055	6.2688442211055	6.2688442211055	6.2688442211055	6.2688442211055	6.2688442211055	6.2688442211055	6.2688442211055	6.2688442211055	6.2688442211055	6.2688442211055	6.2688442211055	6.2688442211055	6.2688442211055	6.2688442211055	6.2688442211055	6.2688442211055	6.2688442211055	6.2688442211055	6.2688442211055	6.2688442211055	6.2688442211055	6.2688442211055	6.2688442211055	6.2688442211055	6.2688442211055	6.2688442211055	6.2688442211055	6.2688442211055	6.2688442211055	6.2688442211055	6.2688442211055	6.2688442211055	6.2688442211055	6.2688442211055	6.2688442211055	6.2688442211055	6.2688442211055	6.2688442211055	6.2688442211055	6.2688442211055	6.2688442211055	6.2688442211055	6.2688442211055	6.2688442211055	6.2688442211055	6.2688442211055	6.2688442211055	6.2688442211055	6.2688442211055	6.2688442211055	6.2688442211055	6.2688442211055	6.2688442211055	6.2688442211055	6.2688442211055	6.2688442211055	6.2688442211055	6.2688442211055	6.2688442211055	6.2688442211055	6.2688442211055	6.2688442211055
6.4849246231156	6.4849246231156	6.4849246231156	6.4849246231156	6.4849246231156	6.4849246231156	6.4849246231156	6.4849246231156	6.4849246231156	6.4849246231156	6.4849246231156	6.4849246231156	6.4849246231156	6.4849246231156	6.4849246231156	6.4849246231156	6.4849246231156	6.4849246231156	6.4849246231156	6.4849246231156	6.4849246231156	6.4849246231156	6.4849246231156	6.4849246231156	6.4849246231156	6.4849246231156	6.4849246231156	6.4849246231156	6.4849246231156	6.4849246231156	6.4849246231156	6.4849246231156	6.4849246231156	6.4849246231156	6.4849246231156	6.4849246231156	6.4849246231156	6.4849246231156	6.4849246231156	6.4849246231156	6.4849246231156	6.4849246231156	6.4849246231156	6.4849246231156	6.4849246231156	6.4849246231156	6.4849246231156	6.4849246231156	6.4849246231156	6.4849246231156	6.4849246231156	6.4849246231156	6.4849246231156	6.4849246231156	6.4849246231156	6.4849246231156	6.4849246231156	6.4849246231156	6.4849246231156	6.4849246231156	6.4849246231156	6.4849246231156	6.4849246231156	6.4849246231156	6.4849246231156	6.4849246231156	6.4849246231156	6.4849246231156	6.4849246231156	6.4849246231156	6.4849246231156	6.4849246231156	6.4849246231156	6.4849246231156	6.4849246231156	6.4849246231156	6.4849246231156	6.4849246231156	6.4849246231156	6.4849246231156	6.4849246231156	6.4849246231156	6.4849246231156	6.4849246231156	6.4849246231156	6.4849246231156	6.4849246231156	6.4849246231156	6.4849246231156	6.4849246231156	6.4849246231156	6.4849246231156	6.4849246231156	6.4849246231156	6.4849246231156	6.4849246231156	6.4849246231156	6.4849246231156	6.4849246231156	6.4849246231156	6.4849246231156	6.4849246231156	6.4849246231156	6.4849246231156	6.4849246231156	6.4849246231156	6.4849246231156	6.4849246231156	6.4849246231156	6.4849246231156	6.4849246231156	6.4849246231156	6.4849246231156	6.4849246231156	6.4849246231156	6.4849246231156	6.4849246231156	6.4849246231156	6.4849246231156	6.4849246231156	6.4849246231156	6.4849246231156	6.4849246231156	6.4849246231156	6.4849246231156	6.4849246231156	6.4849246231156	6.4849246231156	6.4849246231156	6.4849246231156	6.4849246231156	6.4849246231156	6.4849246231156	6.4849246231156	6.4849246231156	6.4849246231156	6.4849246231156	6.4849246231156	6.4849246231156	6.4849246231156	6.4849246231156	6.4849246231156	6.4849246231156	6.4849246231156	6.4849246231156	6.4849246231156	6.4849246231156	6.4849246231156	6.4849246231156	6.4849246231156	6.4849246231156	6.4849246231156	6.4849246231156	6.4849246231156	6.4849246231156	6.4849246231156	6.4849246231156	6.4849246231156	6.4849246231156	6.4849246231156	6.4849246231156	6.4849246231156	6.4849246231156	6.4849246231156	6.4849246231156	6.4849246231156	6.4849246231156	6.4849246231156	6.4849246231156	6.4849246231156	6.4849246231156	6.4849246231156	6.4849246231156	6.4849246231156	6.4849246231156	6.4849246231156	6.4849246231156	6.4849246231156	6.4849246231156	6.4849246231156	6.4849246231156	6.4849246231156	6.4849246231156	6.4849246231156	6.4849246231156	6.4849246231156	6.4849246231156	6.4849246231156	6.4849246231156	6.4849246231156	6.4849246231156	6.4849246231156	6.4849246231156	6.4849246231156	6.4849246231156	6.4849246231156	6.4849246231156	6.4849246231156	6.4849246231156	6.4849246231156
6.7010050251256	6.7010050251256	6.7010050251256	6.7010050251256	6.7010050251256	6.7010050251256	6.7010050251256	6.7010050251256	6.7010050251256	6.7010050251256	6.7010050251256	6.7010050251256	6.7010050251256	6.7010050251256	6.7010050251256	6.7010050251256	6.7010050251256	6.7010050251256	6.7010050251256	6.7010050251256	6.7010050251256	6.7010050251256	6.7010050251256	6.7010050251256	6.7010050251256	6.7010050251256	6.7010050251256	6.7010050251256	6.7010050251256	6.7010050251256	6.7010050251256	6.7010050251256	6.7010050251256	6.7010050251256	6.7010050251256	6.7010050251256	6.7010050251256	6.7010050251256	6.7010050251256	6.7010050251256	6.7010050251256	6.7010050251256	6.7010050251256	6.7010050251256	6.7010050251256	6.7010050251256	6.7010050251256	6.7010050251256	6.7010050251256	6.7010050251256	6.7010050251256	6.7010050251256	6.7010050251256	6.7010050251256	6.7010050251256	6.7010050251256	6.7010050251256	6.7010050251256	6.7010050251256	6.7010050251256	6.7010050251256	6.7010050251256	6.7010050251256	6.7010050251256	6.7010050251256	6.7010050251256	6.7010050251256	6.7010050251256	6.7010050251256	6.7010050251256	6.7010050251256	6.7010050251256	6.7010050251256	6.7010050251256	6.7010050251256	6.7010050251256	6.7010050251256	6.7010050251256	6.7010050251256	6.7010050251256	6.7010050251256	6.7010050251256	6.7010050251256	6.7010050251256	6.7010050251256	6.7010050251256	6.7010050251256	6.7010050251256	6.7010050251256	6.7010050251256	6.7010050251256	6.7010050251256	6.7010050251256	6.7010050251256	6.7010050251256	6.7010050251256	6.7010050251256	6.7010050251256	6.7010050251256	6.7010050251256	6.7010050251256	6.7010050251256	6.7010050251256	6.7010050251256	6.7010050251256	6.7010050251256	6.7010050251256	6.7010050251256	6.7010050251256	6.7010050251256	6.7010050251256	6.7010050251256	6.7010050251256	6.7010050251256	6.7010050251256	6.7010050251256	6.7010050251256	6.7010050251256	6.7010050251256	6.7010050251256	6.7010050251256	6.7010050251256	6.7010050251256	6.7010050251256	6.7010050251256	6.7010050251256	6.7010050251256	6.7010050251256	6.7010050251256	6.7010050251256	6.7010050251256	6.7010050251256	6.7010050251256	6.7010050251256	6.7010050251256	6.7010050251256	6.7010050251256	6.7010050251256	6.7010050251256	6.7010050251256	6.7010050251256	6.7010050251256	6.7010050251256	6.7010050251256	6.7010050251256	6.7010050251256	6.7010050251256	6.7010050251256	6.7010050251256	6.7010050251256	6.7010050251256	6.7010050251256	6.7010050251256	6.7010050251256	6.7010050251256	6.7010050251256	6.7010050251256	6.7010050251256	6.7010050251256	6.7010050251256	6.7010050251256	6.7010050251256	6.7010050251256	6.7010050251256	6.7010050251256	6.7010050251256	6.7010050251256	6.7010050251256	6.7010050251256	6.7010050251256	6.7010050251256	6.7010050251256	6.7010050251256	6.7010050251256	6.7010050251256	6.7010050251256	6.7010050251256	6.7010050251256	6.7010050251256	6.7010050251256	6.7010050251256	6.7010050251256	6.7010050251256	6.7010050251256	6.7010050251256	6.7010050251256	6.7010050251256	6.7010050251256	6.7010050251256	6.7010050251256	6.7010050251256	6.7010050251256	6.7010050251256	6.7010050251256	6.7010050251256	6.7010050251256	6.7010050251256	6.7010050251256	6.7010050251256	6.7010050251256
6.9170854271357	6.9170854271357	6.9170854271357	6.9170854271357	6.9170854271357	6.9170854271357	6.9170854271357	6.9170854271357	6.9170854271357	6.9170854271357	6.9170854271357	6.9170854271357	6.9170854271357	6.9170854271357	6.9170854271357	6.9170854271357	6.9170854271357	6.9170854271357	6.9170854271357	6.9170854271357	6.9170854271357	6.9170854271357	6.9170854271357	6.9170854271357	6.9170854271357	6.9170854271357	6.9170854271357	6.9170854271357	6.9170854271357	6.9170854271357	6.9170854271357	6.9170854271357	6.9170854271357	6.9170854271357	6.9170854271357	6.9170854271357	6.9170854271357	6.9170854271357	6.9170854271357	6.9170854271357	6.9170854271357	6.9170854271357	6.9170854271357	6.9170854271357	6.9170854271357	6.9170854271357	6.9170854271357	6.9170854271357	6.9170854271357	6.9170854271357	6.9170854271357	6.9170854271357	6.9170854271357	6.9170854271357	6.9170854271357	6.9170854271357	6.9170854271357	6.9170854271357	6.9170854271357	6.9170854271357	6.9170854271357	6.9170854271357	6.9170854271357	6.9170854271357	6.9170854271357	6.9170854271357	6.9170854271357	6.9170854271357	6.9170854271357	6.9170854271357	6.9170854271357	6.9170854271357	6.9170854271357	6.9170854271357	6.9170854271357	6.9170854271357	6.9170854271357	6.9170854271357	6.9170854271357	6.9170854271357	6.9170854271357	6.9170854271357	6.9170854271357	6.9170854271357	6.9170854271357	6.9170854271357	6.9170854271357	6.9170854271357	6.9170854271357	6.9170854271357	6.9170854271357	6.9170854271357	6.9170854271357	6.9170854271357	6.9170854271357	6.9170854271357	6.9170854271357	6.9170854271357	6.9170854271357	6.9170854271357	6.9170854271357	6.9170854271357	6.9170854271357	6.9170854271357	6.9170854271357	6.9170854271357	6.9170854271357	6.9170854271357	6.9170854271357	6.9170854271357	6.9170854271357	6.9170854271357	6.9170854271357	6.9170854271357	6.9170854271357	6.9170854271357	6.9170854271357	6.9170854271357	6.9170854271357	6.9170854271357	6.9170854271357	6.9170854271357	6.9170854271357	6.9170854271357	6.9170854271357	6.9170854271357	6.9170854271357	6.9170854271357	6.9170854271357	6.9170854271357	6.9170854271357	6.9170854271357	6.9170854271357	6.9170854271357	6.9170854271357	6.9170854271357	6.9170854271357	6.9170854271357	6.9170854271357	6.9170854271357	6.9170854271357	6.9170854271357	6.9170854271357	6.9170854271357	6.9170854271357	6.9170854271357	6.9170854271357	6.9170854271357	6.9170854271357	6.9170854271357	6.9170854271357	6.9170854271357	6.9170854271357	6.9170854271357	6.9170854271357	6.9170854271357	6.9170854271357	6.9170854271357	6.9170854271357	6.9170854271357	6.9170854271357	6.9170854271357	6.9170854271357	6.9170854271357	6.9170854271357	6.9170854271357	6.9170854271357	6.9170854271357	6.9170854271357	6.9170854271357	6.9170854271357	6.9170854271357	6.9170854271357	6.9170854271357	6.9170854271357	6.9170854271357	6.9170854271357	6.9170854271357	6.9170854271357	6.9170854271357	6.9170854271357	6.9170854271357	6.9170854271357	6.9170854271357	6.9170854271357	6.9170854271357	6.9170854271357	6.9170854271357	6.9170854271357	6.9170854271357	6.9170854271357	6.9170854271357	6.9170854271357	6.9170854271357	6.9170854271357	6.9170854271357	6.9170854271357	6.9170854271357	6.9170854271357	6.9170854271357
7.1331658291457	7.1331658291457	7.1331658291457	7.1331658291457	7.1331658291457	7.1331658291457	7.1331658291457	7.1331658291457	7.1331658291457	7.1331658291457	7.1331658291457	7.1331658291457	7.1331658291457	7.1331658291457	7.1331658291457	7.1331658291457	7.1331658291457	7.1331658291457	7.1331658291457	7.1331658291457	7.1331658291457	7.1331658291457	7.1331658291457	7.1331658291457	7.1331658291457	7.1331658291457	7.1331658291457	7.1331658291457	7.1331658291457	7.1331658291457	7.1331658291457	7.1331658291457	7.1331658291457	7.1331658291457	7.1331658291457	7.1331658291457	7.1331658291457	7.1331658291457	7.1331658291457	7.1331658291457	7.1331658291457	7.1331658291457	7.1331658291457	7.1331658291457	7.1331658291457	7.1331658291457	7.1331658291457	7.1331658291457	7.1331658291457	7.1331658291457	7.1331658291457	7.1331658291457	7.1331658291457	7.1331658291457	7.1331658291457	7.1331658291457	7.1331658291457	7.1331658291457	7.1331658291457	7.1331658291457	7.1331658291457	7.1331658291457	7.1331658291457	7.1331658291457	7.1331658291457	7.1331658291457	7.1331658291457	7.1331658291457	7.1331658291457	7.1331658291457	7.1331658291457	7.1331658291457	7.1331658291457	7.1331658291457	7.1331658291457	7.1331658291457	7.1331658291457	7.1331658291457	7.1331658291457	7.1331658291457	7.1331658291457	7.1331658291457	7.1331658291457	7.1331658291457	7.1331658291457	7.1331658291457	7.1331658291457	7.1331658291457	7.1331658291457	7.1331658291457	7.1331658291457	7.1331658291457	7.1331658291457	7.1331658291457	7.1331658291457	7.1331658291457	7.1331658291457	7.1331658291457	7.1331658291457	7.1331658291457	7.1331658291457	7.1331658291457	7.1331658291457	7.1331658291457	7.1331658291457	7.1331658291457	7.1331658291457	7.1331658291457	7.1331658291457	7.1331658291457	7.1331658291457	7.1331658291457	7.1331658291457	7.1331658291457	7.1331658291457	7.1331658291457	7.1331658291457	7.1331658291457	7.1331658291457	7.1331658291457	7.1331658291457	7.1331658291457	7.1331658291457	7.1331658291457	7.1331658291457	7.1331658291457	7.1331658291457	7.1331658291457	7.1331658291457	7.1331658291457	7.1331658291457	7.1331658291457	7.1331658291457	7.1331658291457	7.1331658291457	7.1331658291457	7.1331658291457	7.1331658291457	7.1331658291457	7.1331658291457	7.1331658291457	7.1331658291457	7.1331658291457	7.1331658291457	7.1331658291457	7.1331658291457	7.1331658291457	7.1331658291457	7.1331658291457	7.1331658291457	7.1331658291457	7.1331658291457	7.1331658291457	7.1331658291457	7.1331658291457	7.1331658291457	7.1331658291457	7.1331658291457	7.1331658291457	7.1331658291457	7.1331658291457	7.1331658291457	7.1331658291457	7.1331658291457	7.1331658291457	7.1331658291457	7.1331658291457	7.1331658291457	7.1331658291457	7.1331658291457	7.1331658291457	7.1331658291457	7.1331658291457	7.1331658291457	7.1331658291457	7.1331658291457	7.1331658291457	7.1331658291457	7.1331658291457	7.1331658291457	7.1331658291457	7.1331658291457	7.1331658291457	7.1331658291457	7.1331658291457	7.1331658291457	7.1331658291457	7.1331658291457	7.1331658291457	7.1331658291457	7.1331658291457	7.1331658291457	7.1331658291457	7.1331658291457	7.1331658291457	7.1331658291457	7.1331658291457	7.1331658291457	7.1331658291457	7.1331658291457
7.3492462311558	7.3492462311558	7.3492462311558	7.3492462311558	7.3492462311558	7.3492462311558	7.3492462311558	7.3492462311558	7.3492462311558	7.3492462311558	7.3492462311558	7.3492462311558	7.3492462311558	7.3492462311558	7.3492462311558	7.3492462311558	7.3492462311558	7.3492462311558	7.3492462311558	7.3492462311558	7.3492462311558	7.3492462311558	7.3492462311558	7.3492462311558	7.3492462311558	7.3492462311558	7.3492462311558	7.3492462311558	7.3492462311558	7.3492462311558	7.3492462311558	7.3492462311558	7.3492462311558	7.3492462311558	7.3492462311558	7.3492462311558	7.3492462311558	7.3492462311558	7.3492462311558	7.3492462311558	7.3492462311558	7.3492462311558	7.3492462311558	7.3492462311558	7.3492462311558	7.3492462311558	7.3492462311558	7.3492462311558	7.3492462311558	7.3492462311558	7.3492462311558	7.3492462311558	7.3492462311558	7.3492462311558	7.3492462311558	7.3492462311558	7.3492462311558	7.3492462311558	7.3492462311558	7.3492462311558	7.3492462311558	7.3492462311558	7.3492462311558	7.3492462311558	7.3492462311558	7.3492462311558	7.3492462311558	7.3492462311558	7.3492462311558	7.3492462311558	7.3492462311558	7.3492462311558	7.3492462311558	7.3492462311558	7.3492462311558	7.3492462311558	7.3492462311558	7.3492462311558	7.3492462311558	7.3492462311558	7.3492462311558	7.3492462311558	7.3492462311558	7.3492462311558	7.3492462311558	7.3492462311558	7.3492462311558	7.3492462311558	7.3492462311558	7.3492462311558	7.3492462311558	7.3492462311558	7.3492462311558	7.3492462311558	7.3492462311558	7.3492462311558	7.3492462311558	7.3492462311558	7.3492462311558	7.3492462311558	7.3492462311558	7.3492462311558	7.3492462311558	7.3492462311558	7.3492462311558	7.3492462311558	7.3492462311558	7.3492462311558	7.3492462311558	7.3492462311558	7.3492462311558	7.3492462311558	7.3492462311558	7.3492462311558	7.3492462311558	7.3492462311558	7.3492462311558	7.3492462311558	7.3492462311558	7.3492462311558	7.3492462311558	7.3492462311558	7.3492462311558	7.3492462311558	7.3492462311558	7.3492462311558	7.3492462311558	7.3492462311558	7.3492462311558	7.3492462311558	7.3492462311558	7.3492462311558	7.3492462311558	7.3492462311558	7.3492462311558	7.3492462311558	7.3492462311558	7.3492462311558	7.3492462311558	7.3492462311558	7.3492462311558	7.3492462311558	7.3492462311558	7.3492462311558	7.3492462311558	7.3492462311558	7.3492462311558	7.3492462311558	7.3492462311558	7.3492462311558	7.3492462311558	7.3492462311558	7.3492462311558	7.3492462311558	7.3492462311558	7.3492462311558	7.3492462311558	7.3492462311558	7.3492462311558	7.3492462311558	7.3492462311558	7.3492462311558	7.3492462311558	7.3492462311558	7.3492462311558	7.3492462311558	7.3492462311558	7.3492462311558	7.3492462311558	7.3492462311558	7.3492462311558	7.3492462311558	7.3492462311558	7.3492462311558	7.3492462311558	7.3492462311558	7.3492462311558	7.3492462311558	7.3492462311558	7.3492462311558	7.3492462311558	7.3492462311558	7.3492462311558	7.3492462311558	7.3492462311558	7.3492462311558	7.3492462311558	7.3492462311558	7.3492462311558	7.3492462311558	7.3492462311558	7.3492462311558	7.3492462311558	7.3492462311558	7.3492462311558	7.3492462311558	7.3492462311558	7.3492462311558	7.3492462311558	7.3492462311558
7.5653266331658	7.5653266331658	7.5653266331658	7.5653266331658	7.5653266331658	7.5653266331658	7.5653266331658	7.5653266331658	7.5653266331658	7.5653266331658	7.5653266331658	7.5653266331658	7.5653266331658	7.5653266331658	7.5653266331658	7.5653266331658	7.5653266331658	7.5653266331658	7.5653266331658	7.5653266331658	7.5653266331658	7.5653266331658	7.5653266331658	7.5653266331658	7.5653266331658	7.5653266331658	7.5653266331658	7.5653266331658	7.5653266331658	7.5653266331658	7.5653266331658	7.5653266331658	7.5653266331658	7.5653266331658	7.5653266331658	7.5653266331658	7.5653266331658	7.5653266331658	7.5653266331658	7.5653266331658	7.5653266331658	7.5653266331658	7.5653266331658	7.5653266331658	7.5653266331658	7.5653266331658	7.5653266331658	7.5653266331658	7.5653266331658	7.5653266331658	7.5653266331658	7.5653266331658	7.5653266331658	7.5653266331658	7.5653266331658	7.5653266331658	7.5653266331658	7.5653266331658	7.5653266331658	7.5653266331658	7.5653266331658	7.5653266331658	7.5653266331658	7.5653266331658	7.5653266331658	7.5653266331658	7.5653266331658	7.5653266331658	7.5653266331658	7.5653266331658	7.5653266331658	7.5653266331658	7.5653266331658	7.5653266331658	7.5653266331658	7.5653266331658	7.5653266331658	7.5653266331658	7.5653266331658	7.5653266331658	7.5653266331658	7.5653266331658	7.5653266331658	7.5653266331658	7.5653266331658	7.5653266331658	7.5653266331658	7.5653266331658	7.5653266331658	7.5653266331658	7.5653266331658	7.5653266331658	7.5653266331658	7.5653266331658	7.5653266331658	7.5653266331658	7.5653266331658	7.5653266331658	7.5653266331658	7.5653266331658	7.5653266331658	7.5653266331658	7.5653266331658	7.5653266331658	7.5653266331658	7.5653266331658	7.5653266331658	7.5653266331658	7.5653266331658	7.5653266331658	7.5653266331658	7.5653266331658	7.5653266331658	7.5653266331658	7.5653266331658	7.5653266331658	7.5653266331658	7.5653266331658	7.5653266331658	7.5653266331658	7.5653266331658	7.5653266331658	7.5653266331658	7.5653266331658	7.5653266331658	7.5653266331658	7.5653266331658	7.5653266331658	7.5653266331658	7.5653266331658	7.5653266331658	7.5653266331658	7.5653266331658	7.5653266331658	7.5653266331658	7.5653266331658	7.5653266331658	7.5653266331658	7.5653266331658	7.5653266331658	7.5653266331658	7.5653266331658	7.5653266331658	7.5653266331658	7.5653266331658	7.5653266331658	7.5653266331658	7.5653266331658	7.5653266331658	7.5653266331658	7.5653266331658	7.5653266331658	7.5653266331658	7.5653266331658	7.5653266331658	7.5653266331658	7.5653266331658	7.5653266331658	7.5653266331658	7.5653266331658	7.5653266331658	7.5653266331658	7.5653266331658	7.5653266331658	7.5653266331658	7.5653266331658	7.5653266331658	7.5653266331658	7.5653266331658	7.5653266331658	7.5653266331658	7.5653266331658	7.5653266331658	7.5653266331658	7.5653266331658	7.5653266331658	7.5653266331658	7.5653266331658	7.5653266331658	7.5653266331658	7.5653266331658	7.5653266331658	7.5653266331658	7.5653266331658	7.5653266331658	7.5653266331658	7.5653266331658	7.5653266331658	7.5653266331658	7.5653266331658	7.5653266331658	7.5653266331658	7.5653266331658	7.5653266331658	7.5653266331658	7.5653266331658	7.5653266331658	7.5653266331658	7.5653266331658	7.5653266331658
7.7814070351759	7.7814070351759	7.7814070351759	7.7814070351759	7.7814070351759	7.7814070351759	7.7814070351759	7.7814070351759	7.7814070351759	7.7814070351759	7.7814070351759	7.7814070351759	7.7814070351759	7.7814070351759	7.7814070351759	7.7814070351759	7.7814070351759	7.7814070351759	7.7814070351759	7.7814070351759	7.7814070351759	7.7814070351759	7.7814070351759	7.7814070351759	7.7814070351759	7.7814070351759	7.7814070351759	7.7814070351759	7.7814070351759	7.7814070351759	7.7814070351759	7.7814070351759	7.7814070351759	7.7814070351759	7.7814070351759	7.7814070351759	7.7814070351759	7.7814070351759	7.7814070351759	7.7814070351759	7.7814070351759	7.7814070351759	7.7814070351759	7.7814070351759	7.7814070351759	7.7814070351759	7.7814070351759	7.7814070351759	7.7814070351759	7.7814070351759	7.7814070351759	7.7814070351759	7.7814070351759	7.7814070351759	7.7814070351759	7.7814070351759	7.7814070351759	7.7814070351759	7.7814070351759	7.7814070351759	7.7814070351759	7.7814070351759	7.7814070351759	7.7814070351759	7.7814070351759	7.7814070351759	7.7814070351759	7.7814070351759	7.7814070351759	7.7814070351759	7.7814070351759	7.7814070351759	7.7814070351759	7.7814070351759	7.7814070351759	7.7814070351759	7.7814070351759	7.7814070351759	7.7814070351759	7.7814070351759	7.7814070351759	7.7814070351759	7.7814070351759	7.7814070351759	7.7814070351759	7.7814070351759	7.7814070351759	7.7814070351759	7.7814070351759	7.7814070351759	7.7814070351759	7.7814070351759	7.7814070351759	7.7814070351759	7.7814070351759	7.7814070351759	7.7814070351759	7.7814070351759	7.7814070351759	7.7814070351759	7.7814070351759	7.7814070351759	7.7814070351759	7.7814070351759	7.7814070351759	7.7814070351759	7.7814070351759	7.7814070351759	7.7814070351759	7.7814070351759	7.7814070351759	7.7814070351759	7.7814070351759	7.7814070351759	7.7814070351759	7.7814070351759	7.7814070351759	7.7814070351759	7.7814070351759	7.7814070351759	7.7814070351759	7.7814070351759	7.7814070351759	7.7814070351759	7.7814070351759	7.7814070351759	7.7814070351759	7.7814070351759	7.7814070351759	7.7814070351759	7.7814070351759	7.7814070351759	7.7814070351759	7.7814070351759	7.7814070351759	7.7814070351759	7.7814070351759	7.7814070351759	7.7814070351759	7.7814070351759	7.7814070351759	7.7814070351759	7.7814070351759	7.7814070351759	7.7814070351759	7.7814070351759	7.7814070351759	7.7814070351759	7.7814070351759	7.7814070351759	7.7814070351759	7.7814070351759	7.7814070351759	7.7814070351759	7.7814070351759	7.7814070351759	7.7814070351759	7.7814070351759	7.7814070351759	7.7814070351759	7.7814070351759	7.7814070351759	7.7814070351759	7.7814070351759	7.7814070351759	7.7814070351759	7.7814070351759	7.7814070351759	7.7814070351759	7.7814070351759	7.7814070351759	7.7814070351759	7.7814070351759	7.7814070351759	7.7814070351759	7.7814070351759	7.7814070351759	7.7814070351759	7.7814070351759	7.7814070351759	7.7814070351759	7.7814070351759	7.7814070351759	7.7814070351759	7.7814070351759	7.7814070351759	7.7814070351759	7.7814070351759	7.7814070351759	7.7814070351759	7.7814070351759	7.7814070351759	7.7814070351759	7.7814070351759	7.7814070351759	7.7814070351759	7.7814070351759	7.7814070351759	7.7814070351759	7.7814070351759
7.9974874371859	7.9974874371859	7.9974874371859	7.9974874371859	7.9974874371859	7.9974874371859	7.9974874371859	7.9974874371859	7.9974874371859	7.9974874371859	7.9974874371859	7.9974874371859	7.9974874371859	7.9974874371859	7.9974874371859	7.9974874371859	7.9974874371859	7.9974874371859	7.9974874371859	7.9974874371859	7.9974874371859	7.9974874371859	7.9974874371859	7.9974874371859	7.9974874371859	7.9974874371859	7.9974874371859	7.9974874371859	7.9974874371859	7.9974874371859	7.9974874371859	7.9974874371859	7.9974874371859	7.9974874371859	7.9974874371859	7.9974874371859	7.9974874371859	7.9974874371859	7.9974874371859	7.9974874371859	7.9974874371859	7.9974874371859	7.9974874371859	7.9974874371859	7.9974874371859	7.9974874371859	7.9974874371859	7.9974874371859	7.9974874371859	7.9974874371859	7.9974874371859	7.9974874371859	7.9974874371859	7.9974874371859	7.9974874371859	7.9974874371859	7.9974874371859	7.9974874371859	7.9974874371859	7.9974874371859	7.9974874371859	7.9974874371859	7.9974874371859	7.9974874371859	7.9974874371859	7.9974874371859	7.9974874371859	7.9974874371859	7.9974874371859	7.9974874371859	7.9974874371859	7.9974874371859	7.9974874371859	7.9974874371859	7.9974874371859	7.9974874371859	7.9974874371859	7.9974874371859	7.9974874371859	7.9974874371859	7.9974874371859	7.9974874371859	7.9974874371859	7.9974874371859	7.9974874371859	7.9974874371859	7.9974874371859	7.9974874371859	7.9974874371859	7.9974874371859	7.9974874371859	7.9974874371859	7.9974874371859	7.9974874371859	7.9974874371859	7.9974874371859	7.9974874371859	7.9974874371859	7.9974874371859	7.9974874371859	7.9974874371859	7.9974874371859	7.9974874371859	7.9974874371859	7.9974874371859	7.9974874371859	7.9974874371859	7.9974874371859	7.9974874371859	7.9974874371859	7.9974874371859	7.9974874371859	7.9974874371859	7.9974874371859	7.9974874371859	7.9974874371859	7.9974874371859	7.9974874371859	7.9974874371859	7.9974874371859	7.9974874371859	7.9974874371859	7.9974874371859	7.9974874371859	7.9974874371859	7.9974874371859	7.9974874371859	7.9974874371859	7.9974874371859	7.9974874371859	7.9974874371859	7.9974874371859	7.9974874371859	7.9974874371859	7.9974874371859	7.9974874371859	7.9974874371859	7.9974874371859	7.9974874371859	7.9974874371859	7.9974874371859	7.9974874371859	7.9974874371859	7.9974874371859	7.9974874371859	7.9974874371859	7.9974874371859	7.9974874371859	7.9974874371859	7.9974874371859	7.9974874371859	7.9974874371859	7.9974874371859	7.9974874371859	7.9974874371859	7.9974874371859	7.9974874371859	7.9974874371859	7.9974874371859	7.9974874371859	7.9974874371859	7.9974874371859	7.9974874371859	7.9974874371859	7.9974874371859	7.9974874371859	7.9974874371859	7.9974874371859	7.9974874371859	7.9974874371859	7.9974874371859	7.9974874371859	7.9974874371859	7.9974874371859	7.9974874371859	7.9974874371859	7.9974874371859	7.9974874371859	7.9974874371859	7.9974874371859	7.9974874371859	7.9974874371859	7.9974874371859	7.9974874371859	7.9974874371859	7.9974874371859	7.9974874371859	7.9974874371859	7.9974874371859	7.9974874371859	7.9974874371859	7.9974874371859	7.9974874371859	7.9974874371859	7.9974874371859	7.9974874371859	7.9974874371859	7.9974874371859	7.9974874371859	7.9974874371859
8.213567839196	8.213567839196	8.213567839196	8.213567839196	8.213567839196	8.213567839196	8.213567839196	8.213567839196	8.213567839196	8.213567839196	8.213567839196	8.213567839196	8.213567839196	8.213567839196	8.213567839196	8.213567839196	8.213567839196	8.213567839196	8.213567839196	8.213567839196	8.213567839196	8.213567839196	8.213567839196	8.213567839196	8.213567839196	8.213567839196	8.213567839196	8.213567839196	8.213567839196	8.213567839196	8.213567839196	8.213567839196	8.213567839196	8.213567839196	8.213567839196	8.213567839196	8.213567839196	8.213567839196	8.213567839196	8.213567839196	8.213567839196	8.213567839196	8.213567839196	8.213567839196	8.213567839196	8.213567839196	8.213567839196	8.213567839196	8.213567839196	8.213567839196	8.213567839196	8.213567839196	8.213567839196	8.213567839196	8.213567839196	8.213567839196	8.213567839196	8.213567839196	8.213567839196	8.213567839196	8.213567839196	8.213567839196	8.213567839196	8.213567839196	8.213567839196	8.213567839196	8.213567839196	8.213567839196	8.213567839196	8.213567839196	8.213567839196	8.213567839196	8.213567839196	8.213567839196	8.213567839196	8.213567839196	8.213567839196	8.213567839196	8.213567839196	8.213567839196	8.213567839196	8.213567839196	8.213567839196	8.213567839196	8.213567839196	8.213567839196	8.213567839196	8.213567839196	8.213567839196	8.213567839196	8.213567839196	8.213567839196	8.213567839196	8.213567839196	8.213567839196	8.213567839196	8.213567839196	8.213567839196	8.213567839196	8.213567839196	8.213567839196	8.213567839196	8.213567839196	8.213567839196	8.213567839196	8.213567839196	8.213567839196	8.213567839196	8.213567839196	8.213567839196	8.213567839196	8.213567839196	8.213567839196	8.213567839196	8.213567839196	8.213567839196	8.213567839196	8.213567839196	8.213567839196	8.213567839196	8.213567839196	8.213567839196	8.213567839196	8.213567839196	8.213567839196	8.213567839196	8.213567839196	8.213567839196	8.213567839196	8.213567839196	8.213567839196	8.213567839196	8.213567839196	8.213567839196	8.213567839196	8.213567839196	8.213567839196	8.213567839196	8.213567839196	8.213567839196	8.213567839196	8.213567839196	8.213567839196	8.213567839196	8.213567839196	8.213567839196	8.213567839196	8.213567839196	8.213567839196	8.213567839196	8.213567839196	8.213567839196	8.213567839196	8.213567839196	8.213567839196	8.213567839196	8.213567839196	8.213567839196	8.213567839196	8.213567839196	8.213567839196	8.213567839196	8.213567839196	8.213567839196	8.213567839196	8.213567839196	8.213567839196	8.213567839196	8.213567839196	8.213567839196	8.213567839196	8.213567839196	8.213567839196	8.213567839196	8.213567839196	8.213567839196	8.213567839196	8.213567839196	8.213567839196	8.213567839196	8.213567839196	8.213567839196	8.213567839196	8.213567839196	8.213567839196	8.213567839196	8.213567839196	8.213567839196	8.213567839196	8.213567839196	8.213567839196	8.213567839196	8.213567839196	8.213567839196	8.213567839196	8.213567839196	8.213567839196	8.213567839196	8.213567839196	8.213567839196
8.429648241206	8.429648241206	8.429648241206	8.429648241206	8.429648241206	8.429648241206	8.429648241206	8.429648241206	8.429648241206	8.429648241206	8.429648241206	8.429648241206	8.429648241206	8.429648241206	8.429648241206	8.429648241206	8.429648241206	8.429648241206	8.429648241206	8.429648241206	8.429648241206	8.429648241206	8.429648241206	8.429648241206	8.429648241206	8.429648241206	8.429648241206	8.429648241206	8.429648241206	8.429648241206	8.429648241206	8.429648241206	8.429648241206	8.429648241206	8.429648241206	8.429648241206	8.429648241206	8.429648241206	8.429648241206	8.429648241206	8.429648241206	8.429648241206	8.429648241206	8.429648241206	8.429648241206	8.429648241206	8.429648241206	8.429648241206	8.429648241206	8.429648241206	8.429648241206	8.429648241206	8.429648241206	8.429648241206	8.429648241206	8.429648241206	8.429648241206	8.429648241206	8.429648241206	8.429648241206	8.429648241206	8.429648241206	8.429648241206	8.429648241206	8.429648241206	8.429648241206	8.429648241206	8.429648241206	8.429648241206	8.429648241206	8.429648241206	8.429648241206	8.429648241206	8.429648241206	8.429648241206	8.429648241206	8.429648241206	8.429648241206	8.429648241206	8.429648241206	8.429648241206	8.429648241206	8.429648241206	8.429648241206	8.429648241206	8.429648241206	8.429648241206	8.429648241206	8.429648241206	8.429648241206	8.429648241206	8.429648241206	8.429648241206	8.429648241206	8.429648241206	8.429648241206	8.429648241206	8.429648241206	8.429648241206	8.429648241206	8.429648241206	8.429648241206	8.429648241206	8.429648241206	8.429648241206	8.429648241206	8.429648241206	8.429648241206	8.429648241206	8.429648241206	8.429648241206	8.429648241206	8.429648241206	8.429648241206	8.429648241206	8.429648241206	8.429648241206	8.429648241206	8.429648241206	8.429648241206	8.429648241206	8.429648241206	8.429648241206	8.429648241206	8.429648241206	8.429648241206	8.429648241206	8.429648241206	8.429648241206	8.429648241206	8.429648241206	8.429648241206	8.429648241206	8.429648241206	8.429648241206	8.429648241206	8.429648241206	8.429648241206	8.429648241206	8.429648241206	8.429648241206	8.429648241206	8.429648241206	8.429648241206	8.429648241206	8.429648241206	8.429648241206	8.429648241206	8.429648241206	8.429648241206	8.429648241206	8.429648241206	8.429648241206	8.429648241206	8.429648241206	8.429648241206	8.429648241206	8.429648241206	8.429648241206	8.429648241206	8.429648241206	8.429648241206	8.429648241206	8.429648241206	8.429648241206	8.429648241206	8.429648241206	8.429648241206	8.429648241206	8.429648241206	8.429648241206	8.429648241206	8.429648241206	8.429648241206	8.429648241206	8.429648241206	8.429648241206	8.429648241206	8.429648241206	8.429648241206	8.429648241206	8.429648241206	8.429648241206	8.429648241206	8.429648241206	8.429648241206	8.429648241206	8.429648241206	8.429648241206	8.429648241206	8.429648241206	8.429648241206	8.429648241206	8.429648241206	8.429648241206	8.429648241206	8.429648241206	8.429648241206	8.429648241206	8.429648241206
8.6457286432161	8.6457286432161	8.6457286432161	8.6457286432161	8.6457286432161	8.6457286432161	8.6457286432161	8.6457286432161	8.6457286432161	8.6457286432161	8.6457286432161	8.6457286432161	8.6457286432161	8.6457286432161	8.6457286432161	8.6457286432161	8.6457286432161	8.6457286432161	8.6457286432161	8.6457286432161	8.6457286432161	8.6457286432161	8.6457286432161	8.6457286432161	8.6457286432161	8.6457286432161	8.6457286432161	8.6457286432161	8.6457286432161	8.6457286432161	8.6457286432161	8.6457286432161	8.6457286432161	8.6457286432161	8.6457286432161	8.6457286432161	8.6457286432161	8.6457286432161	8.6457286432161	8.6457286432161	8.6457286432161	8.6457286432161	8.6457286432161	8.6457286432161	8.6457286432161	8.6457286432161	8.6457286432161	8.6457286432161	8.6457286432161	8.6457286432161	8.6457286432161	8.6457286432161	8.6457286432161	8.6457286432161	8.6457286432161	8.6457286432161	8.6457286432161	8.6457286432161	8.6457286432161	8.6457286432161	8.6457286432161	8.6457286432161	8.6457286432161	8.6457286432161	8.6457286432161	8.6457286432161	8.6457286432161	8.6457286432161	8.6457286432161	8.6457286432161	8.6457286432161	8.6457286432161	8.6457286432161	8.6457286432161	8.6457286432161	8.6457286432161	8.6457286432161	8.6457286432161	8.6457286432161	8.6457286432161	8.6457286432161	8.6457286432161	8.6457286432161	8.6457286432161	8.6457286432161	8.6457286432161	8.6457286432161	8.6457286432161	8.6457286432161	8.6457286432161	8.6457286432161	8.6457286432161	8.6457286432161	8.6457286432161	8.6457286432161	8.6457286432161	8.6457286432161	8.6457286432161	8.6457286432161	8.6457286432161	8.6457286432161	8.6457286432161	8.6457286432161	8.6457286432161	8.6457286432161	8.6457286432161	8.6457286432161	8.6457286432161	8.6457286432161	8.6457286432161	8.6457286432161	8.6457286432161	8.6457286432161	8.6457286432161	8.6457286432161	8.6457286432161	8.6457286432161	8.6457286432161	8.6457286432161	8.6457286432161	8.6457286432161	8.6457286432161	8.6457286432161	8.6457286432161	8.6457286432161	8.6457286432161	8.6457286432161	8.6457286432161	8.6457286432161	8.6457286432161	8.6457286432161	8.6457286432161	8.6457286432161	8.6457286432161	8.6457286432161	8.6457286432161	8.6457286432161	8.6457286432161	8.6457286432161	8.6457286432161	8.6457286432161	8.6457286432161	8.6457286432161	8.6457286432161	8.6457286432161	8.6457286432161	8.6457286432161	8.6457286432161	8.6457286432161	8.6457286432161	8.6457286432161	8.6457286432161	8.6457286432161	8.6457286432161	8.6457286432161	8.6457286432161	8.6457286432161	8.6457286432161	8.6457286432161	8.6457286432161	8.6457286432161	8.6457286432161	8.6457286432161	8.6457286432161	8.6457286432161	8.6457286432161	8.6457286432161	8.6457286432161	8.6457286432161	8.6457286432161	8.6457286432161	8.6457286432161	8.6457286432161	8.6457286432161	8.6457286432161	8.6457286432161	8.6457286432161	8.6457286432161	8.6457286432161	8.6457286432161	8.6457286432161	8.6457286432161	8.6457286432161	8.6457286432161	8.6457286432161	8.6457286432161	8.6457286432161	8.6457286432161	8.6457286432161	8.6457286432161	8.6457286432161	8.6457286432161	8.6457286432161	8.6457286432161	8.6457286432161	8.6457286432161	8.6457286432161	8.6457286432161	8.6457286432161	8.6457286432161
8.8618090452261	8.8618090452261	8.8618090452261	8.8618090452261	8.8618090452261	8.8618090452261	8.8618090452261	8.8618090452261	8.8618090452261	8.8618090452261	8.8618090452261	8.8618090452261	8.8618090452261	8.8618090452261	8.8618090452261	8.8618090452261	8.8618090452261	8.8618090452261	8.8618090452261	8.8618090452261	8.8618090452261	8.8618090452261	8.8618090452261	8.8618090452261	8.8618090452261	8.8618090452261	8.8618090452261	8.8618090452261	8.8618090452261	8.8618090452261	8.8618090452261	8.8618090452261	8.8618090452261	8.8618090452261	8.8618090452261	8.8618090452261	8.8618090452261	8.8618090452261	8.8618090452261	8.8618090452261	8.8618090452261	8.8618090452261	8.8618090452261	8.8618090452261	8.8618090452261	8.8618090452261	8.8618090452261	8.8618090452261	8.8618090452261	8.8618090452261	8.8618090452261	8.8618090452261	8.8618090452261	8.8618090452261	8.8618090452261	8.8618090452261	8.8618090452261	8.8618090452261	8.8618090452261	8.8618090452261	8.8618090452261	8.8618090452261	8.8618090452261	8.8618090452261	8.8618090452261	8.8618090452261	8.8618090452261	8.8618090452261	8.8618090452261	8.8618090452261	8.8618090452261	8.8618090452261	8.8618090452261	8.8618090452261	8.8618090452261	8.8618090452261	8.8618090452261	8.8618090452261	8.8618090452261	8.8618090452261	8.8618090452261	8.8618090452261	8.8618090452261	8.8618090452261	8.8618090452261	8.8618090452261	8.8618090452261	8.8618090452261	8.8618090452261	8.8618090452261	8.8618090452261	8.8618090452261	8.8618090452261	8.8618090452261	8.8618090452261	8.8618090452261	8.8618090452261	8.8618090452261	8.8618090452261	8.8618090452261	8.8618090452261	8.8618090452261	8.8618090452261	8.8618090452261	8.8618090452261	8.8618090452261	8.8618090452261	8.8618090452261	8.8618090452261	8.8618090452261	8.8618090452261	8.8618090452261	8.8618090452261	8.8618090452261	8.8618090452261	8.8618090452261	8.8618090452261	8.8618090452261	8.8618090452261	8.8618090452261	8.8618090452261	8.8618090452261	8.8618090452261	8.8618090452261	8.8618090452261	8.8618090452261	8.8618090452261	8.8618090452261	8.8618090452261	8.8618090452261	8.8618090452261	8.8618090452261	8.8618090452261	8.8618090452261	8.8618090452261	8.8618090452261	8.8618090452261	8.8618090452261	8.8618090452261	8.8618090452261	8.8618090452261	8.8618090452261	8.8618090452261	8.8618090452261	8.8618090452261	8.8618090452261	8.8618090452261	8.8618090452261	8.8618090452261	8.8618090452261	8.8618090452261	8.8618090452261	8.8618090452261	8.8618090452261	8.8618090452261	8.8618090452261	8.8618090452261	8.8618090452261	8.8618090452261	8.8618090452261	8.8618090452261	8.8618090452261	8.8618090452261	8.8618090452261	8.8618090452261	8.8618090452261	8.8618090452261	8.8618090452261	8.8618090452261	8.8618090452261	8.8618090452261	8.8618090452261	8.8618090452261	8.8618090452261	8.8618090452261	8.8618090452261	8.8618090452261	8.8618090452261	8.8618090452261	8.8618090452261	8.8618090452261	8.8618090452261	8.8618090452261	8.8618090452261	8.8618090452261	8.8618090452261	8.8618090452261	8.8618090452261	8.8618090452261	8.8618090452261	8.8618090452261	8.8618090452261	8.8618090452261	8.8618090452261	8.8618090452261	8.8618090452261	8.8618090452261	8.8618090452261	8.8618090452261	8.8618090452261
9.0778894472362	9.0778894472362	9.0778894472362	9.0778894472362	9.0778894472362	9.0778894472362	9.0778894472362	9.0778894472362	9.0778894472362	9.0778894472362	9.0778894472362	9.0778894472362	9.0778894472362	9.0778894472362	9.0778894472362	9.0778894472362	9.0778894472362	9.0778894472362	9.0778894472362	9.0778894472362	9.0778894472362	9.0778894472362	9.0778894472362	9.0778894472362	9.0778894472362	9.0778894472362	9.0778894472362	9.0778894472362	9.0778894472362	9.0778894472362	9.0778894472362	9.0778894472362	9.0778894472362	9.0778894472362	9.0778894472362	9.0778894472362	9.0778894472362	9.0778894472362	9.0778894472362	9.0778894472362	9.0778894472362	9.0778894472362	9.0778894472362	9.0778894472362	9.0778894472362	9.0778894472362	9.0778894472362	9.0778894472362	9.0778894472362	9.0778894472362	9.0778894472362	9.0778894472362	9.0778894472362	9.0778894472362	9.0778894472362	9.0778894472362	9.0778894472362	9.0778894472362	9.0778894472362	9.0778894472362	9.0778894472362	9.0778894472362	9.0778894472362	9.0778894472362	9.0778894472362	9.0778894472362	9.0778894472362	9.0778894472362	9.0778894472362	9.0778894472362	9.0778894472362	9.0778894472362	9.0778894472362	9.0778894472362	9.0778894472362	9.0778894472362	9.0778894472362	9.0778894472362	9.0778894472362	9.0778894472362	9.0778894472362	9.0778894472362	9.0778894472362	9.0778894472362	9.0778894472362	9.0778894472362	9.0778894472362	9.0778894472362	9.0778894472362	9.0778894472362	9.0778894472362	9.0778894472362	9.0778894472362	9.0778894472362	9.0778894472362	9.0778894472362	9.0778894472362	9.0778894472362	9.0778894472362	9.0778894472362	9.0778894472362	9.0778894472362	9.0778894472362	9.0778894472362	9.0778894472362	9.0778894472362	9.0778894472362	9.0778894472362	9.0778894472362	9.0778894472362	9.0778894472362	9.0778894472362	9.0778894472362	9.0778894472362	9.0778894472362	9.0778894472362	9.0778894472362	9.0778894472362	9.0778894472362	9.0778894472362	9.0778894472362	9.0778894472362	9.0778894472362	9.0778894472362	9.0778894472362	9.0778894472362	9.0778894472362	9.0778894472362	9.0778894472362	9.0778894472362	9.0778894472362	9.0778894472362	9.0778894472362	9.0778894472362	9.0778894472362	9.0778894472362	9.0778894472362	9.0778894472362	9.0778894472362	9.0778894472362	9.0778894472362	9.0778894472362	9.0778894472362	9.0778894472362	9.0778894472362	9.0778894472362	9.0778894472362	9.0778894472362	9.0778894472362	9.0778894472362	9.0778894472362	9.0778894472362	9.0778894472362	9.0778894472362	9.0778894472362	9.0778894472362	9.0778894472362	9.0778894472362	9.0778894472362	9.0778894472362	9.0778894472362	9.0778894472362	9.0778894472362	9.0778894472362	9.0778894472362	9.0778894472362	9.0778894472362	9.0778894472362	9.0778894472362	9.0778894472362	9.0778894472362	9.0778894472362	9.0778894472362	9.0778894472362	9.0778894472362	9.0778894472362	9.0778894472362	9.0778894472362	9.0778894472362	9.0778894472362	9.0778894472362	9.0778894472362	9.0778894472362	9.0778894472362	9.0778894472362	9.0778894472362	9.0778894472362	9.0778894472362	9.0778894472362	9.0778894472362	9.0778894472362	9.0778894472362	9.0778894472362	9.0778894472362	9.0778894472362	9.0778894472362	9.0778894472362	9.0778894472362	9.0778894472362	9.0778894472362
9.2939698492462	9.2939698492462	9.2939698492462	9.2939698492462	9.2939698492462	9.2939698492462	9.2939698492462	9.2939698492462	9.2939698492462	9.2939698492462	9.2939698492462	9.2939698492462	9.2939698492462	9.2939698492462	9.2939698492462	9.2939698492462	9.2939698492462	9.2939698492462	9.2939698492462	9.2939698492462	9.2939698492462	9.2939698492462	9.2939698492462	9.2939698492462	9.2939698492462	9.2939698492462	9.2939698492462	9.2939698492462	9.2939698492462	9.2939698492462	9.2939698492462	9.2939698492462	9.2939698492462	9.2939698492462	9.2939698492462	9.2939698492462	9.2939698492462	9.2939698492462	9.2939698492462	9.2939698492462	9.2939698492462	9.2939698492462	9.2939698492462	9.2939698492462	9.2939698492462	9.2939698492462	9.2939698492462	9.2939698492462	9.2939698492462	9.2939698492462	9.2939698492462	9.2939698492462	9.2939698492462	9.2939698492462	9.2939698492462	9.2939698492462	9.2939698492462	9.2939698492462	9.2939698492462	9.2939698492462	9.2939698492462	9.2939698492462	9.2939698492462	9.2939698492462	9.2939698492462	9.2939698492462	9.2939698492462	9.2939698492462	9.2939698492462	9.2939698492462	9.2939698492462	9.2939698492462	9.2939698492462	9.2939698492462	9.2939698492462	9.2939698492462	9.2939698492462	9.2939698492462	9.2939698492462	9.2939698492462	9.2939698492462	9.2939698492462	9.2939698492462	9.2939698492462	9.2939698492462	9.2939698492462	9.2939698492462	9.2939698492462	9.2939698492462	9.2939698492462	9.2939698492462	9.2939698492462	9.2939698492462	9.2939698492462	9.2939698492462	9.2939698492462	9.2939698492462	9.2939698492462	9.2939698492462	9.2939698492462	9.2939698492462	9.2939698492462	9.2939698492462	9.2939698492462	9.2939698492462	9.2939698492462	9.2939698492462	9.2939698492462	9.2939698492462	9.2939698492462	9.2939698492462	9.2939698492462	9.2939698492462	9.2939698492462	9.2939698492462	9.2939698492462	9.2939698492462	9.2939698492462	9.2939698492462	9.2939698492462	9.2939698492462	9.2939698492462	9.2939698492462	9.2939698492462	9.2939698492462	9.2939698492462	9.2939698492462	9.2939698492462	9.2939698492462	9.2939698492462	9.2939698492462	9.2939698492462	9.2939698492462	9.2939698492462	9.2939698492462	9.2939698492462	9.2939698492462	9.2939698492462	9.2939698492462	9.2939698492462	9.2939698492462	9.2939698492462	9.2939698492462	9.2939698492462	9.2939698492462	9.2939698492462	9.2939698492462	9.2939698492462	9.2939698492462	9.2939698492462	9.2939698492462	9.2939698492462	9.2939698492462	9.2939698492462	9.2939698492462	9.2939698492462	9.2939698492462	9.2939698492462	9.2939698492462	9.2939698492462	9.2939698492462	9.2939698492462	9.2939698492462	9.2939698492462	9.2939698492462	9.2939698492462	9.2939698492462	9.2939698492462	9.2939698492462	9.2939698492462	9.2939698492462	9.2939698492462	9.2939698492462	9.2939698492462	9.2939698492462	9.2939698492462	9.2939698492462	9.2939698492462	9.2939698492462	9.2939698492462	9.2939698492462	9.2939698492462	9.2939698492462	9.2939698492462	9.2939698492462	9.2939698492462	9.2939698492462	9.2939698492462	9.2939698492462	9.2939698492462	9.2939698492462	9.2939698492462	9.2939698492462	9.2939698492462	9.2939698492462	9.2939698492462	9.2939698492462	9.2939698492462	9.2939698492462	9.2939698492462
9.5100502512563	9.5100502512563	9.5100502512563	9.5100502512563	9.5100502512563	9.5100502512563	9.5100502512563	9.5100502512563	9.5100502512563	9.5100502512563	9.5100502512563	9.5100502512563	9.5100502512563	9.5100502512563	9.5100502512563	9.5100502512563	9.5100502512563	9.5100502512563	9.5100502512563	9.5100502512563	9.5100502512563	9.5100502512563	9.5100502512563	9.5100502512563	9.5100502512563	9.5100502512563	9.5100502512563	9.5100502512563	9.5100502512563	9.5100502512563	9.5100502512563	9.5100502512563	9.5100502512563	9.5100502512563	9.5100502512563	9.5100502512563	9.5100502512563	9.5100502512563	9.5100502512563	9.5100502512563	9.5100502512563	9.5100502512563	9.5100502512563	9.5100502512563	9.5100502512563	9.5100502512563	9.5100502512563	9.5100502512563	9.5100502512563	9.5100502512563	9.5100502512563	9.5100502512563	9.5100502512563	9.5100502512563	9.5100502512563	9.5100502512563	9.5100502512563	9.5100502512563	9.5100502512563	9.5100502512563	9.5100502512563	9.5100502512563	9.5100502512563	9.5100502512563	9.5100502512563	9.5100502512563	9.5100502512563	9.5100502512563	9.5100502512563	9.5100502512563	9.5100502512563	9.5100502512563	9.5100502512563	9.5100502512563	9.5100502512563	9.5100502512563	9.5100502512563	9.5100502512563	9.5100502512563	9.5100502512563	9.5100502512563	9.5100502512563	9.5100502512563	9.5100502512563	9.5100502512563	9.5100502512563	9.5100502512563	9.5100502512563	9.5100502512563	9.5100502512563	9.5100502512563	9.5100502512563	9.5100502512563	9.5100502512563	9.5100502512563	9.5100502512563	9.5100502512563	9.5100502512563	9.5100502512563	9.5100502512563	9.5100502512563	9.5100502512563	9.5100502512563	9.5100502512563	9.5100502512563	9.5100502512563	9.5100502512563	9.5100502512563	9.5100502512563	9.5100502512563	9.5100502512563	9.5100502512563	9.5100502512563	9.5100502512563	9.5100502512563	9.5100502512563	9.5100502512563	9.5100502512563	9.5100502512563	9.5100502512563	9.5100502512563	9.5100502512563	9.5100502512563	9.5100502512563	9.5100502512563	9.5100502512563	9.5100502512563	9.5100502512563	9.5100502512563	9.5100502512563	9.5100502512563	9.5100502512563	9.5100502512563	9.5100502512563	9.5100502512563	9.5100502512563	9.5100502512563	9.5100502512563	9.5100502512563	9.5100502512563	9.5100502512563	9.5100502512563	9.5100502512563	9.5100502512563	9.5100502512563	9.5100502512563	9.5100502512563	9.5100502512563	9.5100502512563	9.5100502512563	9.5100502512563	9.5100502512563	9.5100502512563	9.5100502512563	9.5100502512563	9.5100502512563	9.5100502512563	9.5100502512563	9.5100502512563	9.5100502512563	9.5100502512563	9.5100502512563	9.5100502512563	9.5100502512563	9.5100502512563	9.5100502512563	9.5100502512563	9.5100502512563	9.5100502512563	9.5100502512563	9.5100502512563	9.5100502512563	9.5100502512563	9.5100502512563	9.5100502512563	9.5100502512563	9.5100502512563	9.5100502512563	9.5100502512563	9.5100502512563	9.5100502512563	9.5100502512563	9.5100502512563	9.5100502512563	9.5100502512563	9.5100502512563	9.5100502512563	9.5100502512563	9.5100502512563	9.5100502512563	9.5100502512563	9.5100502512563	9.5100502512563	9.5100502512563	9.5100502512563	9.5100502512563	9.5100502512563	9.5100502512563	9.5100502512563	9.5100502512563
9.7261306532663	9.7261306532663	9.7261306532663	9.7261306532663	9.7261306532663	9.7261306532663	9.7261306532663	9.7261306532663	9.7261306532663	9.7261306532663	9.7261306532663	9.7261306532663	9.7261306532663	9.7261306532663	9.7261306532663	9.7261306532663	9.7261306532663	9.7261306532663	9.7261306532663	9.7261306532663	9.7261306532663	9.7261306532663	9.7261306532663	9.7261306532663	9.7261306532663	9.7261306532663	9.7261306532663	9.7261306532663	9.7261306532663	9.7261306532663	9.7261306532663	9.7261306532663	9.7261306532663	9.7261306532663	9.7261306532663	9.7261306532663	9.7261306532663	9.7261306532663	9.7261306532663	9.7261306532663	9.7261306532663	9.7261306532663	9.7261306532663	9.7261306532663	9.7261306532663	9.7261306532663	9.7261306532663	9.7261306532663	9.7261306532663	9.7261306532663	9.7261306532663	9.7261306532663	9.7261306532663	9.7261306532663	9.7261306532663	9.7261306532663	9.7261306532663	9.7261306532663	9.7261306532663	9.7261306532663	9.7261306532663	9.7261306532663	9.7261306532663	9.7261306532663	9.7261306532663	9.7261306532663	9.7261306532663	9.7261306532663	9.7261306532663	9.7261306532663	9.7261306532663	9.7261306532663	9.7261306532663	9.7261306532663	9.7261306532663	9.7261306532663	9.7261306532663	9.7261306532663	9.7261306532663	9.7261306532663	9.7261306532663	9.7261306532663	9.7261306532663	9.7261306532663	9.7261306532663	9.7261306532663	9.7261306532663	9.7261306532663	9.7261306532663	9.7261306532663	9.7261306532663	9.7261306532663	9.7261306532663	9.7261306532663	9.7261306532663	9.7261306532663	9.7261306532663	9.7261306532663	9.7261306532663	9.7261306532663	9.7261306532663	9.7261306532663	9.7261306532663	9.7261306532663	9.7261306532663	9.7261306532663	9.7261306532663	9.7261306532663	9.7261306532663	9.7261306532663	9.7261306532663	9.7261306532663	9.7261306532663	9.7261306532663	9.7261306532663	9.7261306532663	9.7261306532663	9.7261306532663	9.7261306532663	9.7261306532663	9.7261306532663	9.7261306532663	9.7261306532663	9.7261306532663	9.7261306532663	9.7261306532663	9.7261306532663	9.7261306532663	9.7261306532663	9.7261306532663	9.7261306532663	9.7261306532663	9.7261306532663	9.7261306532663	9.7261306532663	9.7261306532663	9.7261306532663	9.7261306532663	9.7261306532663	9.7261306532663	9.7261306532663	9.7261306532663	9.7261306532663	9.7261306532663	9.7261306532663	9.7261306532663	9.7261306532663	9.7261306532663	9.7261306532663	9.7261306532663	9.7261306532663	9.7261306532663	9.7261306532663	9.7261306532663	9.7261306532663	9.7261306532663	9.7261306532663	9.7261306532663	9.7261306532663	9.7261306532663	9.7261306532663	9.7261306532663	9.7261306532663	9.7261306532663	9.7261306532663	9.7261306532663	9.7261306532663	9.7261306532663	9.7261306532663	9.7261306532663	9.7261306532663	9.7261306532663	9.7261306532663	9.7261306532663	9.7261306532663	9.7261306532663	9.7261306532663	9.7261306532663	9.7261306532663	9.7261306532663	9.7261306532663	9.7261306532663	9.7261306532663	9.7261306532663	9.7261306532663	9.7261306532663	9.7261306532663	9.7261306532663	9.7261306532663	9.7261306532663	9.7261306532663	9.7261306532663	9.7261306532663	9.7261306532663	9.7261306532663	9.7261306532663	9.7261306532663	9.7261306532663	9.7261306532663	9.7261306532663
9.9422110552764	9.9422110552764	9.9422110552764	9.9422110552764	9.9422110552764	9.9422110552764	9.9422110552764	9.9422110552764	9.9422110552764	9.9422110552764	9.9422110552764	9.9422110552764	9.9422110552764	9.9422110552764	9.9422110552764	9.9422110552764	9.9422110552764	9.9422110552764	9.9422110552764	9.9422110552764	9.9422110552764	9.9422110552764	9.9422110552764	9.9422110552764	9.9422110552764	9.9422110552764	9.9422110552764	9.9422110552764	9.9422110552764	9.9422110552764	9.9422110552764	9.9422110552764	9.9422110552764	9.9422110552764	9.9422110552764	9.9422110552764	9.9422110552764	9.9422110552764	9.9422110552764	9.9422110552764	9.9422110552764	9.9422110552764	9.9422110552764	9.9422110552764	9.9422110552764	9.9422110552764	9.9422110552764	9.9422110552764	9.9422110552764	9.9422110552764	9.9422110552764	9.9422110552764	9.9422110552764	9.9422110552764	9.9422110552764	9.9422110552764	9.9422110552764	9.9422110552764	9.9422110552764	9.9422110552764	9.9422110552764	9.9422110552764	9.9422110552764	9.9422110552764	9.9422110552764	9.9422110552764	9.9422110552764	9.9422110552764	9.9422110552764	9.9422110552764	9.9422110552764	9.9422110552764	9.9422110552764	9.9422110552764	9.9422110552764	9.9422110552764	9.9422110552764	9.9422110552764	9.9422110552764	9.9422110552764	9.9422110552764	9.9422110552764	9.9422110552764	9.9422110552764	9.9422110552764	9.9422110552764	9.9422110552764	9.9422110552764	9.9422110552764	9.9422110552764	9.9422110552764	9.9422110552764	9.9422110552764	9.9422110552764	9.9422110552764	9.9422110552764	9.9422110552764	9.9422110552764	9.9422110552764	9.9422110552764	9.9422110552764	9.9422110552764	9.9422110552764	9.9422110552764	9.9422110552764	9.9422110552764	9.9422110552764	9.9422110552764	9.9422110552764	9.9422110552764	9.9422110552764	9.9422110552764	9.9422110552764	9.9422110552764	9.9422110552764	9.9422110552764	9.9422110552764	9.9422110552764	9.9422110552764	9.9422110552764	9.9422110552764	9.9422110552764	9.9422110552764	9.9422110552764	9.9422110552764	9.9422110552764	9.9422110552764	9.9422110552764	9.9422110552764	9.9422110552764	9.9422110552764	9.9422110552764	9.9422110552764	9.9422110552764	9.9422110552764	9.9422110552764	9.9422110552764	9.9422110552764	9.9422110552764	9.9422110552764	9.9422110552764	9.9422110552764	9.9422110552764	9.9422110552764	9.9422110552764	9.9422110552764	9.9422110552764	9.9422110552764	9.9422110552764	9.9422110552764	9.9422110552764	9.9422110552764	9.9422110552764	9.9422110552764	9.9422110552764	9.9422110552764	9.9422110552764	9.9422110552764	9.9422110552764	9.9422110552764	9.9422110552764	9.9422110552764	9.9422110552764	9.9422110552764	9.9422110552764	9.9422110552764	9.9422110552764	9.9422110552764	9.9422110552764	9.9422110552764	9.9422110552764	9.9422110552764	9.9422110552764	9.9422110552764	9.9422110552764	9.9422110552764	9.9422110552764	9.9422110552764	9.9422110552764	9.9422110552764	9.9422110552764	9.9422110552764	9.9422110552764	9.9422110552764	9.9422110552764	9.9422110552764	9.9422110552764	9.9422110552764	9.9422110552764	9.9422110552764	9.9422110552764	9.9422110552764	9.9422110552764	9.9422110552764	9.9422110552764	9.9422110552764	9.9422110552764	9.9422110552764	9.9422110552764	9.9422110552764
10.158291457286	10.158291457286	10.158291457286	10.158291457286	10.158291457286	10.158291457286	10.158291457286	10.158291457286	10.158291457286	10.158291457286	10.158291457286	10.158291457286	10.158291457286	10.158291457286	10.158291457286	10.158291457286	10.158291457286	10.158291457286	10.158291457286	10.158291457286	10.158291457286	10.158291457286	10.158291457286	10.158291457286	10.158291457286	10.158291457286	10.158291457286	10.158291457286	10.158291457286	10.158291457286	10.158291457286	10.158291457286	10.158291457286	10.158291457286	10.158291457286	10.158291457286	10.158291457286	10.158291457286	10.158291457286	10.158291457286	10.158291457286	10.158291457286	10.158291457286	10.158291457286	10.158291457286	10.158291457286	10.158291457286	10.158291457286	10.158291457286	10.158291457286	10.158291457286	10.158291457286	10.158291457286	10.158291457286	10.158291457286	10.158291457286	10.158291457286	10.158291457286	10.158291457286	10.158291457286	10.158291457286	10.158291457286	10.158291457286	10.158291457286	10.158291457286	10.158291457286	10.158291457286	10.158291457286	10.158291457286	10.158291457286	10.158291457286	10.158291457286	10.158291457286	10.158291457286	10.158291457286	10.158291457286	10.158291457286	10.158291457286	10.158291457286	10.158291457286	10.158291457286	10.158291457286	10.158291457286	10.158291457286	10.158291457286	10.158291457286	10.158291457286	10.158291457286	10.158291457286	10.158291457286	10.158291457286	10.158291457286	10.158291457286	10.158291457286	10.158291457286	10.158291457286	10.158291457286	10.158291457286	10.158291457286	10.158291457286	10.158291457286	10.158291457286	10.158291457286	10.158291457286	10.158291457286	10.158291457286	10.158291457286	10.158291457286	10.158291457286	10.158291457286	10.158291457286	10.158291457286	10.158291457286	10.158291457286	10.158291457286	10.158291457286	10.158291457286	10.158291457286	10.158291457286	10.158291457286	10.158291457286	10.158291457286	10.158291457286	10.158291457286	10.158291457286	10.158291457286	10.158291457286	10.158291457286	10.158291457286	10.158291457286	10.158291457286	10.158291457286	10.158291457286	10.158291457286	10.158291457286	10.158291457286	10.158291457286	10.158291457286	10.158291457286	10.158291457286	10.158291457286	10.158291457286	10.158291457286	10.158291457286	10.158291457286	10.158291457286	10.158291457286	10.158291457286	10.158291457286	10.158291457286	10.158291457286	10.158291457286	10.158291457286	10.158291457286	10.158291457286	10.158291457286	10.158291457286	10.158291457286	10.158291457286	10.158291457286	10.158291457286	10.158291457286	10.158291457286	10.158291457286	10.158291457286	10.158291457286	10.158291457286	10.158291457286	10.158291457286	10.158291457286	10.158291457286	10.158291457286	10.158291457286	10.158291457286	10.158291457286	10.158291457286	10.158291457286	10.158291457286	10.158291457286	10.158291457286	10.158291457286	10.158291457286	10.158291457286	10.158291457286	10.158291457286	10.158291457286	10.158291457286	10.158291457286	10.158291457286	10.158291457286	10.158291457286	10.158291457286	10.158291457286	10.158291457286	10.158291457286	10.158291457286	10.158291457286	10.158291457286	10.158291457286	10.158291457286
10.374371859296	10.374371859296	10.374371859296	10.374371859296	10.374371859296	10.374371859296	10.374371859296	10.374371859296	10.374371859296	10.374371859296	10.374371859296	10.374371859296	10.374371859296	10.374371859296	10.374371859296	10.374371859296	10.374371859296	10.374371859296	10.374371859296	10.374371859296	10.374371859296	10.374371859296	10.374371859296	10.374371859296	10.374371859296	10.374371859296	10.374371859296	10.374371859296	10.374371859296	10.374371859296	10.374371859296	10.374371859296	10.374371859296	10.374371859296	10.374371859296	10.374371859296	10.374371859296	10.374371859296	10.374371859296	10.374371859296	10.374371859296	10.374371859296	10.374371859296	10.374371859296	10.374371859296	10.374371859296	10.374371859296	10.374371859296	10.374371859296	10.374371859296	10.374371859296	10.374371859296	10.374371859296	10.374371859296	10.374371859296	10.374371859296	10.374371859296	10.374371859296	10.374371859296	10.374371859296	10.374371859296	10.374371859296	10.374371859296	10.374371859296	10.374371859296	10.374371859296	10.374371859296	10.374371859296	10.374371859296	10.374371859296	10.374371859296	10.374371859296	10.374371859296	10.374371859296	10.374371859296	10.374371859296	10.374371859296	10.374371859296	10.374371859296	10.374371859296	10.374371859296	10.374371859296	10.374371859296	10.374371859296	10.374371859296	10.374371859296	10.374371859296	10.374371859296	10.374371859296	10.374371859296	10.374371859296	10.374371859296	10.374371859296	10.374371859296	10.374371859296	10.374371859296	10.374371859296	10.374371859296	10.374371859296	10.374371859296	10.374371859296	10.374371859296	10.374371859296	10.374371859296	10.374371859296	10.374371859296	10.374371859296	10.374371859296	10.374371859296	10.374371859296	10.374371859296	10.374371859296	10.374371859296	10.374371859296	10.374371859296	10.374371859296	10.374371859296	10.374371859296	10.374371859296	10.374371859296	10.374371859296	10.374371859296	10.374371859296	10.374371859296	10.374371859296	10.374371859296	10.374371859296	10.374371859296	10.374371859296	10.374371859296	10.374371859296	10.374371859296	10.374371859296	10.374371859296	10.374371859296	10.374371859296	10.374371859296	10.374371859296	10.374371859296	10.374371859296	10.374371859296	10.374371859296	10.374371859296	10.374371859296	10.374371859296	10.374371859296	10.374371859296	10.374371859296	10.374371859296	10.374371859296	10.374371859296	10.374371859296	10.374371859296	10.374371859296	10.374371859296	10.374371859296	10.374371859296	10.374371859296	10.374371859296	10.374371859296	10.374371859296	10.374371859296	10.374371859296	10.374371859296	10.374371859296	10.374371859296	10.374371859296	10.374371859296	10.374371859296	10.374371859296	10.374371859296	10.374371859296	10.374371859296	10.374371859296	10.374371859296	10.374371859296	10.374371859296	10.374371859296	10.374371859296	10.374371859296	10.374371859296	10.374371859296	10.374371859296	10.374371859296	10.374371859296	10.374371859296	10.374371859296	10.374371859296	10.374371859296	10.374371859296	10.374371859296	10.374371859296	10.374371859296	10.374371859296	10.374371859296	10.374371859296	10.374371859296	10.374371859296	10.374371859296	10.374371859296
10.590452261307	10.590452261307	10.590452261307	10.590452261307	10.590452261307	10.590452261307	10.590452261307	10.590452261307	10.590452261307	10.590452261307	10.590452261307	10.590452261307	10.590452261307	10.590452261307	10.590452261307	10.590452261307	10.590452261307	10.590452261307	10.590452261307	10.590452261307	10.590452261307	10.590452261307	10.590452261307	10.590452261307	10.590452261307	10.590452261307	10.590452261307	10.590452261307	10.590452261307	10.590452261307	10.590452261307	10.590452261307	10.590452261307	10.590452261307	10.590452261307	10.590452261307	10.590452261307	10.590452261307	10.590452261307	10.590452261307	10.590452261307	10.590452261307	10.590452261307	10.590452261307	10.590452261307	10.590452261307	10.590452261307	10.590452261307	10.590452261307	10.590452261307	10.590452261307	10.590452261307	10.590452261307	10.590452261307	10.590452261307	10.590452261307	10.590452261307	10.590452261307	10.590452261307	10.590452261307	10.590452261307	10.590452261307	10.590452261307	10.590452261307	10.590452261307	10.590452261307	10.590452261307	10.590452261307	10.590452261307	10.590452261307	10.590452261307	10.590452261307	10.590452261307	10.590452261307	10.590452261307	10.590452261307	10.590452261307	10.590452261307	10.590452261307	10.590452261307	10.590452261307	10.590452261307	10.590452261307	10.590452261307	10.590452261307	10.590452261307	10.590452261307	10.590452261307	10.590452261307	10.590452261307	10.590452261307	10.590452261307	10.590452261307	10.590452261307	10.590452261307	10.590452261307	10.590452261307	10.590452261307	10.590452261307	10.590452261307	10.590452261307	10.590452261307	10.590452261307	10.590452261307	10.590452261307	10.590452261307	10.590452261307	10.590452261307	10.590452261307	10.590452261307	10.590452261307	10.590452261307	10.590452261307	10.590452261307	10.590452261307	10.590452261307	10.590452261307	10.590452261307	10.590452261307	10.590452261307	10.590452261307	10.590452261307	10.590452261307	10.590452261307	10.590452261307	10.590452261307	10.590452261307	10.590452261307	10.590452261307	10.590452261307	10.590452261307	10.590452261307	10.590452261307	10.590452261307	10.590452261307	10.590452261307	10.590452261307	10.590452261307	10.590452261307	10.590452261307	10.590452261307	10.590452261307	10.590452261307	10.590452261307	10.590452261307	10.590452261307	10.590452261307	10.590452261307	10.590452261307	10.590452261307	10.590452261307	10.590452261307	10.590452261307	10.590452261307	10.590452261307	10.590452261307	10.590452261307	10.590452261307	10.590452261307	10.590452261307	10.590452261307	10.590452261307	10.590452261307	10.590452261307	10.590452261307	10.590452261307	10.590452261307	10.590452261307	10.590452261307	10.590452261307	10.590452261307	10.590452261307	10.590452261307	10.590452261307	10.590452261307	10.590452261307	10.590452261307	10.590452261307	10.590452261307	10.590452261307	10.590452261307	10.590452261307	10.590452261307	10.590452261307	10.590452261307	10.590452261307	10.590452261307	10.590452261307	10.590452261307	10.590452261307	10.590452261307	10.590452261307	10.590452261307	10.590452261307	10.590452261307	10.590452261307	10.590452261307	10.590452261307	10.590452261307	10.590452261307
10.806532663317	10.806532663317	10.806532663317	10.806532663317	10.806532663317	10.806532663317	10.806532663317	10.806532663317	10.806532663317	10.806532663317	10.806532663317	10.806532663317	10.806532663317	10.806532663317	10.806532663317	10.806532663317	10.806532663317	10.806532663317	10.806532663317	10.806532663317	10.806532663317	10.806532663317	10.806532663317	10.806532663317	10.806532663317	10.806532663317	10.806532663317	10.806532663317	10.806532663317	10.806532663317	10.806532663317	10.806532663317	10.806532663317	10.806532663317	10.806532663317	10.806532663317	10.806532663317	10.806532663317	10.806532663317	10.806532663317	10.806532663317	10.806532663317	10.806532663317	10.806532663317	10.806532663317	10.806532663317	10.806532663317	10.806532663317	10.806532663317	10.806532663317	10.806532663317	10.806532663317	10.806532663317	10.806532663317	10.806532663317	10.806532663317	10.806532663317	10.806532663317	10.806532663317	10.806532663317	10.806532663317	10.806532663317	10.806532663317	10.806532663317	10.806532663317	10.806532663317	10.806532663317	10.806532663317	10.806532663317	10.806532663317	10.806532663317	10.806532663317	10.806532663317	10.806532663317	10.806532663317	10.806532663317	10.806532663317	10.806532663317	10.806532663317	10.806532663317	10.806532663317	10.806532663317	10.806532663317	10.806532663317	10.806532663317	10.806532663317	10.806532663317	10.806532663317	10.806532663317	10.806532663317	10.806532663317	10.806532663317	10.806532663317	10.806532663317	10.806532663317	10.806532663317	10.806532663317	10.806532663317	10.806532663317	10.806532663317	10.806532663317	10.806532663317	10.806532663317	10.806532663317	10.806532663317	10.806532663317	10.806532663317	10.806532663317	10.806532663317	10.806532663317	10.806532663317	10.806532663317	10.806532663317	10.806532663317	10.806532663317	10.806532663317	10.806532663317	10.806532663317	10.806532663317	10.806532663317	10.806532663317	10.806532663317	10.806532663317	10.806532663317	10.806532663317	10.806532663317	10.806532663317	10.806532663317	10.806532663317	10.806532663317	10.806532663317	10.806532663317	10.806532663317	10.806532663317	10.806532663317	10.806532663317	10.806532663317	10.806532663317	10.806532663317	10.806532663317	10.806532663317	10.806532663317	10.806532663317	10.806532663317	10.806532663317	10.806532663317	10.806532663317	10.806532663317	10.806532663317	10.806532663317	10.806532663317	10.806532663317	10.806532663317	10.806532663317	10.806532663317	10.806532663317	10.806532663317	10.806532663317	10.806532663317	10.806532663317	10.806532663317	10.806532663317	10.806532663317	10.806532663317	10.806532663317	10.806532663317	10.806532663317	10.806532663317	10.806532663317	10.806532663317	10.806532663317	10.806532663317	10.806532663317	10.806532663317	10.806532663317	10.806532663317	10.806532663317	10.806532663317	10.806532663317	10.806532663317	10.806532663317	10.806532663317	10.806532663317	10.806532663317	10.806532663317	10.806532663317	10.806532663317	10.806532663317	10.806532663317	10.806532663317	10.806532663317	10.806532663317	10.806532663317	10.806532663317	10.806532663317	10.806532663317	10.806532663317	10.806532663317	10.806532663317	10.806532663317
11.022613065327	11.022613065327	11.022613065327	11.022613065327	11.022613065327	11.022613065327	11.022613065327	11.022613065327	11.022613065327	11.022613065327	11.022613065327	11.022613065327	11.022613065327	11.022613065327	11.022613065327	11.022613065327	11.022613065327	11.022613065327	11.022613065327	11.022613065327	11.022613065327	11.022613065327	11.022613065327	11.022613065327	11.022613065327	11.022613065327	11.022613065327	11.022613065327	11.022613065327	11.022613065327	11.022613065327	11.022613065327	11.022613065327	11.022613065327	11.022613065327	11.022613065327	11.022613065327	11.022613065327	11.022613065327	11.022613065327	11.022613065327	11.022613065327	11.022613065327	11.022613065327	11.022613065327	11.022613065327	11.022613065327	11.022613065327	11.022613065327	11.022613065327	11.022613065327	11.022613065327	11.022613065327	11.022613065327	11.022613065327	11.022613065327	11.022613065327	11.022613065327	11.022613065327	11.022613065327	11.022613065327	11.022613065327	11.022613065327	11.022613065327	11.022613065327	11.022613065327	11.022613065327	11.022613065327	11.022613065327	11.022613065327	11.022613065327	11.022613065327	11.022613065327	11.022613065327	11.022613065327	11.022613065327	11.022613065327	11.022613065327	11.022613065327	11.022613065327	11.022613065327	11.022613065327	11.022613065327	11.022613065327	11.022613065327	11.022613065327	11.022613065327	11.022613065327	11.022613065327	11.022613065327	11.022613065327	11.022613065327	11.022613065327	11.022613065327	11.022613065327	11.022613065327	11.022613065327	11.022613065327	11.022613065327	11.022613065327	11.022613065327	11.022613065327	11.022613065327	11.022613065327	11.022613065327	11.022613065327	11.022613065327	11.022613065327	11.022613065327	11.022613065327	11.022613065327	11.022613065327	11.022613065327	11.022613065327	11.022613065327	11.022613065327	11.022613065327	11.022613065327	11.022613065327	11.022613065327	11.022613065327	11.022613065327	11.022613065327	11.022613065327	11.022613065327	11.022613065327	11.022613065327	11.022613065327	11.022613065327	11.022613065327	11.022613065327	11.022613065327	11.022613065327	11.022613065327	11.022613065327	11.022613065327	11.022613065327	11.022613065327	11.022613065327	11.022613065327	11.022613065327	11.022613065327	11.022613065327	11.022613065327	11.022613065327	11.022613065327	11.022613065327	11.022613065327	11.022613065327	11.022613065327	11.022613065327	11.022613065327	11.022613065327	11.022613065327	11.022613065327	11.022613065327	11.022613065327	11.022613065327	11.022613065327	11.022613065327	11.022613065327	11.022613065327	11.022613065327	11.022613065327	11.022613065327	11.022613065327	11.022613065327	11.022613065327	11.022613065327	11.022613065327	11.022613065327	11.022613065327	11.022613065327	11.022613065327	11.022613065327	11.022613065327	11.022613065327	11.022613065327	11.022613065327	11.022613065327	11.022613065327	11.022613065327	11.022613065327	11.022613065327	11.022613065327	11.022613065327	11.022613065327	11.022613065327	11.022613065327	11.022613065327	11.022613065327	11.022613065327	11.022613065327	11.022613065327	11.022613065327	11.022613065327	11.022613065327	11.022613065327	11.022613065327	11.022613065327
11.238693467337	11.238693467337	11.238693467337	11.238693467337	11.238693467337	11.238693467337	11.238693467337	11.238693467337	11.238693467337	11.238693467337	11.238693467337	11.238693467337	11.238693467337	11.238693467337	11.238693467337	11.238693467337	11.238693467337	11.238693467337	11.238693467337	11.238693467337	11.238693467337	11.238693467337	11.238693467337	11.238693467337	11.238693467337	11.238693467337	11.238693467337	11.238693467337	11.238693467337	11.238693467337	11.238693467337	11.238693467337	11.238693467337	11.238693467337	11.238693467337	11.238693467337	11.238693467337	11.238693467337	11.238693467337	11.238693467337	11.238693467337	11.238693467337	11.238693467337	11.238693467337	11.238693467337	11.238693467337	11.238693467337	11.238693467337	11.238693467337	11.238693467337	11.238693467337	11.238693467337	11.238693467337	11.238693467337	11.238693467337	11.238693467337	11.238693467337	11.238693467337	11.238693467337	11.238693467337	11.238693467337	11.238693467337	11.238693467337	11.238693467337	11.238693467337	11.238693467337	11.238693467337	11.238693467337	11.238693467337	11.238693467337	11.238693467337	11.238693467337	11.238693467337	11.238693467337	11.238693467337	11.238693467337	11.238693467337	11.238693467337	11.238693467337	11.238693467337	11.238693467337	11.238693467337	11.238693467337	11.238693467337	11.238693467337	11.238693467337	11.238693467337	11.238693467337	11.238693467337	11.238693467337	11.238693467337	11.238693467337	11.238693467337	11.238693467337	11.238693467337	11.238693467337	11.238693467337	11.238693467337	11.238693467337	11.238693467337	11.238693467337	11.238693467337	11.238693467337	11.238693467337	11.238693467337	11.238693467337	11.238693467337	11.238693467337	11.238693467337	11.238693467337	11.238693467337	11.238693467337	11.238693467337	11.238693467337	11.238693467337	11.238693467337	11.238693467337	11.238693467337	11.238693467337	11.238693467337	11.238693467337	11.238693467337	11.238693467337	11.238693467337	11.238693467337	11.238693467337	11.238693467337	11.238693467337	11.238693467337	11.238693467337	11.238693467337	11.238693467337	11.238693467337	11.238693467337	11.238693467337	11.238693467337	11.238693467337	11.238693467337	11.238693467337	11.238693467337	11.238693467337	11.238693467337	11.238693467337	11.238693467337	11.238693467337	11.238693467337	11.238693467337	11.238693467337	11.238693467337	11.238693467337	11.238693467337	11.238693467337	11.238693467337	11.238693467337	11.238693467337	11.238693467337	11.238693467337	11.238693467337	11.238693467337	11.238693467337	11.238693467337	11.238693467337	11.238693467337	11.238693467337	11.238693467337	11.238693467337	11.238693467337	11.238693467337	11.238693467337	11.238693467337	11.238693467337	11.238693467337	11.238693467337	11.238693467337	11.238693467337	11.238693467337	11.238693467337	11.238693467337	11.238693467337	11.238693467337	11.238693467337	11.238693467337	11.238693467337	11.238693467337	11.238693467337	11.238693467337	11.238693467337	11.238693467337	11.238693467337	11.238693467337	11.238693467337	11.238693467337	11.238693467337	11.238693467337	11.238693467337	11.238693467337	11.238693467337	11.238693467337	11.238693467337	11.238693467337
11.454773869347	11.454773869347	11.454773869347	11.454773869347	11.454773869347	11.454773869347	11.454773869347	11.454773869347	11.454773869347	11.454773869347	11.454773869347	11.454773869347	11.454773869347	11.454773869347	11.454773869347	11.454773869347	11.454773869347	11.454773869347	11.454773869347	11.454773869347	11.454773869347	11.454773869347	11.454773869347	11.454773869347	11.454773869347	11.454773869347	11.454773869347	11.454773869347	11.454773869347	11.454773869347	11.454773869347	11.454773869347	11.454773869347	11.454773869347	11.454773869347	11.454773869347	11.454773869347	11.454773869347	11.454773869347	11.454773869347	11.454773869347	11.454773869347	11.454773869347	11.454773869347	11.454773869347	11.454773869347	11.454773869347	11.454773869347	11.454773869347	11.454773869347	11.454773869347	11.454773869347	11.454773869347	11.454773869347	11.454773869347	11.454773869347	11.454773869347	11.454773869347	11.454773869347	11.454773869347	11.454773869347	11.454773869347	11.454773869347	11.454773869347	11.454773869347	11.454773869347	11.454773869347	11.454773869347	11.454773869347	11.454773869347	11.454773869347	11.454773869347	11.454773869347	11.454773869347	11.454773869347	11.454773869347	11.454773869347	11.454773869347	11.454773869347	11.454773869347	11.454773869347	11.454773869347	11.454773869347	11.454773869347	11.454773869347	11.454773869347	11.454773869347	11.454773869347	11.454773869347	11.454773869347	11.454773869347	11.454773869347	11.454773869347	11.454773869347	11.454773869347	11.454773869347	11.454773869347	11.454773869347	11.454773869347	11.454773869347	11.454773869347	11.454773869347	11.454773869347	11.454773869347	11.454773869347	11.454773869347	11.454773869347	11.454773869347	11.454773869347	11.454773869347	11.454773869347	11.454773869347	11.454773869347	11.454773869347	11.454773869347	11.454773869347	11.454773869347	11.454773869347	11.454773869347	11.454773869347	11.454773869347	11.454773869347	11.454773869347	11.454773869347	11.454773869347	11.454773869347	11.454773869347	11.454773869347	11.454773869347	11.454773869347	11.454773869347	11.454773869347	11.454773869347	11.454773869347	11.454773869347	11.454773869347	11.454773869347	11.454773869347	11.454773869347	11.454773869347	11.454773869347	11.454773869347	11.454773869347	11.454773869347	11.454773869347	11.454773869347	11.454773869347	11.454773869347	11.454773869347	11.454773869347	11.454773869347	11.454773869347	11.454773869347	11.454773869347	11.454773869347	11.454773869347	11.454773869347	11.454773869347	11.454773869347	11.454773869347	11.454773869347	11.454773869347	11.454773869347	11.454773869347	11.454773869347	11.454773869347	11.454773869347	11.454773869347	11.454773869347	11.454773869347	11.454773869347	11.454773869347	11.454773869347	11.454773869347	11.454773869347	11.454773869347	11.454773869347	11.454773869347	11.454773869347	11.454773869347	11.454773869347	11.454773869347	11.454773869347	11.454773869347	11.454773869347	11.454773869347	11.454773869347	11.454773869347	11.454773869347	11.454773869347	11.454773869347	11.454773869347	11.454773869347	11.454773869347	11.454773869347	11.454773869347	11.454773869347	11.454773869347	11.454773869347	11.454773869347
11.670854271357	11.670854271357	11.670854271357	11.670854271357	11.670854271357	11.670854271357	11.670854271357	11.670854271357	11.670854271357	11.670854271357	11.670854271357	11.670854271357	11.670854271357	11.670854271357	11.670854271357	11.670854271357	11.670854271357	11.670854271357	11.670854271357	11.670854271357	11.670854271357	11.670854271357	11.670854271357	11.670854271357	11.670854271357	11.670854271357	11.670854271357	11.670854271357	11.670854271357	11.670854271357	11.670854271357	11.670854271357	11.670854271357	11.670854271357	11.670854271357	11.670854271357	11.670854271357	11.670854271357	11.670854271357	11.670854271357	11.670854271357	11.670854271357	11.670854271357	11.670854271357	11.670854271357	11.670854271357	11.670854271357	11.670854271357	11.670854271357	11.670854271357	11.670854271357	11.670854271357	11.670854271357	11.670854271357	11.670854271357	11.670854271357	11.670854271357	11.670854271357	11.670854271357	11.670854271357	11.670854271357	11.670854271357	11.670854271357	11.670854271357	11.670854271357	11.670854271357	11.670854271357	11.670854271357	11.670854271357	11.670854271357	11.670854271357	11.670854271357	11.670854271357	11.670854271357	11.670854271357	11.670854271357	11.670854271357	11.670854271357	11.670854271357	11.670854271357	11.670854271357	11.670854271357	11.670854271357	11.670854271357	11.670854271357	11.670854271357	11.670854271357	11.670854271357	11.670854271357	11.670854271357	11.670854271357	11.670854271357	11.670854271357	11.670854271357	11.670854271357	11.670854271357	11.670854271357	11.670854271357	11.670854271357	11.670854271357	11.670854271357	11.670854271357	11.670854271357	11.670854271357	11.670854271357	11.670854271357	11.670854271357	11.670854271357	11.670854271357	11.670854271357	11.670854271357	11.670854271357	11.670854271357	11.670854271357	11.670854271357	11.670854271357	11.670854271357	11.670854271357	11.670854271357	11.670854271357	11.670854271357	11.670854271357	11.670854271357	11.670854271357	11.670854271357	11.670854271357	11.670854271357	11.670854271357	11.670854271357	11.670854271357	11.670854271357	11.670854271357	11.670854271357	11.670854271357	11.670854271357	11.670854271357	11.670854271357	11.670854271357	11.670854271357	11.670854271357	11.670854271357	11.670854271357	11.670854271357	11.670854271357	11.670854271357	11.670854271357	11.670854271357	11.670854271357	11.670854271357	11.670854271357	11.670854271357	11.670854271357	11.670854271357	11.670854271357	11.670854271357	11.670854271357	11.670854271357	11.670854271357	11.670854271357	11.670854271357	11.670854271357	11.670854271357	11.670854271357	11.670854271357	11.670854271357	11.670854271357	11.670854271357	11.670854271357	11.670854271357	11.670854271357	11.670854271357	11.670854271357	11.670854271357	11.670854271357	11.670854271357	11.670854271357	11.670854271357	11.670854271357	11.670854271357	11.670854271357	11.670854271357	11.670854271357	11.670854271357	11.670854271357	11.670854271357	11.670854271357	11.670854271357	11.670854271357	11.670854271357	11.670854271357	11.670854271357	11.670854271357	11.670854271357	11.670854271357	11.670854271357	11.670854271357	11.670854271357	11.670854271357	11.670854271357	11.670854271357
11.886934673367	11.886934673367	11.886934673367	11.886934673367	11.886934673367	11.886934673367	11.886934673367	11.886934673367	11.886934673367	11.886934673367	11.886934673367	11.886934673367	11.886934673367	11.886934673367	11.886934673367	11.886934673367	11.886934673367	11.886934673367	11.886934673367	11.886934673367	11.886934673367	11.886934673367	11.886934673367	11.886934673367	11.886934673367	11.886934673367	11.886934673367	11.886934673367	11.886934673367	11.886934673367	11.886934673367	11.886934673367	11.886934673367	11.886934673367	11.886934673367	11.886934673367	11.886934673367	11.886934673367	11.886934673367	11.886934673367	11.886934673367	11.886934673367	11.886934673367	11.886934673367	11.886934673367	11.886934673367	11.886934673367	11.886934673367	11.886934673367	11.886934673367	11.886934673367	11.886934673367	11.886934673367	11.886934673367	11.886934673367	11.886934673367	11.886934673367	11.886934673367	11.886934673367	11.886934673367	11.886934673367	11.886934673367	11.886934673367	11.886934673367	11.886934673367	11.886934673367	11.886934673367	11.886934673367	11.886934673367	11.886934673367	11.886934673367	11.886934673367	11.886934673367	11.886934673367	11.886934673367	11.886934673367	11.886934673367	11.886934673367	11.886934673367	11.886934673367	11.886934673367	11.886934673367	11.886934673367	11.886934673367	11.886934673367	11.886934673367	11.886934673367	11.886934673367	11.886934673367	11.886934673367	11.886934673367	11.886934673367	11.886934673367	11.886934673367	11.886934673367	11.886934673367	11.886934673367	11.886934673367	11.886934673367	11.886934673367	11.886934673367	11.886934673367	11.886934673367	11.886934673367	11.886934673367	11.886934673367	11.886934673367	11.886934673367	11.886934673367	11.886934673367	11.886934673367	11.886934673367	11.886934673367	11.886934673367	11.886934673367	11.886934673367	11.886934673367	11.886934673367	11.886934673367	11.886934673367	11.886934673367	11.886934673367	11.886934673367	11.886934673367	11.886934673367	11.886934673367	11.886934673367	11.886934673367	11.886934673367	11.886934673367	11.886934673367	11.886934673367	11.886934673367	11.886934673367	11.886934673367	11.886934673367	11.886934673367	11.886934673367	11.886934673367	11.886934673367	11.886934673367	11.886934673367	11.886934673367	11.886934673367	11.886934673367	11.886934673367	11.886934673367	11.886934673367	11.886934673367	11.886934673367	11.886934673367	11.886934673367	11.886934673367	11.886934673367	11.886934673367	11.886934673367	11.886934673367	11.886934673367	11.886934673367	11.886934673367	11.886934673367	11.886934673367	11.886934673367	11.886934673367	11.886934673367	11.886934673367	11.886934673367	11.886934673367	11.886934673367	11.886934673367	11.886934673367	11.886934673367	11.886934673367	11.886934673367	11.886934673367	11.886934673367	11.886934673367	11.886934673367	11.886934673367	11.886934673367	11.886934673367	11.886934673367	11.886934673367	11.886934673367	11.886934673367	11.886934673367	11.886934673367	11.886934673367	11.886934673367	11.886934673367	11.886934673367	11.886934673367	11.886934673367	11.886934673367	11.886934673367	11.886934673367	11.886934673367	11.886934673367	11.886934673367	11.886934673367
12.103015075377	12.103015075377	12.103015075377	12.103015075377	12.103015075377	12.103015075377	12.103015075377	12.103015075377	12.103015075377	12.103015075377	12.103015075377	12.103015075377	12.103015075377	12.103015075377	12.103015075377	12.103015075377	12.103015075377	12.103015075377	12.103015075377	12.103015075377	12.103015075377	12.103015075377	12.103015075377	12.103015075377	12.103015075377	12.103015075377	12.103015075377	12.103015075377	12.103015075377	12.103015075377	12.103015075377	12.103015075377	12.103015075377	12.103015075377	12.103015075377	12.103015075377	12.103015075377	12.103015075377	12.103015075377	12.103015075377	12.103015075377	12.103015075377	12.103015075377	12.103015075377	12.103015075377	12.103015075377	12.103015075377	12.103015075377	12.103015075377	12.103015075377	12.103015075377	12.103015075377	12.103015075377	12.103015075377	12.103015075377	12.103015075377	12.103015075377	12.103015075377	12.103015075377	12.103015075377	12.103015075377	12.103015075377	12.103015075377	12.103015075377	12.103015075377	12.103015075377	12.103015075377	12.103015075377	12.103015075377	12.103015075377	12.103015075377	12.103015075377	12.103015075377	12.103015075377	12.103015075377	12.103015075377	12.103015075377	12.103015075377	12.103015075377	12.103015075377	12.103015075377	12.103015075377	12.103015075377	12.103015075377	12.103015075377	12.103015075377	12.103015075377	12.103015075377	12.103015075377	12.103015075377	12.103015075377	12.103015075377	12.103015075377	12.103015075377	12.103015075377	12.103015075377	12.103015075377	12.103015075377	12.103015075377	12.103015075377	12.103015075377	12.103015075377	12.103015075377	12.103015075377	12.103015075377	12.103015075377	12.103015075377	12.103015075377	12.103015075377	12.103015075377	12.103015075377	12.103015075377	12.103015075377	12.103015075377	12.103015075377	12.103015075377	12.103015075377	12.103015075377	12.103015075377	12.103015075377	12.103015075377	12.103015075377	12.103015075377	12.103015075377	12.103015075377	12.103015075377	12.103015075377	12.103015075377	12.103015075377	12.103015075377	12.103015075377	12.103015075377	12.103015075377	12.103015075377	12.103015075377	12.103015075377	12.103015075377	12.103015075377	12.103015075377	12.103015075377	12.103015075377	12.103015075377	12.103015075377	12.103015075377	12.103015075377	12.103015075377	12.103015075377	12.103015075377	12.103015075377	12.103015075377	12.103015075377	12.103015075377	12.103015075377	12.103015075377	12.103015075377	12.103015075377	12.103015075377	12.103015075377	12.103015075377	12.103015075377	12.103015075377	12.103015075377	12.103015075377	12.103015075377	12.103015075377	12.103015075377	12.103015075377	12.103015075377	12.103015075377	12.103015075377	12.103015075377	12.103015075377	12.103015075377	12.103015075377	12.103015075377	12.103015075377	12.103015075377	12.103015075377	12.103015075377	12.103015075377	12.103015075377	12.103015075377	12.103015075377	12.103015075377	12.103015075377	12.103015075377	12.103015075377	12.103015075377	12.103015075377	12.103015075377	12.103015075377	12.103015075377	12.103015075377	12.103015075377	12.103015075377	12.103015075377	12.103015075377	12.103015075377	12.103015075377	12.103015075377
12.319095477387	12.319095477387	12.319095477387	12.319095477387	12.319095477387	12.319095477387	12.319095477387	12.319095477387	12.319095477387	12.319095477387	12.319095477387	12.319095477387	12.319095477387	12.319095477387	12.319095477387	12.319095477387	12.319095477387	12.319095477387	12.319095477387	12.319095477387	12.319095477387	12.319095477387	12.319095477387	12.319095477387	12.319095477387	12.319095477387	12.319095477387	12.319095477387	12.319095477387	12.319095477387	12.319095477387	12.319095477387	12.319095477387	12.319095477387	12.319095477387	12.319095477387	12.319095477387	12.319095477387	12.319095477387	12.319095477387	12.319095477387	12.319095477387	12.319095477387	12.319095477387	12.319095477387	12.319095477387	12.319095477387	12.319095477387	12.319095477387	12.319095477387	12.319095477387	12.319095477387	12.319095477387	12.319095477387	12.319095477387	12.319095477387	12.319095477387	12.319095477387	12.319095477387	12.319095477387	12.319095477387	12.319095477387	12.319095477387	12.319095477387	12.319095477387	12.319095477387	12.319095477387	12.319095477387	12.319095477387	12.319095477387	12.319095477387	12.319095477387	12.319095477387	12.319095477387	12.319095477387	12.319095477387	12.319095477387	12.319095477387	12.319095477387	12.319095477387	12.319095477387	12.319095477387	12.319095477387	12.319095477387	12.319095477387	12.319095477387	12.319095477387	12.319095477387	12.319095477387	12.319095477387	12.319095477387	12.319095477387	12.319095477387	12.319095477387	12.319095477387	12.319095477387	12.319095477387	12.319095477387	12.319095477387	12.319095477387	12.319095477387	12.319095477387	12.319095477387	12.319095477387	12.319095477387	12.319095477387	12.319095477387	12.319095477387	12.319095477387	12.319095477387	12.319095477387	12.319095477387	12.319095477387	12.319095477387	12.319095477387	12.319095477387	12.319095477387	12.319095477387	12.319095477387	12.319095477387	12.319095477387	12.319095477387	12.319095477387	12.319095477387	12.319095477387	12.319095477387	12.319095477387	12.319095477387	12.319095477387	12.319095477387	12.319095477387	12.319095477387	12.319095477387	12.319095477387	12.319095477387	12.319095477387	12.319095477387	12.319095477387	12.319095477387	12.319095477387	12.319095477387	12.319095477387	12.319095477387	12.319095477387	12.319095477387	12.319095477387	12.319095477387	12.319095477387	12.319095477387	12.319095477387	12.319095477387	12.319095477387	12.319095477387	12.319095477387	12.319095477387	12.319095477387	12.319095477387	12.319095477387	12.319095477387	12.319095477387	12.319095477387	12.319095477387	12.319095477387	12.319095477387	12.319095477387	12.319095477387	12.319095477387	12.319095477387	12.319095477387	12.319095477387	12.319095477387	12.319095477387	12.319095477387	12.319095477387	12.319095477387	12.319095477387	12.319095477387	12.319095477387	12.319095477387	12.319095477387	12.319095477387	12.319095477387	12.319095477387	12.319095477387	12.319095477387	12.319095477387	12.319095477387	12.319095477387	12.319095477387	12.319095477387	12.319095477387	12.319095477387	12.319095477387	12.319095477387	12.319095477387	12.319095477387	12.319095477387	12.319095477387	12.319095477387	12.319095477387
12.535175879397	12.535175879397	12.535175879397	12.535175879397	12.535175879397	12.535175879397	12.535175879397	12.535175879397	12.535175879397	12.535175879397	12.535175879397	12.535175879397	12.535175879397	12.535175879397	12.535175879397	12.535175879397	12.535175879397	12.535175879397	12.535175879397	12.535175879397	12.535175879397	12.535175879397	12.535175879397	12.535175879397	12.535175879397	12.535175879397	12.535175879397	12.535175879397	12.535175879397	12.535175879397	12.535175879397	12.535175879397	12.535175879397	12.535175879397	12.535175879397	12.535175879397	12.535175879397	12.535175879397	12.535175879397	12.535175879397	12.535175879397	12.535175879397	12.535175879397	12.535175879397	12.535175879397	12.535175879397	12.535175879397	12.535175879397	12.535175879397	12.535175879397	12.535175879397	12.535175879397	12.535175879397	12.535175879397	12.535175879397	12.535175879397	12.535175879397	12.535175879397	12.535175879397	12.535175879397	12.535175879397	12.535175879397	12.535175879397	12.535175879397	12.535175879397	12.535175879397	12.535175879397	12.535175879397	12.535175879397	12.535175879397	12.535175879397	12.535175879397	12.535175879397	12.535175879397	12.535175879397	12.535175879397	12.535175879397	12.535175879397	12.535175879397	12.535175879397	12.535175879397	12.535175879397	12.535175879397	12.535175879397	12.535175879397	12.535175879397	12.535175879397	12.535175879397	12.535175879397	12.535175879397	12.535175879397	12.535175879397	12.535175879397	12.535175879397	12.535175879397	12.535175879397	12.535175879397	12.535175879397	12.535175879397	12.535175879397	12.535175879397	12.535175879397	12.535175879397	12.535175879397	12.535175879397	12.535175879397	12.535175879397	12.535175879397	12.535175879397	12.535175879397	12.535175879397	12.535175879397	12.535175879397	12.535175879397	12.535175879397	12.535175879397	12.535175879397	12.535175879397	12.535175879397	12.535175879397	12.535175879397	12.535175879397	12.535175879397	12.535175879397	12.535175879397	12.535175879397	12.535175879397	12.535175879397	12.535175879397	12.535175879397	12.535175879397	12.535175879397	12.535175879397	12.535175879397	12.535175879397	12.535175879397	12.535175879397	12.535175879397	12.535175879397	12.535175879397	12.535175879397	12.535175879397	12.535175879397	12.535175879397	12.535175879397	12.535175879397	12.535175879397	12.535175879397	12.535175879397	12.535175879397	12.535175879397	12.535175879397	12.535175879397	12.535175879397	12.535175879397	12.535175879397	12.535175879397	12.535175879397	12.535175879397	12.535175879397	12.535175879397	12.535175879397	12.535175879397	12.535175879397	12.535175879397	12.535175879397	12.535175879397	12.535175879397	12.535175879397	12.535175879397	12.535175879397	12.535175879397	12.535175879397	12.535175879397	12.535175879397	12.535175879397	12.535175879397	12.535175879397	12.535175879397	12.535175879397	12.535175879397	12.535175879397	12.535175879397	12.535175879397	12.535175879397	12.535175879397	12.535175879397	12.535175879397	12.535175879397	12.535175879397	12.535175879397	12.535175879397	12.535175879397	12.535175879397	12.535175879397	12.535175879397	12.535175879397	12.535175879397	12.535175879397	12.535175879397
12.751256281407	12.751256281407	12.751256281407	12.751256281407	12.751256281407	12.751256281407	12.751256281407	12.751256281407	12.751256281407	12.751256281407	12.751256281407	12.751256281407	12.751256281407	12.751256281407	12.751256281407	12.751256281407	12.751256281407	12.751256281407	12.751256281407	12.751256281407	12.751256281407	12.751256281407	12.751256281407	12.751256281407	12.751256281407	12.751256281407	12.751256281407	12.751256281407	12.751256281407	12.751256281407	12.751256281407	12.751256281407	12.751256281407	12.751256281407	12.751256281407	12.751256281407	12.751256281407	12.751256281407	12.751256281407	12.751256281407	12.751256281407	12.751256281407	12.751256281407	12.751256281407	12.751256281407	12.751256281407	12.751256281407	12.751256281407	12.751256281407	12.751256281407	12.751256281407	12.751256281407	12.751256281407	12.751256281407	12.751256281407	12.751256281407	12.751256281407	12.751256281407	12.751256281407	12.751256281407	12.751256281407	12.751256281407	12.751256281407	12.751256281407	12.751256281407	12.751256281407	12.751256281407	12.751256281407	12.751256281407	12.751256281407	12.751256281407	12.751256281407	12.751256281407	12.751256281407	12.751256281407	12.751256281407	12.751256281407	12.751256281407	12.751256281407	12.751256281407	12.751256281407	12.751256281407	12.751256281407	12.751256281407	12.751256281407	12.751256281407	12.751256281407	12.751256281407	12.751256281407	12.751256281407	12.751256281407	12.751256281407	12.751256281407	12.751256281407	12.751256281407	12.751256281407	12.751256281407	12.751256281407	12.751256281407	12.751256281407	12.751256281407	12.751256281407	12.751256281407	12.751256281407	12.751256281407	12.751256281407	12.751256281407	12.751256281407	12.751256281407	12.751256281407	12.751256281407	12.751256281407	12.751256281407	12.751256281407	12.751256281407	12.751256281407	12.751256281407	12.751256281407	12.751256281407	12.751256281407	12.751256281407	12.751256281407	12.751256281407	12.751256281407	12.751256281407	12.751256281407	12.751256281407	12.751256281407	12.751256281407	12.751256281407	12.751256281407	12.751256281407	12.751256281407	12.751256281407	12.751256281407	12.751256281407	12.751256281407	12.751256281407	12.751256281407	12.751256281407	12.751256281407	12.751256281407	12.751256281407	12.751256281407	12.751256281407	12.751256281407	12.751256281407	12.751256281407	12.751256281407	12.751256281407	12.751256281407	12.751256281407	12.751256281407	12.751256281407	12.751256281407	12.751256281407	12.751256281407	12.751256281407	12.751256281407	12.751256281407	12.751256281407	12.751256281407	12.751256281407	12.751256281407	12.751256281407	12.751256281407	12.751256281407	12.751256281407	12.751256281407	12.751256281407	12.751256281407	12.751256281407	12.751256281407	12.751256281407	12.751256281407	12.751256281407	12.751256281407	12.751256281407	12.751256281407	12.751256281407	12.751256281407	12.751256281407	12.751256281407	12.751256281407	12.751256281407	12.751256281407	12.751256281407	12.751256281407	12.751256281407	12.751256281407	12.751256281407	12.751256281407	12.751256281407	12.751256281407	12.751256281407	12.751256281407	12.751256281407	12.751256281407	12.751256281407	12.751256281407
12.967336683417	12.967336683417	12.967336683417	12.967336683417	12.967336683417	12.967336683417	12.967336683417	12.967336683417	12.967336683417	12.967336683417	12.967336683417	12.967336683417	12.967336683417	12.967336683417	12.967336683417	12.967336683417	12.967336683417	12.967336683417	12.967336683417	12.967336683417	12.967336683417	12.967336683417	12.967336683417	12.967336683417	12.967336683417	12.967336683417	12.967336683417	12.967336683417	12.967336683417	12.967336683417	12.967336683417	12.967336683417	12.967336683417	12.967336683417	12.967336683417	12.967336683417	12.967336683417	12.967336683417	12.967336683417	12.967336683417	12.967336683417	12.967336683417	12.967336683417	12.967336683417	12.967336683417	12.967336683417	12.967336683417	12.967336683417	12.967336683417	12.967336683417	12.967336683417	12.967336683417	12.967336683417	12.967336683417	12.967336683417	12.967336683417	12.967336683417	12.967336683417	12.967336683417	12.967336683417	12.967336683417	12.967336683417	12.967336683417	12.967336683417	12.967336683417	12.967336683417	12.967336683417	12.967336683417	12.967336683417	12.967336683417	12.967336683417	12.967336683417	12.967336683417	12.967336683417	12.967336683417	12.967336683417	12.967336683417	12.967336683417	12.967336683417	12.967336683417	12.967336683417	12.967336683417	12.967336683417	12.967336683417	12.967336683417	12.967336683417	12.967336683417	12.967336683417	12.967336683417	12.967336683417	12.967336683417	12.967336683417	12.967336683417	12.967336683417	12.967336683417	12.967336683417	12.967336683417	12.967336683417	12.967336683417	12.967336683417	12.967336683417	12.967336683417	12.967336683417	12.967336683417	12.967336683417	12.967336683417	12.967336683417	12.967336683417	12.967336683417	12.967336683417	12.967336683417	12.967336683417	12.967336683417	12.967336683417	12.967336683417	12.967336683417	12.967336683417	12.967336683417	12.967336683417	12.967336683417	12.967336683417	12.967336683417	12.967336683417	12.967336683417	12.967336683417	12.967336683417	12.967336683417	12.967336683417	12.967336683417	12.967336683417	12.967336683417	12.967336683417	12.967336683417	12.967336683417	12.967336683417	12.967336683417	12.967336683417	12.967336683417	12.967336683417	12.967336683417	12.967336683417	12.967336683417	12.967336683417	12.967336683417	12.967336683417	12.967336683417	12.967336683417	12.967336683417	12.967336683417	12.967336683417	12.967336683417	12.967336683417	12.967336683417	12.967336683417	12.967336683417	12.967336683417	12.967336683417	12.967336683417	12.967336683417	12.967336683417	12.967336683417	12.967336683417	12.967336683417	12.967336683417	12.967336683417	12.967336683417	12.967336683417	12.967336683417	12.967336683417	12.967336683417	12.967336683417	12.967336683417	12.967336683417	12.967336683417	12.967336683417	12.967336683417	12.967336683417	12.967336683417	12.967336683417	12.967336683417	12.967336683417	12.967336683417	12.967336683417	12.967336683417	12.967336683417	12.967336683417	12.967336683417	12.967336683417	12.967336683417	12.967336683417	12.967336683417	12.967336683417	12.967336683417	12.967336683417	12.967336683417	12.967336683417	12.967336683417	12.967336683417	12.967336683417	12.967336683417
13.183417085427	13.183417085427	13.183417085427	13.183417085427	13.183417085427	13.183417085427	13.183417085427	13.183417085427	13.183417085427	13.183417085427	13.183417085427	13.183417085427	13.183417085427	13.183417085427	13.183417085427	13.183417085427	13.183417085427	13.183417085427	13.183417085427	13.183417085427	13.183417085427	13.183417085427	13.183417085427	13.183417085427	13.183417085427	13.183417085427	13.183417085427	13.183417085427	13.183417085427	13.183417085427	13.183417085427	13.183417085427	13.183417085427	13.183417085427	13.183417085427	13.183417085427	13.183417085427	13.183417085427	13.183417085427	13.183417085427	13.183417085427	13.183417085427	13.183417085427	13.183417085427	13.183417085427	13.183417085427	13.183417085427	13.183417085427	13.183417085427	13.183417085427	13.183417085427	13.183417085427	13.183417085427	13.183417085427	13.183417085427	13.183417085427	13.183417085427	13.183417085427	13.183417085427	13.183417085427	13.183417085427	13.183417085427	13.183417085427	13.183417085427	13.183417085427	13.183417085427	13.183417085427	13.183417085427	13.183417085427	13.183417085427	13.183417085427	13.183417085427	13.183417085427	13.183417085427	13.183417085427	13.183417085427	13.183417085427	13.183417085427	13.183417085427	13.183417085427	13.183417085427	13.183417085427	13.183417085427	13.183417085427	13.183417085427	13.183417085427	13.183417085427	13.183417085427	13.183417085427	13.183417085427	13.183417085427	13.183417085427	13.183417085427	13.183417085427	13.183417085427	13.183417085427	13.183417085427	13.183417085427	13.183417085427	13.183417085427	13.183417085427	13.183417085427	13.183417085427	13.183417085427	13.183417085427	13.183417085427	13.183417085427	13.183417085427	13.183417085427	13.183417085427	13.183417085427	13.183417085427	13.183417085427	13.183417085427	13.183417085427	13.183417085427	13.183417085427	13.183417085427	13.183417085427	13.183417085427	13.183417085427	13.183417085427	13.183417085427	13.183417085427	13.183417085427	13.183417085427	13.183417085427	13.183417085427	13.183417085427	13.183417085427	13.183417085427	13.183417085427	13.183417085427	13.183417085427	13.183417085427	13.183417085427	13.183417085427	13.183417085427	13.183417085427	13.183417085427	13.183417085427	13.183417085427	13.183417085427	13.183417085427	13.183417085427	13.183417085427	13.183417085427	13.183417085427	13.183417085427	13.183417085427	13.183417085427	13.183417085427	13.183417085427	13.183417085427	13.183417085427	13.183417085427	13.183417085427	13.183417085427	13.183417085427	13.183417085427	13.183417085427	13.183417085427	13.183417085427	13.183417085427	13.183417085427	13.183417085427	13.183417085427	13.183417085427	13.183417085427	13.183417085427	13.183417085427	13.183417085427	13.183417085427	13.183417085427	13.183417085427	13.183417085427	13.183417085427	13.183417085427	13.183417085427	13.183417085427	13.183417085427	13.183417085427	13.183417085427	13.183417085427	13.183417085427	13.183417085427	13.183417085427	13.183417085427	13.183417085427	13.183417085427	13.183417085427	13.183417085427	13.183417085427	13.183417085427	13.183417085427	13.183417085427	13.183417085427	13.183417085427	13.183417085427	13.183417085427
13.399497487437	13.399497487437	13.399497487437	13.399497487437	13.399497487437	13.399497487437	13.399497487437	13.399497487437	13.399497487437	13.399497487437	13.399497487437	13.399497487437	13.399497487437	13.399497487437	13.399497487437	13.399497487437	13.399497487437	13.399497487437	13.399497487437	13.399497487437	13.399497487437	13.399497487437	13.399497487437	13.399497487437	13.399497487437	13.399497487437	13.399497487437	13.399497487437	13.399497487437	13.399497487437	13.399497487437	13.399497487437	13.399497487437	13.399497487437	13.399497487437	13.399497487437	13.399497487437	13.399497487437	13.399497487437	13.399497487437	13.399497487437	13.399497487437	13.399497487437	13.399497487437	13.399497487437	13.399497487437	13.399497487437	13.399497487437	13.399497487437	13.399497487437	13.399497487437	13.399497487437	13.399497487437	13.399497487437	13.399497487437	13.399497487437	13.399497487437	13.399497487437	13.399497487437	13.399497487437	13.399497487437	13.399497487437	13.399497487437	13.399497487437	13.399497487437	13.399497487437	13.399497487437	13.399497487437	13.399497487437	13.399497487437	13.399497487437	13.399497487437	13.399497487437	13.399497487437	13.399497487437	13.399497487437	13.399497487437	13.399497487437	13.399497487437	13.399497487437	13.399497487437	13.399497487437	13.399497487437	13.399497487437	13.399497487437	13.399497487437	13.399497487437	13.399497487437	13.399497487437	13.399497487437	13.399497487437	13.399497487437	13.399497487437	13.399497487437	13.399497487437	13.399497487437	13.399497487437	13.399497487437	13.399497487437	13.399497487437	13.399497487437	13.399497487437	13.399497487437	13.399497487437	13.399497487437	13.399497487437	13.399497487437	13.399497487437	13.399497487437	13.399497487437	13.399497487437	13.399497487437	13.399497487437	13.399497487437	13.399497487437	13.399497487437	13.399497487437	13.399497487437	13.399497487437	13.399497487437	13.399497487437	13.399497487437	13.399497487437	13.399497487437	13.399497487437	13.399497487437	13.399497487437	13.399497487437	13.399497487437	13.399497487437	13.399497487437	13.399497487437	13.399497487437	13.399497487437	13.399497487437	13.399497487437	13.399497487437	13.399497487437	13.399497487437	13.399497487437	13.399497487437	13.399497487437	13.399497487437	13.399497487437	13.399497487437	13.399497487437	13.399497487437	13.399497487437	13.399497487437	13.399497487437	13.399497487437	13.399497487437	13.399497487437	13.399497487437	13.399497487437	13.399497487437	13.399497487437	13.399497487437	13.399497487437	13.399497487437	13.399497487437	13.399497487437	13.399497487437	13.399497487437	13.399497487437	13.399497487437	13.399497487437	13.399497487437	13.399497487437	13.399497487437	13.399497487437	13.399497487437	13.399497487437	13.399497487437	13.399497487437	13.399497487437	13.399497487437	13.399497487437	13.399497487437	13.399497487437	13.399497487437	13.399497487437	13.399497487437	13.399497487437	13.399497487437	13.399497487437	13.399497487437	13.399497487437	13.399497487437	13.399497487437	13.399497487437	13.399497487437	13.399497487437	13.399497487437	13.399497487437	13.399497487437	13.399497487437	13.399497487437	13.399497487437	13.399497487437
13.615577889447	13.615577889447	13.615577889447	13.615577889447	13.615577889447	13.615577889447	13.615577889447	13.615577889447	13.615577889447	13.615577889447	13.615577889447	13.615577889447	13.615577889447	13.615577889447	13.615577889447	13.615577889447	13.615577889447	13.615577889447	13.615577889447	13.615577889447	13.615577889447	13.615577889447	13.615577889447	13.615577889447	13.615577889447	13.615577889447	13.615577889447	13.615577889447	13.615577889447	13.615577889447	13.615577889447	13.615577889447	13.615577889447	13.615577889447	13.615577889447	13.615577889447	13.615577889447	13.615577889447	13.615577889447	13.615577889447	13.615577889447	13.615577889447	13.615577889447	13.615577889447	13.615577889447	13.615577889447	13.615577889447	13.615577889447	13.615577889447	13.615577889447	13.615577889447	13.615577889447	13.615577889447	13.615577889447	13.615577889447	13.615577889447	13.615577889447	13.615577889447	13.615577889447	13.615577889447	13.615577889447	13.615577889447	13.615577889447	13.615577889447	13.615577889447	13.615577889447	13.615577889447	13.615577889447	13.615577889447	13.615577889447	13.615577889447	13.615577889447	13.615577889447	13.615577889447	13.615577889447	13.615577889447	13.615577889447	13.615577889447	13.615577889447	13.615577889447	13.615577889447	13.615577889447	13.615577889447	13.615577889447	13.615577889447	13.615577889447	13.615577889447	13.615577889447	13.615577889447	13.615577889447	13.615577889447	13.615577889447	13.615577889447	13.615577889447	13.615577889447	13.615577889447	13.615577889447	13.615577889447	13.615577889447	13.615577889447	13.615577889447	13.615577889447	13.615577889447	13.615577889447	13.615577889447	13.615577889447	13.615577889447	13.615577889447	13.615577889447	13.615577889447	13.615577889447	13.615577889447	13.615577889447	13.615577889447	13.615577889447	13.615577889447	13.615577889447	13.615577889447	13.615577889447	13.615577889447	13.615577889447	13.615577889447	13.615577889447	13.615577889447	13.615577889447	13.615577889447	13.615577889447	13.615577889447	13.615577889447	13.615577889447	13.615577889447	13.615577889447	13.615577889447	13.615577889447	13.615577889447	13.615577889447	13.615577889447	13.615577889447	13.615577889447	13.615577889447	13.615577889447	13.615577889447	13.615577889447	13.615577889447	13.615577889447	13.615577889447	13.615577889447	13.615577889447	13.615577889447	13.615577889447	13.615577889447	13.615577889447	13.615577889447	13.615577889447	13.615577889447	13.615577889447	13.615577889447	13.615577889447	13.615577889447	13.615577889447	13.615577889447	13.615577889447	13.615577889447	13.615577889447	13.615577889447	13.615577889447	13.615577889447	13.615577889447	13.615577889447	13.615577889447	13.615577889447	13.615577889447	13.615577889447	13.615577889447	13.615577889447	13.615577889447	13.615577889447	13.615577889447	13.615577889447	13.615577889447	13.615577889447	13.615577889447	13.615577889447	13.615577889447	13.615577889447	13.615577889447	13.615577889447	13.615577889447	13.615577889447	13.615577889447	13.615577889447	13.615577889447	13.615577889447	13.615577889447	13.615577889447	13.615577889447	13.615577889447	13.615577889447	13.615577889447	13.615577889447
13.831658291457	13.831658291457	13.831658291457	13.831658291457	13.831658291457	13.831658291457	13.831658291457	13.831658291457	13.831658291457	13.831658291457	13.831658291457	13.831658291457	13.831658291457	13.831658291457	13.831658291457	13.831658291457	13.831658291457	13.831658291457	13.831658291457	13.831658291457	13.831658291457	13.831658291457	13.831658291457	13.831658291457	13.831658291457	13.831658291457	13.831658291457	13.831658291457	13.831658291457	13.831658291457	13.831658291457	13.831658291457	13.831658291457	13.831658291457	13.831658291457	13.831658291457	13.831658291457	13.831658291457	13.831658291457	13.831658291457	13.831658291457	13.831658291457	13.831658291457	13.831658291457	13.831658291457	13.831658291457	13.831658291457	13.831658291457	13.831658291457	13.831658291457	13.831658291457	13.831658291457	13.831658291457	13.831658291457	13.831658291457	13.831658291457	13.831658291457	13.831658291457	13.831658291457	13.831658291457	13.831658291457	13.831658291457	13.831658291457	13.831658291457	13.831658291457	13.831658291457	13.831658291457	13.831658291457	13.831658291457	13.831658291457	13.831658291457	13.831658291457	13.831658291457	13.831658291457	13.831658291457	13.831658291457	13.831658291457	13.831658291457	13.831658291457	13.831658291457	13.831658291457	13.831658291457	13.831658291457	13.831658291457	13.831658291457	13.831658291457	13.831658291457	13.831658291457	13.831658291457	13.831658291457	13.831658291457	13.831658291457	13.831658291457	13.831658291457	13.831658291457	13.831658291457	13.831658291457	13.831658291457	13.831658291457	13.831658291457	13.831658291457	13.831658291457	13.831658291457	13.831658291457	13.831658291457	13.831658291457	13.831658291457	13.831658291457	13.831658291457	13.831658291457	13.831658291457	13.831658291457	13.831658291457	13.831658291457	13.831658291457	13.831658291457	13.831658291457	13.831658291457	13.831658291457	13.831658291457	13.831658291457	13.831658291457	13.831658291457	13.831658291457	13.831658291457	13.831658291457	13.831658291457	13.831658291457	13.831658291457	13.831658291457	13.831658291457	13.831658291457	13.831658291457	13.831658291457	13.831658291457	13.831658291457	13.831658291457	13.831658291457	13.831658291457	13.831658291457	13.831658291457	13.831658291457	13.831658291457	13.831658291457	13.831658291457	13.831658291457	13.831658291457	13.831658291457	13.831658291457	13.831658291457	13.831658291457	13.831658291457	13.831658291457	13.831658291457	13.831658291457	13.831658291457	13.831658291457	13.831658291457	13.831658291457	13.831658291457	13.831658291457	13.831658291457	13.831658291457	13.831658291457	13.831658291457	13.831658291457	13.831658291457	13.831658291457	13.831658291457	13.831658291457	13.831658291457	13.831658291457	13.831658291457	13.831658291457	13.831658291457	13.831658291457	13.831658291457	13.831658291457	13.831658291457	13.831658291457	13.831658291457	13.831658291457	13.831658291457	13.831658291457	13.831658291457	13.831658291457	13.831658291457	13.831658291457	13.831658291457	13.831658291457	13.831658291457	13.831658291457	13.831658291457	13.831658291457	13.831658291457	13.831658291457	13.831658291457	13.831658291457	13.831658291457	13.831658291457
14.047738693467	14.047738693467	14.047738693467	14.047738693467	14.047738693467	14.047738693467	14.047738693467	14.047738693467	14.047738693467	14.047738693467	14.047738693467	14.047738693467	14.047738693467	14.047738693467	14.047738693467	14.047738693467	14.047738693467	14.047738693467	14.047738693467	14.047738693467	14.047738693467	14.047738693467	14.047738693467	14.047738693467	14.047738693467	14.047738693467	14.047738693467	14.047738693467	14.047738693467	14.047738693467	14.047738693467	14.047738693467	14.047738693467	14.047738693467	14.047738693467	14.047738693467	14.047738693467	14.047738693467	14.047738693467	14.047738693467	14.047738693467	14.047738693467	14.047738693467	14.047738693467	14.047738693467	14.047738693467	14.047738693467	14.047738693467	14.047738693467	14.047738693467	14.047738693467	14.047738693467	14.047738693467	14.047738693467	14.047738693467	14.047738693467	14.047738693467	14.047738693467	14.047738693467	14.047738693467	14.047738693467	14.047738693467	14.047738693467	14.047738693467	14.047738693467	14.047738693467	14.047738693467	14.047738693467	14.047738693467	14.047738693467	14.047738693467	14.047738693467	14.047738693467	14.047738693467	14.047738693467	14.047738693467	14.047738693467	14.047738693467	14.047738693467	14.047738693467	14.047738693467	14.047738693467	14.047738693467	14.047738693467	14.047738693467	14.047738693467	14.047738693467	14.047738693467	14.047738693467	14.047738693467	14.047738693467	14.047738693467	14.047738693467	14.047738693467	14.047738693467	14.047738693467	14.047738693467	14.047738693467	14.047738693467	14.047738693467	14.047738693467	14.047738693467	14.047738693467	14.047738693467	14.047738693467	14.047738693467	14.047738693467	14.047738693467	14.047738693467	14.047738693467	14.047738693467	14.047738693467	14.047738693467	14.047738693467	14.047738693467	14.047738693467	14.047738693467	14.047738693467	14.047738693467	14.047738693467	14.047738693467	14.047738693467	14.047738693467	14.047738693467	14.047738693467	14.047738693467	14.047738693467	14.047738693467	14.047738693467	14.047738693467	14.047738693467	14.047738693467	14.047738693467	14.047738693467	14.047738693467	14.047738693467	14.047738693467	14.047738693467	14.047738693467	14.047738693467	14.047738693467	14.047738693467	14.047738693467	14.047738693467	14.047738693467	14.047738693467	14.047738693467	14.047738693467	14.047738693467	14.047738693467	14.047738693467	14.047738693467	14.047738693467	14.047738693467	14.047738693467	14.047738693467	14.047738693467	14.047738693467	14.047738693467	14.047738693467	14.047738693467	14.047738693467	14.047738693467	14.047738693467	14.047738693467	14.047738693467	14.047738693467	14.047738693467	14.047738693467	14.047738693467	14.047738693467	14.047738693467	14.047738693467	14.047738693467	14.047738693467	14.047738693467	14.047738693467	14.047738693467	14.047738693467	14.047738693467	14.047738693467	14.047738693467	14.047738693467	14.047738693467	14.047738693467	14.047738693467	14.047738693467	14.047738693467	14.047738693467	14.047738693467	14.047738693467	14.047738693467	14.047738693467	14.047738693467	14.047738693467	14.047738693467	14.047738693467	14.047738693467	14.047738693467	14.047738693467
14.263819095477	14.263819095477	14.263819095477	14.263819095477	14.263819095477	14.263819095477	14.263819095477	14.263819095477	14.263819095477	14.263819095477	14.263819095477	14.263819095477	14.263819095477	14.263819095477	14.263819095477	14.263819095477	14.263819095477	14.263819095477	14.263819095477	14.263819095477	14.263819095477	14.263819095477	14.263819095477	14.263819095477	14.263819095477	14.263819095477	14.263819095477	14.263819095477	14.263819095477	14.263819095477	14.263819095477	14.263819095477	14.263819095477	14.263819095477	14.263819095477	14.263819095477	14.263819095477	14.263819095477	14.263819095477	14.263819095477	14.263819095477	14.263819095477	14.263819095477	14.263819095477	14.263819095477	14.263819095477	14.263819095477	14.263819095477	14.263819095477	14.263819095477	14.263819095477	14.263819095477	14.263819095477	14.263819095477	14.263819095477	14.263819095477	14.263819095477	14.263819095477	14.263819095477	14.263819095477	14.263819095477	14.263819095477	14.263819095477	14.263819095477	14.263819095477	14.263819095477	14.263819095477	14.263819095477	14.263819095477	14.263819095477	14.263819095477	14.263819095477	14.263819095477	14.263819095477	14.263819095477	14.263819095477	14.263819095477	14.263819095477	14.263819095477	14.263819095477	14.263819095477	14.263819095477	14.263819095477	14.263819095477	14.263819095477	14.263819095477	14.263819095477	14.263819095477	14.263819095477	14.263819095477	14.263819095477	14.263819095477	14.263819095477	14.263819095477	14.263819095477	14.263819095477	14.263819095477	14.263819095477	14.263819095477	14.263819095477	14.263819095477	14.263819095477	14.263819095477	14.263819095477	14.263819095477	14.263819095477	14.263819095477	14.263819095477	14.263819095477	14.263819095477	14.263819095477	14.263819095477	14.263819095477	14.263819095477	14.263819095477	14.263819095477	14.263819095477	14.263819095477	14.263819095477	14.263819095477	14.263819095477	14.263819095477	14.263819095477	14.263819095477	14.263819095477	14.263819095477	14.263819095477	14.263819095477	14.263819095477	14.263819095477	14.263819095477	14.263819095477	14.263819095477	14.263819095477	14.263819095477	14.263819095477	14.263819095477	14.263819095477	14.263819095477	14.263819095477	14.263819095477	14.263819095477	14.263819095477	14.263819095477	14.263819095477	14.263819095477	14.263819095477	14.263819095477	14.263819095477	14.263819095477	14.263819095477	14.263819095477	14.263819095477	14.263819095477	14.263819095477	14.263819095477	14.263819095477	14.263819095477	14.263819095477	14.263819095477	14.263819095477	14.263819095477	14.263819095477	14.263819095477	14.263819095477	14.263819095477	14.263819095477	14.263819095477	14.263819095477	14.263819095477	14.263819095477	14.263819095477	14.263819095477	14.263819095477	14.263819095477	14.263819095477	14.263819095477	14.263819095477	14.263819095477	14.263819095477	14.263819095477	14.263819095477	14.263819095477	14.263819095477	14.263819095477	14.263819095477	14.263819095477	14.263819095477	14.263819095477	14.263819095477	14.263819095477	14.263819095477	14.263819095477	14.263819095477	14.263819095477	14.263819095477	14.263819095477	14.263819095477	14.263819095477	14.263819095477
14.479899497487	14.479899497487	14.479899497487	14.479899497487	14.479899497487	14.479899497487	14.479899497487	14.479899497487	14.479899497487	14.479899497487	14.479899497487	14.479899497487	14.479899497487	14.479899497487	14.479899497487	14.479899497487	14.479899497487	14.479899497487	14.479899497487	14.479899497487	14.479899497487	14.479899497487	14.479899497487	14.479899497487	14.479899497487	14.479899497487	14.479899497487	14.479899497487	14.479899497487	14.479899497487	14.479899497487	14.479899497487	14.479899497487	14.479899497487	14.479899497487	14.479899497487	14.479899497487	14.479899497487	14.479899497487	14.479899497487	14.479899497487	14.479899497487	14.479899497487	14.479899497487	14.479899497487	14.479899497487	14.479899497487	14.479899497487	14.479899497487	14.479899497487	14.479899497487	14.479899497487	14.479899497487	14.479899497487	14.479899497487	14.479899497487	14.479899497487	14.479899497487	14.479899497487	14.479899497487	14.479899497487	14.479899497487	14.479899497487	14.479899497487	14.479899497487	14.479899497487	14.479899497487	14.479899497487	14.479899497487	14.479899497487	14.479899497487	14.479899497487	14.479899497487	14.479899497487	14.479899497487	14.479899497487	14.479899497487	14.479899497487	14.479899497487	14.479899497487	14.479899497487	14.479899497487	14.479899497487	14.479899497487	14.479899497487	14.479899497487	14.479899497487	14.479899497487	14.479899497487	14.479899497487	14.479899497487	14.479899497487	14.479899497487	14.479899497487	14.479899497487	14.479899497487	14.479899497487	14.479899497487	14.479899497487	14.479899497487	14.479899497487	14.479899497487	14.479899497487	14.479899497487	14.479899497487	14.479899497487	14.479899497487	14.479899497487	14.479899497487	14.479899497487	14.479899497487	14.479899497487	14.479899497487	14.479899497487	14.479899497487	14.479899497487	14.479899497487	14.479899497487	14.479899497487	14.479899497487	14.479899497487	14.479899497487	14.479899497487	14.479899497487	14.479899497487	14.479899497487	14.479899497487	14.479899497487	14.479899497487	14.479899497487	14.479899497487	14.479899497487	14.479899497487	14.479899497487	14.479899497487	14.479899497487	14.479899497487	14.479899497487	14.479899497487	14.479899497487	14.479899497487	14.479899497487	14.479899497487	14.479899497487	14.479899497487	14.479899497487	14.479899497487	14.479899497487	14.479899497487	14.479899497487	14.479899497487	14.479899497487	14.479899497487	14.479899497487	14.479899497487	14.479899497487	14.479899497487	14.479899497487	14.479899497487	14.479899497487	14.479899497487	14.479899497487	14.479899497487	14.479899497487	14.479899497487	14.479899497487	14.479899497487	14.479899497487	14.479899497487	14.479899497487	14.479899497487	14.479899497487	14.479899497487	14.479899497487	14.479899497487	14.479899497487	14.479899497487	14.479899497487	14.479899497487	14.479899497487	14.479899497487	14.479899497487	14.479899497487	14.479899497487	14.479899497487	14.479899497487	14.479899497487	14.479899497487	14.479899497487	14.479899497487	14.479899497487	14.479899497487	14.479899497487	14.479899497487	14.479899497487	14.479899497487	14.479899497487	14.479899497487	14.479899497487	14.479899497487
14.695979899497	14.695979899497	14.695979899497	14.695979899497	14.695979899497	14.695979899497	14.695979899497	14.695979899497	14.695979899497	14.695979899497	14.695979899497	14.695979899497	14.695979899497	14.695979899497	14.695979899497	14.695979899497	14.695979899497	14.695979899497	14.695979899497	14.695979899497	14.695979899497	14.695979899497	14.695979899497	14.695979899497	14.695979899497	14.695979899497	14.695979899497	14.695979899497	14.695979899497	14.695979899497	14.695979899497	14.695979899497	14.695979899497	14.695979899497	14.695979899497	14.695979899497	14.695979899497	14.695979899497	14.695979899497	14.695979899497	14.695979899497	14.695979899497	14.695979899497	14.695979899497	14.695979899497	14.695979899497	14.695979899497	14.695979899497	14.695979899497	14.695979899497	14.695979899497	14.695979899497	14.695979899497	14.695979899497	14.695979899497	14.695979899497	14.695979899497	14.695979899497	14.695979899497	14.695979899497	14.695979899497	14.695979899497	14.695979899497	14.695979899497	14.695979899497	14.695979899497	14.695979899497	14.695979899497	14.695979899497	14.695979899497	14.695979899497	14.695979899497	14.695979899497	14.695979899497	14.695979899497	14.695979899497	14.695979899497	14.695979899497	14.695979899497	14.695979899497	14.695979899497	14.695979899497	14.695979899497	14.695979899497	14.695979899497	14.695979899497	14.695979899497	14.695979899497	14.695979899497	14.695979899497	14.695979899497	14.695979899497	14.695979899497	14.695979899497	14.695979899497	14.695979899497	14.695979899497	14.695979899497	14.695979899497	14.695979899497	14.695979899497	14.695979899497	14.695979899497	14.695979899497	14.695979899497	14.695979899497	14.695979899497	14.695979899497	14.695979899497	14.695979899497	14.695979899497	14.695979899497	14.695979899497	14.695979899497	14.695979899497	14.695979899497	14.695979899497	14.695979899497	14.695979899497	14.695979899497	14.695979899497	14.695979899497	14.695979899497	14.695979899497	14.695979899497	14.695979899497	14.695979899497	14.695979899497	14.695979899497	14.695979899497	14.695979899497	14.695979899497	14.695979899497	14.695979899497	14.695979899497	14.695979899497	14.695979899497	14.695979899497	14.695979899497	14.695979899497	14.695979899497	14.695979899497	14.695979899497	14.695979899497	14.695979899497	14.695979899497	14.695979899497	14.695979899497	14.695979899497	14.695979899497	14.695979899497	14.695979899497	14.695979899497	14.695979899497	14.695979899497	14.695979899497	14.695979899497	14.695979899497	14.695979899497	14.695979899497	14.695979899497	14.695979899497	14.695979899497	14.695979899497	14.695979899497	14.695979899497	14.695979899497	14.695979899497	14.695979899497	14.695979899497	14.695979899497	14.695979899497	14.695979899497	14.695979899497	14.695979899497	14.695979899497	14.695979899497	14.695979899497	14.695979899497	14.695979899497	14.695979899497	14.695979899497	14.695979899497	14.695979899497	14.695979899497	14.695979899497	14.695979899497	14.695979899497	14.695979899497	14.695979899497	14.695979899497	14.695979899497	14.695979899497	14.695979899497	14.695979899497	14.695979899497	14.695979899497	14.695979899497	14.695979899497	14.695979899497
14.912060301508	14.912060301508	14.912060301508	14.912060301508	14.912060301508	14.912060301508	14.912060301508	14.912060301508	14.912060301508	14.912060301508	14.912060301508	14.912060301508	14.912060301508	14.912060301508	14.912060301508	14.912060301508	14.912060301508	14.912060301508	14.912060301508	14.912060301508	14.912060301508	14.912060301508	14.912060301508	14.912060301508	14.912060301508	14.912060301508	14.912060301508	14.912060301508	14.912060301508	14.912060301508	14.912060301508	14.912060301508	14.912060301508	14.912060301508	14.912060301508	14.912060301508	14.912060301508	14.912060301508	14.912060301508	14.912060301508	14.912060301508	14.912060301508	14.912060301508	14.912060301508	14.912060301508	14.912060301508	14.912060301508	14.912060301508	14.912060301508	14.912060301508	14.912060301508	14.912060301508	14.912060301508	14.912060301508	14.912060301508	14.912060301508	14.912060301508	14.912060301508	14.912060301508	14.912060301508	14.912060301508	14.912060301508	14.912060301508	14.912060301508	14.912060301508	14.912060301508	14.912060301508	14.912060301508	14.912060301508	14.912060301508	14.912060301508	14.912060301508	14.912060301508	14.912060301508	14.912060301508	14.912060301508	14.912060301508	14.912060301508	14.912060301508	14.912060301508	14.912060301508	14.912060301508	14.912060301508	14.912060301508	14.912060301508	14.912060301508	14.912060301508	14.912060301508	14.912060301508	14.912060301508	14.912060301508	14.912060301508	14.912060301508	14.912060301508	14.912060301508	14.912060301508	14.912060301508	14.912060301508	14.912060301508	14.912060301508	14.912060301508	14.912060301508	14.912060301508	14.912060301508	14.912060301508	14.912060301508	14.912060301508	14.912060301508	14.912060301508	14.912060301508	14.912060301508	14.912060301508	14.912060301508	14.912060301508	14.912060301508	14.912060301508	14.912060301508	14.912060301508	14.912060301508	14.912060301508	14.912060301508	14.912060301508	14.912060301508	14.912060301508	14.912060301508	14.912060301508	14.912060301508	14.912060301508	14.912060301508	14.912060301508	14.912060301508	14.912060301508	14.912060301508	14.912060301508	14.912060301508	14.912060301508	14.912060301508	14.912060301508	14.912060301508	14.912060301508	14.912060301508	14.912060301508	14.912060301508	14.912060301508	14.912060301508	14.912060301508	14.912060301508	14.912060301508	14.912060301508	14.912060301508	14.912060301508	14.912060301508	14.912060301508	14.912060301508	14.912060301508	14.912060301508	14.912060301508	14.912060301508	14.912060301508	14.912060301508	14.912060301508	14.912060301508	14.912060301508	14.912060301508	14.912060301508	14.912060301508	14.912060301508	14.912060301508	14.912060301508	14.912060301508	14.912060301508	14.912060301508	14.912060301508	14.912060301508	14.912060301508	14.912060301508	14.912060301508	14.912060301508	14.912060301508	14.912060301508	14.912060301508	14.912060301508	14.912060301508	14.912060301508	14.912060301508	14.912060301508	14.912060301508	14.912060301508	14.912060301508	14.912060301508	14.912060301508	14.912060301508	14.912060301508	14.912060301508	14.912060301508	14.912060301508	14.912060301508	14.912060301508	14.912060301508	14.912060301508
15.128140703518	15.128140703518	15.128140703518	15.128140703518	15.128140703518	15.128140703518	15.128140703518	15.128140703518	15.128140703518	15.128140703518	15.128140703518	15.128140703518	15.128140703518	15.128140703518	15.128140703518	15.128140703518	15.128140703518	15.128140703518	15.128140703518	15.128140703518	15.128140703518	15.128140703518	15.128140703518	15.128140703518	15.128140703518	15.128140703518	15.128140703518	15.128140703518	15.128140703518	15.128140703518	15.128140703518	15.128140703518	15.128140703518	15.128140703518	15.128140703518	15.128140703518	15.128140703518	15.128140703518	15.128140703518	15.128140703518	15.128140703518	15.128140703518	15.128140703518	15.128140703518	15.128140703518	15.128140703518	15.128140703518	15.128140703518	15.128140703518	15.128140703518	15.128140703518	15.128140703518	15.128140703518	15.128140703518	15.128140703518	15.128140703518	15.128140703518	15.128140703518	15.128140703518	15.128140703518	15.128140703518	15.128140703518	15.128140703518	15.128140703518	15.128140703518	15.128140703518	15.128140703518	15.128140703518	15.128140703518	15.128140703518	15.128140703518	15.128140703518	15.128140703518	15.128140703518	15.128140703518	15.128140703518	15.128140703518	15.128140703518	15.128140703518	15.128140703518	15.128140703518	15.128140703518	15.128140703518	15.128140703518	15.128140703518	15.128140703518	15.128140703518	15.128140703518	15.128140703518	15.128140703518	15.128140703518	15.128140703518	15.128140703518	15.128140703518	15.128140703518	15.128140703518	15.128140703518	15.128140703518	15.128140703518	15.128140703518	15.128140703518	15.128140703518	15.128140703518	15.128140703518	15.128140703518	15.128140703518	15.128140703518	15.128140703518	15.128140703518	15.128140703518	15.128140703518	15.128140703518	15.128140703518	15.128140703518	15.128140703518	15.128140703518	15.128140703518	15.128140703518	15.128140703518	15.128140703518	15.128140703518	15.128140703518	15.128140703518	15.128140703518	15.128140703518	15.128140703518	15.128140703518	15.128140703518	15.128140703518	15.128140703518	15.128140703518	15.128140703518	15.128140703518	15.128140703518	15.128140703518	15.128140703518	15.128140703518	15.128140703518	15.128140703518	15.128140703518	15.128140703518	15.128140703518	15.128140703518	15.128140703518	15.128140703518	15.128140703518	15.128140703518	15.128140703518	15.128140703518	15.128140703518	15.128140703518	15.128140703518	15.128140703518	15.128140703518	15.128140703518	15.128140703518	15.128140703518	15.128140703518	15.128140703518	15.128140703518	15.128140703518	15.128140703518	15.128140703518	15.128140703518	15.128140703518	15.128140703518	15.128140703518	15.128140703518	15.128140703518	15.128140703518	15.128140703518	15.128140703518	15.128140703518	15.128140703518	15.128140703518	15.128140703518	15.128140703518	15.128140703518	15.128140703518	15.128140703518	15.128140703518	15.128140703518	15.128140703518	15.128140703518	15.128140703518	15.128140703518	15.128140703518	15.128140703518	15.128140703518	15.128140703518	15.128140703518	15.128140703518	15.128140703518	15.128140703518	15.128140703518	15.128140703518	15.128140703518	15.128140703518	15.128140703518	15.128140703518
15.344221105528	15.344221105528	15.344221105528	15.344221105528	15.344221105528	15.344221105528	15.344221105528	15.344221105528	15.344221105528	15.344221105528	15.344221105528	15.344221105528	15.344221105528	15.344221105528	15.344221105528	15.344221105528	15.344221105528	15.344221105528	15.344221105528	15.344221105528	15.344221105528	15.344221105528	15.344221105528	15.344221105528	15.344221105528	15.344221105528	15.344221105528	15.344221105528	15.344221105528	15.344221105528	15.344221105528	15.344221105528	15.344221105528	15.344221105528	15.344221105528	15.344221105528	15.344221105528	15.344221105528	15.344221105528	15.344221105528	15.344221105528	15.344221105528	15.344221105528	15.344221105528	15.344221105528	15.344221105528	15.344221105528	15.344221105528	15.344221105528	15.344221105528	15.344221105528	15.344221105528	15.344221105528	15.344221105528	15.344221105528	15.344221105528	15.344221105528	15.344221105528	15.344221105528	15.344221105528	15.344221105528	15.344221105528	15.344221105528	15.344221105528	15.344221105528	15.344221105528	15.344221105528	15.344221105528	15.344221105528	15.344221105528	15.344221105528	15.344221105528	15.344221105528	15.344221105528	15.344221105528	15.344221105528	15.344221105528	15.344221105528	15.344221105528	15.344221105528	15.344221105528	15.344221105528	15.344221105528	15.344221105528	15.344221105528	15.344221105528	15.344221105528	15.344221105528	15.344221105528	15.344221105528	15.344221105528	15.344221105528	15.344221105528	15.344221105528	15.344221105528	15.344221105528	15.344221105528	15.344221105528	15.344221105528	15.344221105528	15.344221105528	15.344221105528	15.344221105528	15.344221105528	15.344221105528	15.344221105528	15.344221105528	15.344221105528	15.344221105528	15.344221105528	15.344221105528	15.344221105528	15.344221105528	15.344221105528	15.344221105528	15.344221105528	15.344221105528	15.344221105528	15.344221105528	15.344221105528	15.344221105528	15.344221105528	15.344221105528	15.344221105528	15.344221105528	15.344221105528	15.344221105528	15.344221105528	15.344221105528	15.344221105528	15.344221105528	15.344221105528	15.344221105528	15.344221105528	15.344221105528	15.344221105528	15.344221105528	15.344221105528	15.344221105528	15.344221105528	15.344221105528	15.344221105528	15.344221105528	15.344221105528	15.344221105528	15.344221105528	15.344221105528	15.344221105528	15.344221105528	15.344221105528	15.344221105528	15.344221105528	15.344221105528	15.344221105528	15.344221105528	15.344221105528	15.344221105528	15.344221105528	15.344221105528	15.344221105528	15.344221105528	15.344221105528	15.344221105528	15.344221105528	15.344221105528	15.344221105528	15.344221105528	15.344221105528	15.344221105528	15.344221105528	15.344221105528	15.344221105528	15.344221105528	15.344221105528	15.344221105528	15.344221105528	15.344221105528	15.344221105528	15.344221105528	15.344221105528	15.344221105528	15.344221105528	15.344221105528	15.344221105528	15.344221105528	15.344221105528	15.344221105528	15.344221105528	15.344221105528	15.344221105528	15.344221105528	15.344221105528	15.344221105528	15.344221105528	15.344221105528	15.344221105528	15.344221105528	15.344221105528	15.344221105528	15.344221105528
15.560301507538	15.560301507538	15.560301507538	15.560301507538	15.560301507538	15.560301507538	15.560301507538	15.560301507538	15.560301507538	15.560301507538	15.560301507538	15.560301507538	15.560301507538	15.560301507538	15.560301507538	15.560301507538	15.560301507538	15.560301507538	15.560301507538	15.560301507538	15.560301507538	15.560301507538	15.560301507538	15.560301507538	15.560301507538	15.560301507538	15.560301507538	15.560301507538	15.560301507538	15.560301507538	15.560301507538	15.560301507538	15.560301507538	15.560301507538	15.560301507538	15.560301507538	15.560301507538	15.560301507538	15.560301507538	15.560301507538	15.560301507538	15.560301507538	15.560301507538	15.560301507538	15.560301507538	15.560301507538	15.560301507538	15.560301507538	15.560301507538	15.560301507538	15.560301507538	15.560301507538	15.560301507538	15.560301507538	15.560301507538	15.560301507538	15.560301507538	15.560301507538	15.560301507538	15.560301507538	15.560301507538	15.560301507538	15.560301507538	15.560301507538	15.560301507538	15.560301507538	15.560301507538	15.560301507538	15.560301507538	15.560301507538	15.560301507538	15.560301507538	15.560301507538	15.560301507538	15.560301507538	15.560301507538	15.560301507538	15.560301507538	15.560301507538	15.560301507538	15.560301507538	15.560301507538	15.560301507538	15.560301507538	15.560301507538	15.560301507538	15.560301507538	15.560301507538	15.560301507538	15.560301507538	15.560301507538	15.560301507538	15.560301507538	15.560301507538	15.560301507538	15.560301507538	15.560301507538	15.560301507538	15.560301507538	15.560301507538	15.560301507538	15.560301507538	15.560301507538	15.560301507538	15.560301507538	15.560301507538	15.560301507538	15.560301507538	15.560301507538	15.560301507538	15.560301507538	15.560301507538	15.560301507538	15.560301507538	15.560301507538	15.560301507538	15.560301507538	15.560301507538	15.560301507538	15.560301507538	15.560301507538	15.560301507538	15.560301507538	15.560301507538	15.560301507538	15.560301507538	15.560301507538	15.560301507538	15.560301507538	15.560301507538	15.560301507538	15.560301507538	15.560301507538	15.560301507538	15.560301507538	15.560301507538	15.560301507538	15.560301507538	15.560301507538	15.560301507538	15.560301507538	15.560301507538	15.560301507538	15.560301507538	15.560301507538	15.560301507538	15.560301507538	15.560301507538	15.560301507538	15.560301507538	15.560301507538	15.560301507538	15.560301507538	15.560301507538	15.560301507538	15.560301507538	15.560301507538	15.560301507538	15.560301507538	15.560301507538	15.560301507538	15.560301507538	15.560301507538	15.560301507538	15.560301507538	15.560301507538	15.560301507538	15.560301507538	15.560301507538	15.560301507538	15.560301507538	15.560301507538	15.560301507538	15.560301507538	15.560301507538	15.560301507538	15.560301507538	15.560301507538	15.560301507538	15.560301507538	15.560301507538	15.560301507538	15.560301507538	15.560301507538	15.560301507538	15.560301507538	15.560301507538	15.560301507538	15.560301507538	15.560301507538	15.560301507538	15.560301507538	15.560301507538	15.560301507538	15.560301507538	15.560301507538	15.560301507538	15.560301507538	15.560301507538	15.560301507538
15.776381909548	15.776381909548	15.776381909548	15.776381909548	15.776381909548	15.776381909548	15.776381909548	15.776381909548	15.776381909548	15.776381909548	15.776381909548	15.776381909548	15.776381909548	15.776381909548	15.776381909548	15.776381909548	15.776381909548	15.776381909548	15.776381909548	15.776381909548	15.776381909548	15.776381909548	15.776381909548	15.776381909548	15.776381909548	15.776381909548	15.776381909548	15.776381909548	15.776381909548	15.776381909548	15.776381909548	15.776381909548	15.776381909548	15.776381909548	15.776381909548	15.776381909548	15.776381909548	15.776381909548	15.776381909548	15.776381909548	15.776381909548	15.776381909548	15.776381909548	15.776381909548	15.776381909548	15.776381909548	15.776381909548	15.776381909548	15.776381909548	15.776381909548	15.776381909548	15.776381909548	15.776381909548	15.776381909548	15.776381909548	15.776381909548	15.776381909548	15.776381909548	15.776381909548	15.776381909548	15.776381909548	15.776381909548	15.776381909548	15.776381909548	15.776381909548	15.776381909548	15.776381909548	15.776381909548	15.776381909548	15.776381909548	15.776381909548	15.776381909548	15.776381909548	15.776381909548	15.776381909548	15.776381909548	15.776381909548	15.776381909548	15.776381909548	15.776381909548	15.776381909548	15.776381909548	15.776381909548	15.776381909548	15.776381909548	15.776381909548	15.776381909548	15.776381909548	15.776381909548	15.776381909548	15.776381909548	15.776381909548	15.776381909548	15.776381909548	15.776381909548	15.776381909548	15.776381909548	15.776381909548	15.776381909548	15.776381909548	15.776381909548	15.776381909548	15.776381909548	15.776381909548	15.776381909548	15.776381909548	15.776381909548	15.776381909548	15.776381909548	15.776381909548	15.776381909548	15.776381909548	15.776381909548	15.776381909548	15.776381909548	15.776381909548	15.776381909548	15.776381909548	15.776381909548	15.776381909548	15.776381909548	15.776381909548	15.776381909548	15.776381909548	15.776381909548	15.776381909548	15.776381909548	15.776381909548	15.776381909548	15.776381909548	15.776381909548	15.776381909548	15.776381909548	15.776381909548	15.776381909548	15.776381909548	15.776381909548	15.776381909548	15.776381909548	15.776381909548	15.776381909548	15.776381909548	15.776381909548	15.776381909548	15.776381909548	15.776381909548	15.776381909548	15.776381909548	15.776381909548	15.776381909548	15.776381909548	15.776381909548	15.776381909548	15.776381909548	15.776381909548	15.776381909548	15.776381909548	15.776381909548	15.776381909548	15.776381909548	15.776381909548	15.776381909548	15.776381909548	15.776381909548	15.776381909548	15.776381909548	15.776381909548	15.776381909548	15.776381909548	15.776381909548	15.776381909548	15.776381909548	15.776381909548	15.776381909548	15.776381909548	15.776381909548	15.776381909548	15.776381909548	15.776381909548	15.776381909548	15.776381909548	15.776381909548	15.776381909548	15.776381909548	15.776381909548	15.776381909548	15.776381909548	15.776381909548	15.776381909548	15.776381909548	15.776381909548	15.776381909548	15.776381909548	15.776381909548	15.776381909548	15.776381909548	15.776381909548	15.776381909548	15.776381909548	15.776381909548
15.992462311558	15.992462311558	15.992462311558	15.992462311558	15.992462311558	15.992462311558	15.992462311558	15.992462311558	15.992462311558	15.992462311558	15.992462311558	15.992462311558	15.992462311558	15.992462311558	15.992462311558	15.992462311558	15.992462311558	15.992462311558	15.992462311558	15.992462311558	15.992462311558	15.992462311558	15.992462311558	15.992462311558	15.992462311558	15.992462311558	15.992462311558	15.992462311558	15.992462311558	15.992462311558	15.992462311558	15.992462311558	15.992462311558	15.992462311558	15.992462311558	15.992462311558	15.992462311558	15.992462311558	15.992462311558	15.992462311558	15.992462311558	15.992462311558	15.992462311558	15.992462311558	15.992462311558	15.992462311558	15.992462311558	15.992462311558	15.992462311558	15.992462311558	15.992462311558	15.992462311558	15.992462311558	15.992462311558	15.992462311558	15.992462311558	15.992462311558	15.992462311558	15.992462311558	15.992462311558	15.992462311558	15.992462311558	15.992462311558	15.992462311558	15.992462311558	15.992462311558	15.992462311558	15.992462311558	15.992462311558	15.992462311558	15.992462311558	15.992462311558	15.992462311558	15.992462311558	15.992462311558	15.992462311558	15.992462311558	15.992462311558	15.992462311558	15.992462311558	15.992462311558	15.992462311558	15.992462311558	15.992462311558	15.992462311558	15.992462311558	15.992462311558	15.992462311558	15.992462311558	15.992462311558	15.992462311558	15.992462311558	15.992462311558	15.992462311558	15.992462311558	15.992462311558	15.992462311558	15.992462311558	15.992462311558	15.992462311558	15.992462311558	15.992462311558	15.992462311558	15.992462311558	15.992462311558	15.992462311558	15.992462311558	15.992462311558	15.992462311558	15.992462311558	15.992462311558	15.992462311558	15.992462311558	15.992462311558	15.992462311558	15.992462311558	15.992462311558	15.992462311558	15.992462311558	15.992462311558	15.992462311558	15.992462311558	15.992462311558	15.992462311558	15.992462311558	15.992462311558	15.992462311558	15.992462311558	15.992462311558	15.992462311558	15.992462311558	15.992462311558	15.992462311558	15.992462311558	15.992462311558	15.992462311558	15.992462311558	15.992462311558	15.992462311558	15.992462311558	15.992462311558	15.992462311558	15.992462311558	15.992462311558	15.992462311558	15.992462311558	15.992462311558	15.992462311558	15.992462311558	15.992462311558	15.992462311558	15.992462311558	15.992462311558	15.992462311558	15.992462311558	15.992462311558	15.992462311558	15.992462311558	15.992462311558	15.992462311558	15.992462311558	15.992462311558	15.992462311558	15.992462311558	15.992462311558	15.992462311558	15.992462311558	15.992462311558	15.992462311558	15.992462311558	15.992462311558	15.992462311558	15.992462311558	15.992462311558	15.992462311558	15.992462311558	15.992462311558	15.992462311558	15.992462311558	15.992462311558	15.992462311558	15.992462311558	15.992462311558	15.992462311558	15.992462311558	15.992462311558	15.992462311558	15.992462311558	15.992462311558	15.992462311558	15.992462311558	15.992462311558	15.992462311558	15.992462311558	15.992462311558	15.992462311558	15.992462311558	15.992462311558	15.992462311558	15.992462311558
16.208542713568	16.208542713568	16.208542713568	16.208542713568	16.208542713568	16.208542713568	16.208542713568	16.208542713568	16.208542713568	16.208542713568	16.208542713568	16.208542713568	16.208542713568	16.208542713568	16.208542713568	16.208542713568	16.208542713568	16.208542713568	16.208542713568	16.208542713568	16.208542713568	16.208542713568	16.208542713568	16.208542713568	16.208542713568	16.208542713568	16.208542713568	16.208542713568	16.208542713568	16.208542713568	16.208542713568	16.208542713568	16.208542713568	16.208542713568	16.208542713568	16.208542713568	16.208542713568	16.208542713568	16.208542713568	16.208542713568	16.208542713568	16.208542713568	16.208542713568	16.208542713568	16.208542713568	16.208542713568	16.208542713568	16.208542713568	16.208542713568	16.208542713568	16.208542713568	16.208542713568	16.208542713568	16.208542713568	16.208542713568	16.208542713568	16.208542713568	16.208542713568	16.208542713568	16.208542713568	16.208542713568	16.208542713568	16.208542713568	16.208542713568	16.208542713568	16.208542713568	16.208542713568	16.208542713568	16.208542713568	16.208542713568	16.208542713568	16.208542713568	16.208542713568	16.208542713568	16.208542713568	16.208542713568	16.208542713568	16.208542713568	16.208542713568	16.208542713568	16.208542713568	16.208542713568	16.208542713568	16.208542713568	16.208542713568	16.208542713568	16.208542713568	16.208542713568	16.208542713568	16.208542713568	16.208542713568	16.208542713568	16.208542713568	16.208542713568	16.208542713568	16.208542713568	16.208542713568	16.208542713568	16.208542713568	16.208542713568	16.208542713568	16.208542713568	16.208542713568	16.208542713568	16.208542713568	16.208542713568	16.208542713568	16.208542713568	16.208542713568	16.208542713568	16.208542713568	16.208542713568	16.208542713568	16.208542713568	16.208542713568	16.208542713568	16.208542713568	16.208542713568	16.208542713568	16.208542713568	16.208542713568	16.208542713568	16.208542713568	16.208542713568	16.208542713568	16.208542713568	16.208542713568	16.208542713568	16.208542713568	16.208542713568	16.208542713568	16.208542713568	16.208542713568	16.208542713568	16.208542713568	16.208542713568	16.208542713568	16.208542713568	16.208542713568	16.208542713568	16.208542713568	16.208542713568	16.208542713568	16.208542713568	16.208542713568	16.208542713568	16.208542713568	16.208542713568	16.208542713568	16.208542713568	16.208542713568	16.208542713568	16.208542713568	16.208542713568	16.208542713568	16.208542713568	16.208542713568	16.208542713568	16.208542713568	16.208542713568	16.208542713568	16.208542713568	16.208542713568	16.208542713568	16.208542713568	16.208542713568	16.208542713568	16.208542713568	16.208542713568	16.208542713568	16.208542713568	16.208542713568	16.208542713568	16.208542713568	16.208542713568	16.208542713568	16.208542713568	16.208542713568	16.208542713568	16.208542713568	16.208542713568	16.208542713568	16.208542713568	16.208542713568	16.208542713568	16.208542713568	16.208542713568	16.208542713568	16.208542713568	16.208542713568	16.208542713568	16.208542713568	16.208542713568	16.208542713568	16.208542713568	16.208542713568	16.208542713568	16.208542713568	16.208542713568	16.208542713568
16.424623115578	16.424623115578	16.424623115578	16.424623115578	16.424623115578	16.424623115578	16.424623115578	16.424623115578	16.424623115578	16.424623115578	16.424623115578	16.424623115578	16.424623115578	16.424623115578	16.424623115578	16.424623115578	16.424623115578	16.424623115578	16.424623115578	16.424623115578	16.424623115578	16.424623115578	16.424623115578	16.424623115578	16.424623115578	16.424623115578	16.424623115578	16.424623115578	16.424623115578	16.424623115578	16.424623115578	16.424623115578	16.424623115578	16.424623115578	16.424623115578	16.424623115578	16.424623115578	16.424623115578	16.424623115578	16.424623115578	16.424623115578	16.424623115578	16.424623115578	16.424623115578	16.424623115578	16.424623115578	16.424623115578	16.424623115578	16.424623115578	16.424623115578	16.424623115578	16.424623115578	16.424623115578	16.424623115578	16.424623115578	16.424623115578	16.424623115578	16.424623115578	16.424623115578	16.424623115578	16.424623115578	16.424623115578	16.424623115578	16.424623115578	16.424623115578	16.424623115578	16.424623115578	16.424623115578	16.424623115578	16.424623115578	16.424623115578	16.424623115578	16.424623115578	16.424623115578	16.424623115578	16.424623115578	16.424623115578	16.424623115578	16.424623115578	16.424623115578	16.424623115578	16.424623115578	16.424623115578	16.424623115578	16.424623115578	16.424623115578	16.424623115578	16.424623115578	16.424623115578	16.424623115578	16.424623115578	16.424623115578	16.424623115578	16.424623115578	16.424623115578	16.424623115578	16.424623115578	16.424623115578	16.424623115578	16.424623115578	16.424623115578	16.424623115578	16.424623115578	16.424623115578	16.424623115578	16.424623115578	16.424623115578	16.424623115578	16.424623115578	16.424623115578	16.424623115578	16.424623115578	16.424623115578	16.424623115578	16.424623115578	16.424623115578	16.424623115578	16.424623115578	16.424623115578	16.424623115578	16.424623115578	16.424623115578	16.424623115578	16.424623115578	16.424623115578	16.424623115578	16.424623115578	16.424623115578	16.424623115578	16.424623115578	16.424623115578	16.424623115578	16.424623115578	16.424623115578	16.424623115578	16.424623115578	16.424623115578	16.424623115578	16.424623115578	16.424623115578	16.424623115578	16.424623115578	16.424623115578	16.424623115578	16.424623115578	16.424623115578	16.424623115578	16.424623115578	16.424623115578	16.424623115578	16.424623115578	16.424623115578	16.424623115578	16.424623115578	16.424623115578	16.424623115578	16.424623115578	16.424623115578	16.424623115578	16.424623115578	16.424623115578	16.424623115578	16.424623115578	16.424623115578	16.424623115578	16.424623115578	16.424623115578	16.424623115578	16.424623115578	16.424623115578	16.424623115578	16.424623115578	16.424623115578	16.424623115578	16.424623115578	16.424623115578	16.424623115578	16.424623115578	16.424623115578	16.424623115578	16.424623115578	16.424623115578	16.424623115578	16.424623115578	16.424623115578	16.424623115578	16.424623115578	16.424623115578	16.424623115578	16.424623115578	16.424623115578	16.424623115578	16.424623115578	16.424623115578	16.424623115578	16.424623115578	16.424623115578	16.424623115578	16.424623115578	16.424623115578
16.640703517588	16.640703517588	16.640703517588	16.640703517588	16.640703517588	16.640703517588	16.640703517588	16.640703517588	16.640703517588	16.640703517588	16.640703517588	16.640703517588	16.640703517588	16.640703517588	16.640703517588	16.640703517588	16.640703517588	16.640703517588	16.640703517588	16.640703517588	16.640703517588	16.640703517588	16.640703517588	16.640703517588	16.640703517588	16.640703517588	16.640703517588	16.640703517588	16.640703517588	16.640703517588	16.640703517588	16.640703517588	16.640703517588	16.640703517588	16.640703517588	16.640703517588	16.640703517588	16.640703517588	16.640703517588	16.640703517588	16.640703517588	16.640703517588	16.640703517588	16.640703517588	16.640703517588	16.640703517588	16.640703517588	16.640703517588	16.640703517588	16.640703517588	16.640703517588	16.640703517588	16.640703517588	16.640703517588	16.640703517588	16.640703517588	16.640703517588	16.640703517588	16.640703517588	16.640703517588	16.640703517588	16.640703517588	16.640703517588	16.640703517588	16.640703517588	16.640703517588	16.640703517588	16.640703517588	16.640703517588	16.640703517588	16.640703517588	16.640703517588	16.640703517588	16.640703517588	16.640703517588	16.640703517588	16.640703517588	16.640703517588	16.640703517588	16.640703517588	16.640703517588	16.640703517588	16.640703517588	16.640703517588	16.640703517588	16.640703517588	16.640703517588	16.640703517588	16.640703517588	16.640703517588	16.640703517588	16.640703517588	16.640703517588	16.640703517588	16.640703517588	16.640703517588	16.640703517588	16.640703517588	16.640703517588	16.640703517588	16.640703517588	16.640703517588	16.640703517588	16.640703517588	16.640703517588	16.640703517588	16.640703517588	16.640703517588	16.640703517588	16.640703517588	16.640703517588	16.640703517588	16.640703517588	16.640703517588	16.640703517588	16.640703517588	16.640703517588	16.640703517588	16.640703517588	16.640703517588	16.640703517588	16.640703517588	16.640703517588	16.640703517588	16.640703517588	16.640703517588	16.640703517588	16.640703517588	16.640703517588	16.640703517588	16.640703517588	16.640703517588	16.640703517588	16.640703517588	16.640703517588	16.640703517588	16.640703517588	16.640703517588	16.640703517588	16.640703517588	16.640703517588	16.640703517588	16.640703517588	16.640703517588	16.640703517588	16.640703517588	16.640703517588	16.640703517588	16.640703517588	16.640703517588	16.640703517588	16.640703517588	16.640703517588	16.640703517588	16.640703517588	16.640703517588	16.640703517588	16.640703517588	16.640703517588	16.640703517588	16.640703517588	16.640703517588	16.640703517588	16.640703517588	16.640703517588	16.640703517588	16.640703517588	16.640703517588	16.640703517588	16.640703517588	16.640703517588	16.640703517588	16.640703517588	16.640703517588	16.640703517588	16.640703517588	16.640703517588	16.640703517588	16.640703517588	16.640703517588	16.640703517588	16.640703517588	16.640703517588	16.640703517588	16.640703517588	16.640703517588	16.640703517588	16.640703517588	16.640703517588	16.640703517588	16.640703517588	16.640703517588	16.640703517588	16.640703517588	16.640703517588	16.640703517588	16.640703517588	16.640703517588	16.640703517588	16.640703517588
16.856783919598	16.856783919598	16.856783919598	16.856783919598	16.856783919598	16.856783919598	16.856783919598	16.856783919598	16.856783919598	16.856783919598	16.856783919598	16.856783919598	16.856783919598	16.856783919598	16.856783919598	16.856783919598	16.856783919598	16.856783919598	16.856783919598	16.856783919598	16.856783919598	16.856783919598	16.856783919598	16.856783919598	16.856783919598	16.856783919598	16.856783919598	16.856783919598	16.856783919598	16.856783919598	16.856783919598	16.856783919598	16.856783919598	16.856783919598	16.856783919598	16.856783919598	16.856783919598	16.856783919598	16.856783919598	16.856783919598	16.856783919598	16.856783919598	16.856783919598	16.856783919598	16.856783919598	16.856783919598	16.856783919598	16.856783919598	16.856783919598	16.856783919598	16.856783919598	16.856783919598	16.856783919598	16.856783919598	16.856783919598	16.856783919598	16.856783919598	16.856783919598	16.856783919598	16.856783919598	16.856783919598	16.856783919598	16.856783919598	16.856783919598	16.856783919598	16.856783919598	16.856783919598	16.856783919598	16.856783919598	16.856783919598	16.856783919598	16.856783919598	16.856783919598	16.856783919598	16.856783919598	16.856783919598	16.856783919598	16.856783919598	16.856783919598	16.856783919598	16.856783919598	16.856783919598	16.856783919598	16.856783919598	16.856783919598	16.856783919598	16.856783919598	16.856783919598	16.856783919598	16.856783919598	16.856783919598	16.856783919598	16.856783919598	16.856783919598	16.856783919598	16.856783919598	16.856783919598	16.856783919598	16.856783919598	16.856783919598	16.856783919598	16.856783919598	16.856783919598	16.856783919598	16.856783919598	16.856783919598	16.856783919598	16.856783919598	16.856783919598	16.856783919598	16.856783919598	16.856783919598	16.856783919598	16.856783919598	16.856783919598	16.856783919598	16.856783919598	16.856783919598	16.856783919598	16.856783919598	16.856783919598	16.856783919598	16.856783919598	16.856783919598	16.856783919598	16.856783919598	16.856783919598	16.856783919598	16.856783919598	16.856783919598	16.856783919598	16.856783919598	16.856783919598	16.856783919598	16.856783919598	16.856783919598	16.856783919598	16.856783919598	16.856783919598	16.856783919598	16.856783919598	16.856783919598	16.856783919598	16.856783919598	16.856783919598	16.856783919598	16.856783919598	16.856783919598	16.856783919598	16.856783919598	16.856783919598	16.856783919598	16.856783919598	16.856783919598	16.856783919598	16.856783919598	16.856783919598	16.856783919598	16.856783919598	16.856783919598	16.856783919598	16.856783919598	16.856783919598	16.856783919598	16.856783919598	16.856783919598	16.856783919598	16.856783919598	16.856783919598	16.856783919598	16.856783919598	16.856783919598	16.856783919598	16.856783919598	16.856783919598	16.856783919598	16.856783919598	16.856783919598	16.856783919598	16.856783919598	16.856783919598	16.856783919598	16.856783919598	16.856783919598	16.856783919598	16.856783919598	16.856783919598	16.856783919598	16.856783919598	16.856783919598	16.856783919598	16.856783919598	16.856783919598	16.856783919598	16.856783919598	16.856783919598	16.856783919598	16.856783919598	16.856783919598	16.856783919598
17.072864321608	17.072864321608	17.072864321608	17.072864321608	17.072864321608	17.072864321608	17.072864321608	17.072864321608	17.072864321608	17.072864321608	17.072864321608	17.072864321608	17.072864321608	17.072864321608	17.072864321608	17.072864321608	17.072864321608	17.072864321608	17.072864321608	17.072864321608	17.072864321608	17.072864321608	17.072864321608	17.072864321608	17.072864321608	17.072864321608	17.072864321608	17.072864321608	17.072864321608	17.072864321608	17.072864321608	17.072864321608	17.072864321608	17.072864321608	17.072864321608	17.072864321608	17.072864321608	17.072864321608	17.072864321608	17.072864321608	17.072864321608	17.072864321608	17.072864321608	17.072864321608	17.072864321608	17.072864321608	17.072864321608	17.072864321608	17.072864321608	17.072864321608	17.072864321608	17.072864321608	17.072864321608	17.072864321608	17.072864321608	17.072864321608	17.072864321608	17.072864321608	17.072864321608	17.072864321608	17.072864321608	17.072864321608	17.072864321608	17.072864321608	17.072864321608	17.072864321608	17.072864321608	17.072864321608	17.072864321608	17.072864321608	17.072864321608	17.072864321608	17.072864321608	17.072864321608	17.072864321608	17.072864321608	17.072864321608	17.072864321608	17.072864321608	17.072864321608	17.072864321608	17.072864321608	17.072864321608	17.072864321608	17.072864321608	17.072864321608	17.072864321608	17.072864321608	17.072864321608	17.072864321608	17.072864321608	17.072864321608	17.072864321608	17.072864321608	17.072864321608	17.072864321608	17.072864321608	17.072864321608	17.072864321608	17.072864321608	17.072864321608	17.072864321608	17.072864321608	17.072864321608	17.072864321608	17.072864321608	17.072864321608	17.072864321608	17.072864321608	17.072864321608	17.072864321608	17.072864321608	17.072864321608	17.072864321608	17.072864321608	17.072864321608	17.072864321608	17.072864321608	17.072864321608	17.072864321608	17.072864321608	17.072864321608	17.072864321608	17.072864321608	17.072864321608	17.072864321608	17.072864321608	17.072864321608	17.072864321608	17.072864321608	17.072864321608	17.072864321608	17.072864321608	17.072864321608	17.072864321608	17.072864321608	17.072864321608	17.072864321608	17.072864321608	17.072864321608	17.072864321608	17.072864321608	17.072864321608	17.072864321608	17.072864321608	17.072864321608	17.072864321608	17.072864321608	17.072864321608	17.072864321608	17.072864321608	17.072864321608	17.072864321608	17.072864321608	17.072864321608	17.072864321608	17.072864321608	17.072864321608	17.072864321608	17.072864321608	17.072864321608	17.072864321608	17.072864321608	17.072864321608	17.072864321608	17.072864321608	17.072864321608	17.072864321608	17.072864321608	17.072864321608	17.072864321608	17.072864321608	17.072864321608	17.072864321608	17.072864321608	17.072864321608	17.072864321608	17.072864321608	17.072864321608	17.072864321608	17.072864321608	17.072864321608	17.072864321608	17.072864321608	17.072864321608	17.072864321608	17.072864321608	17.072864321608	17.072864321608	17.072864321608	17.072864321608	17.072864321608	17.072864321608	17.072864321608	17.072864321608	17.072864321608	17.072864321608	17.072864321608	17.072864321608	17.072864321608
17.288944723618	17.288944723618	17.288944723618	17.288944723618	17.288944723618	17.288944723618	17.288944723618	17.288944723618	17.288944723618	17.288944723618	17.288944723618	17.288944723618	17.288944723618	17.288944723618	17.288944723618	17.288944723618	17.288944723618	17.288944723618	17.288944723618	17.288944723618	17.288944723618	17.288944723618	17.288944723618	17.288944723618	17.288944723618	17.288944723618	17.288944723618	17.288944723618	17.288944723618	17.288944723618	17.288944723618	17.288944723618	17.288944723618	17.288944723618	17.288944723618	17.288944723618	17.288944723618	17.288944723618	17.288944723618	17.288944723618	17.288944723618	17.288944723618	17.288944723618	17.288944723618	17.288944723618	17.288944723618	17.288944723618	17.288944723618	17.288944723618	17.288944723618	17.288944723618	17.288944723618	17.288944723618	17.288944723618	17.288944723618	17.288944723618	17.288944723618	17.288944723618	17.288944723618	17.288944723618	17.288944723618	17.288944723618	17.288944723618	17.288944723618	17.288944723618	17.288944723618	17.288944723618	17.288944723618	17.288944723618	17.288944723618	17.288944723618	17.288944723618	17.288944723618	17.288944723618	17.288944723618	17.288944723618	17.288944723618	17.288944723618	17.288944723618	17.288944723618	17.288944723618	17.288944723618	17.288944723618	17.288944723618	17.288944723618	17.288944723618	17.288944723618	17.288944723618	17.288944723618	17.288944723618	17.288944723618	17.288944723618	17.288944723618	17.288944723618	17.288944723618	17.288944723618	17.288944723618	17.288944723618	17.288944723618	17.288944723618	17.288944723618	17.288944723618	17.288944723618	17.288944723618	17.288944723618	17.288944723618	17.288944723618	17.288944723618	17.288944723618	17.288944723618	17.288944723618	17.288944723618	17.288944723618	17.288944723618	17.288944723618	17.288944723618	17.288944723618	17.288944723618	17.288944723618	17.288944723618	17.288944723618	17.288944723618	17.288944723618	17.288944723618	17.288944723618	17.288944723618	17.288944723618	17.288944723618	17.288944723618	17.288944723618	17.288944723618	17.288944723618	17.288944723618	17.288944723618	17.288944723618	17.288944723618	17.288944723618	17.288944723618	17.288944723618	17.288944723618	17.288944723618	17.288944723618	17.288944723618	17.288944723618	17.288944723618	17.288944723618	17.288944723618	17.288944723618	17.288944723618	17.288944723618	17.288944723618	17.288944723618	17.288944723618	17.288944723618	17.288944723618	17.288944723618	17.288944723618	17.288944723618	17.288944723618	17.288944723618	17.288944723618	17.288944723618	17.288944723618	17.288944723618	17.288944723618	17.288944723618	17.288944723618	17.288944723618	17.288944723618	17.288944723618	17.288944723618	17.288944723618	17.288944723618	17.288944723618	17.288944723618	17.288944723618	17.288944723618	17.288944723618	17.288944723618	17.288944723618	17.288944723618	17.288944723618	17.288944723618	17.288944723618	17.288944723618	17.288944723618	17.288944723618	17.288944723618	17.288944723618	17.288944723618	17.288944723618	17.288944723618	17.288944723618	17.288944723618	17.288944723618	17.288944723618	17.288944723618	17.288944723618	17.288944723618	17.288944723618
17.505025125628	17.505025125628	17.505025125628	17.505025125628	17.505025125628	17.505025125628	17.505025125628	17.505025125628	17.505025125628	17.505025125628	17.505025125628	17.505025125628	17.505025125628	17.505025125628	17.505025125628	17.505025125628	17.505025125628	17.505025125628	17.505025125628	17.505025125628	17.505025125628	17.505025125628	17.505025125628	17.505025125628	17.505025125628	17.505025125628	17.505025125628	17.505025125628	17.505025125628	17.505025125628	17.505025125628	17.505025125628	17.505025125628	17.505025125628	17.505025125628	17.505025125628	17.505025125628	17.505025125628	17.505025125628	17.505025125628	17.505025125628	17.505025125628	17.505025125628	17.505025125628	17.505025125628	17.505025125628	17.505025125628	17.505025125628	17.505025125628	17.505025125628	17.505025125628	17.505025125628	17.505025125628	17.505025125628	17.505025125628	17.505025125628	17.505025125628	17.505025125628	17.505025125628	17.505025125628	17.505025125628	17.505025125628	17.505025125628	17.505025125628	17.505025125628	17.505025125628	17.505025125628	17.505025125628	17.505025125628	17.505025125628	17.505025125628	17.505025125628	17.505025125628	17.505025125628	17.505025125628	17.505025125628	17.505025125628	17.505025125628	17.505025125628	17.505025125628	17.505025125628	17.505025125628	17.505025125628	17.505025125628	17.505025125628	17.505025125628	17.505025125628	17.505025125628	17.505025125628	17.505025125628	17.505025125628	17.505025125628	17.505025125628	17.505025125628	17.505025125628	17.505025125628	17.505025125628	17.505025125628	17.505025125628	17.505025125628	17.505025125628	17.505025125628	17.505025125628	17.505025125628	17.505025125628	17.505025125628	17.505025125628	17.505025125628	17.505025125628	17.505025125628	17.505025125628	17.505025125628	17.505025125628	17.505025125628	17.505025125628	17.505025125628	17.505025125628	17.505025125628	17.505025125628	17.505025125628	17.505025125628	17.505025125628	17.505025125628	17.505025125628	17.505025125628	17.505025125628	17.505025125628	17.505025125628	17.505025125628	17.505025125628	17.505025125628	17.505025125628	17.505025125628	17.505025125628	17.505025125628	17.505025125628	17.505025125628	17.505025125628	17.505025125628	17.505025125628	17.505025125628	17.505025125628	17.505025125628	17.505025125628	17.505025125628	17.505025125628	17.505025125628	17.505025125628	17.505025125628	17.505025125628	17.505025125628	17.505025125628	17.505025125628	17.505025125628	17.505025125628	17.505025125628	17.505025125628	17.505025125628	17.505025125628	17.505025125628	17.505025125628	17.505025125628	17.505025125628	17.505025125628	17.505025125628	17.505025125628	17.505025125628	17.505025125628	17.505025125628	17.505025125628	17.505025125628	17.505025125628	17.505025125628	17.505025125628	17.505025125628	17.505025125628	17.505025125628	17.505025125628	17.505025125628	17.505025125628	17.505025125628	17.505025125628	17.505025125628	17.505025125628	17.505025125628	17.505025125628	17.505025125628	17.505025125628	17.505025125628	17.505025125628	17.505025125628	17.505025125628	17.505025125628	17.505025125628	17.505025125628	17.505025125628	17.505025125628	17.505025125628	17.505025125628	17.505025125628
17.721105527638	17.721105527638	17.721105527638	17.721105527638	17.721105527638	17.721105527638	17.721105527638	17.721105527638	17.721105527638	17.721105527638	17.721105527638	17.721105527638	17.721105527638	17.721105527638	17.721105527638	17.721105527638	17.721105527638	17.721105527638	17.721105527638	17.721105527638	17.721105527638	17.721105527638	17.721105527638	17.721105527638	17.721105527638	17.721105527638	17.721105527638	17.721105527638	17.721105527638	17.721105527638	17.721105527638	17.721105527638	17.721105527638	17.721105527638	17.721105527638	17.721105527638	17.721105527638	17.721105527638	17.721105527638	17.721105527638	17.721105527638	17.721105527638	17.721105527638	17.721105527638	17.721105527638	17.721105527638	17.721105527638	17.721105527638	17.721105527638	17.721105527638	17.721105527638	17.721105527638	17.721105527638	17.721105527638	17.721105527638	17.721105527638	17.721105527638	17.721105527638	17.721105527638	17.721105527638	17.721105527638	17.721105527638	17.721105527638	17.721105527638	17.721105527638	17.721105527638	17.721105527638	17.721105527638	17.721105527638	17.721105527638	17.721105527638	17.721105527638	17.721105527638	17.721105527638	17.721105527638	17.721105527638	17.721105527638	17.721105527638	17.721105527638	17.721105527638	17.721105527638	17.721105527638	17.721105527638	17.721105527638	17.721105527638	17.721105527638	17.721105527638	17.721105527638	17.721105527638	17.721105527638	17.721105527638	17.721105527638	17.721105527638	17.721105527638	17.721105527638	17.721105527638	17.721105527638	17.721105527638	17.721105527638	17.721105527638	17.721105527638	17.721105527638	17.721105527638	17.721105527638	17.721105527638	17.721105527638	17.721105527638	17.721105527638	17.721105527638	17.721105527638	17.721105527638	17.721105527638	17.721105527638	17.721105527638	17.721105527638	17.721105527638	17.721105527638	17.721105527638	17.721105527638	17.721105527638	17.721105527638	17.721105527638	17.721105527638	17.721105527638	17.721105527638	17.721105527638	17.721105527638	17.721105527638	17.721105527638	17.721105527638	17.721105527638	17.721105527638	17.721105527638	17.721105527638	17.721105527638	17.721105527638	17.721105527638	17.721105527638	17.721105527638	17.721105527638	17.721105527638	17.721105527638	17.721105527638	17.721105527638	17.721105527638	17.721105527638	17.721105527638	17.721105527638	17.721105527638	17.721105527638	17.721105527638	17.721105527638	17.721105527638	17.721105527638	17.721105527638	17.721105527638	17.721105527638	17.721105527638	17.721105527638	17.721105527638	17.721105527638	17.721105527638	17.721105527638	17.721105527638	17.721105527638	17.721105527638	17.721105527638	17.721105527638	17.721105527638	17.721105527638	17.721105527638	17.721105527638	17.721105527638	17.721105527638	17.721105527638	17.721105527638	17.721105527638	17.721105527638	17.721105527638	17.721105527638	17.721105527638	17.721105527638	17.721105527638	17.721105527638	17.721105527638	17.721105527638	17.721105527638	17.721105527638	17.721105527638	17.721105527638	17.721105527638	17.721105527638	17.721105527638	17.721105527638	17.721105527638	17.721105527638	17.721105527638	17.721105527638	17.721105527638	17.721105527638
17.937185929648	17.937185929648	17.937185929648	17.937185929648	17.937185929648	17.937185929648	17.937185929648	17.937185929648	17.937185929648	17.937185929648	17.937185929648	17.937185929648	17.937185929648	17.937185929648	17.937185929648	17.937185929648	17.937185929648	17.937185929648	17.937185929648	17.937185929648	17.937185929648	17.937185929648	17.937185929648	17.937185929648	17.937185929648	17.937185929648	17.937185929648	17.937185929648	17.937185929648	17.937185929648	17.937185929648	17.937185929648	17.937185929648	17.937185929648	17.937185929648	17.937185929648	17.937185929648	17.937185929648	17.937185929648	17.937185929648	17.937185929648	17.937185929648	17.937185929648	17.937185929648	17.937185929648	17.937185929648	17.937185929648	17.937185929648	17.937185929648	17.937185929648	17.937185929648	17.937185929648	17.937185929648	17.937185929648	17.937185929648	17.937185929648	17.937185929648	17.937185929648	17.937185929648	17.937185929648	17.937185929648	17.937185929648	17.937185929648	17.937185929648	17.937185929648	17.937185929648	17.937185929648	17.937185929648	17.937185929648	17.937185929648	17.937185929648	17.937185929648	17.937185929648	17.937185929648	17.937185929648	17.937185929648	17.937185929648	17.937185929648	17.937185929648	17.937185929648	17.937185929648	17.937185929648	17.937185929648	17.937185929648	17.937185929648	17.937185929648	17.937185929648	17.937185929648	17.937185929648	17.937185929648	17.937185929648	17.937185929648	17.937185929648	17.937185929648	17.937185929648	17.937185929648	17.937185929648	17.937185929648	17.937185929648	17.937185929648	17.937185929648	17.937185929648	17.937185929648	17.937185929648	17.937185929648	17.937185929648	17.937185929648	17.937185929648	17.937185929648	17.937185929648	17.937185929648	17.937185929648	17.937185929648	17.937185929648	17.937185929648	17.937185929648	17.937185929648	17.937185929648	17.937185929648	17.937185929648	17.937185929648	17.937185929648	17.937185929648	17.937185929648	17.937185929648	17.937185929648	17.937185929648	17.937185929648	17.937185929648	17.937185929648	17.937185929648	17.937185929648	17.937185929648	17.937185929648	17.937185929648	17.937185929648	17.937185929648	17.937185929648	17.937185929648	17.937185929648	17.937185929648	17.937185929648	17.937185929648	17.937185929648	17.937185929648	17.937185929648	17.937185929648	17.937185929648	17.937185929648	17.937185929648	17.937185929648	17.937185929648	17.937185929648	17.937185929648	17.937185929648	17.937185929648	17.937185929648	17.937185929648	17.937185929648	17.937185929648	17.937185929648	17.937185929648	17.937185929648	17.937185929648	17.937185929648	17.937185929648	17.937185929648	17.937185929648	17.937185929648	17.937185929648	17.937185929648	17.937185929648	17.937185929648	17.937185929648	17.937185929648	17.937185929648	17.937185929648	17.937185929648	17.937185929648	17.937185929648	17.937185929648	17.937185929648	17.937185929648	17.937185929648	17.937185929648	17.937185929648	17.937185929648	17.937185929648	17.937185929648	17.937185929648	17.937185929648	17.937185929648	17.937185929648	17.937185929648	17.937185929648	17.937185929648	17.937185929648	17.937185929648	17.937185929648	17.937185929648
18.153266331658	18.153266331658	18.153266331658	18.153266331658	18.153266331658	18.153266331658	18.153266331658	18.153266331658	18.153266331658	18.153266331658	18.153266331658	18.153266331658	18.153266331658	18.153266331658	18.153266331658	18.153266331658	18.153266331658	18.153266331658	18.153266331658	18.153266331658	18.153266331658	18.153266331658	18.153266331658	18.153266331658	18.153266331658	18.153266331658	18.153266331658	18.153266331658	18.153266331658	18.153266331658	18.153266331658	18.153266331658	18.153266331658	18.153266331658	18.153266331658	18.153266331658	18.153266331658	18.153266331658	18.153266331658	18.153266331658	18.153266331658	18.153266331658	18.153266331658	18.153266331658	18.153266331658	18.153266331658	18.153266331658	18.153266331658	18.153266331658	18.153266331658	18.153266331658	18.153266331658	18.153266331658	18.153266331658	18.153266331658	18.153266331658	18.153266331658	18.153266331658	18.153266331658	18.153266331658	18.153266331658	18.153266331658	18.153266331658	18.153266331658	18.153266331658	18.153266331658	18.153266331658	18.153266331658	18.153266331658	18.153266331658	18.153266331658	18.153266331658	18.153266331658	18.153266331658	18.153266331658	18.153266331658	18.153266331658	18.153266331658	18.153266331658	18.153266331658	18.153266331658	18.153266331658	18.153266331658	18.153266331658	18.153266331658	18.153266331658	18.153266331658	18.153266331658	18.153266331658	18.153266331658	18.153266331658	18.153266331658	18.153266331658	18.153266331658	18.153266331658	18.153266331658	18.153266331658	18.153266331658	18.153266331658	18.153266331658	18.153266331658	18.153266331658	18.153266331658	18.153266331658	18.153266331658	18.153266331658	18.153266331658	18.153266331658	18.153266331658	18.153266331658	18.153266331658	18.153266331658	18.153266331658	18.153266331658	18.153266331658	18.153266331658	18.153266331658	18.153266331658	18.153266331658	18.153266331658	18.153266331658	18.153266331658	18.153266331658	18.153266331658	18.153266331658	18.153266331658	18.153266331658	18.153266331658	18.153266331658	18.153266331658	18.153266331658	18.153266331658	18.153266331658	18.153266331658	18.153266331658	18.153266331658	18.153266331658	18.153266331658	18.153266331658	18.153266331658	18.153266331658	18.153266331658	18.153266331658	18.153266331658	18.153266331658	18.153266331658	18.153266331658	18.153266331658	18.153266331658	18.153266331658	18.153266331658	18.153266331658	18.153266331658	18.153266331658	18.153266331658	18.153266331658	18.153266331658	18.153266331658	18.153266331658	18.153266331658	18.153266331658	18.153266331658	18.153266331658	18.153266331658	18.153266331658	18.153266331658	18.153266331658	18.153266331658	18.153266331658	18.153266331658	18.153266331658	18.153266331658	18.153266331658	18.153266331658	18.153266331658	18.153266331658	18.153266331658	18.153266331658	18.153266331658	18.153266331658	18.153266331658	18.153266331658	18.153266331658	18.153266331658	18.153266331658	18.153266331658	18.153266331658	18.153266331658	18.153266331658	18.153266331658	18.153266331658	18.153266331658	18.153266331658	18.153266331658	18.153266331658	18.153266331658	18.153266331658	18.153266331658	18.153266331658	18.153266331658
18.369346733668	18.369346733668	18.369346733668	18.369346733668	18.369346733668	18.369346733668	18.369346733668	18.369346733668	18.369346733668	18.369346733668	18.369346733668	18.369346733668	18.369346733668	18.369346733668	18.369346733668	18.369346733668	18.369346733668	18.369346733668	18.369346733668	18.369346733668	18.369346733668	18.369346733668	18.369346733668	18.369346733668	18.369346733668	18.369346733668	18.369346733668	18.369346733668	18.369346733668	18.369346733668	18.369346733668	18.369346733668	18.369346733668	18.369346733668	18.369346733668	18.369346733668	18.369346733668	18.369346733668	18.369346733668	18.369346733668	18.369346733668	18.369346733668	18.369346733668	18.369346733668	18.369346733668	18.369346733668	18.369346733668	18.369346733668	18.369346733668	18.369346733668	18.369346733668	18.369346733668	18.369346733668	18.369346733668	18.369346733668	18.369346733668	18.369346733668	18.369346733668	18.369346733668	18.369346733668	18.369346733668	18.369346733668	18.369346733668	18.369346733668	18.369346733668	18.369346733668	18.369346733668	18.369346733668	18.369346733668	18.369346733668	18.369346733668	18.369346733668	18.369346733668	18.369346733668	18.369346733668	18.369346733668	18.369346733668	18.369346733668	18.369346733668	18.369346733668	18.369346733668	18.369346733668	18.369346733668	18.369346733668	18.369346733668	18.369346733668	18.369346733668	18.369346733668	18.369346733668	18.369346733668	18.369346733668	18.369346733668	18.369346733668	18.369346733668	18.369346733668	18.369346733668	18.369346733668	18.369346733668	18.369346733668	18.369346733668	18.369346733668	18.369346733668	18.369346733668	18.369346733668	18.369346733668	18.369346733668	18.369346733668	18.369346733668	18.369346733668	18.369346733668	18.369346733668	18.369346733668	18.369346733668	18.369346733668	18.369346733668	18.369346733668	18.369346733668	18.369346733668	18.369346733668	18.369346733668	18.369346733668	18.369346733668	18.369346733668	18.369346733668	18.369346733668	18.369346733668	18.369346733668	18.369346733668	18.369346733668	18.369346733668	18.369346733668	18.369346733668	18.369346733668	18.369346733668	18.369346733668	18.369346733668	18.369346733668	18.369346733668	18.369346733668	18.369346733668	18.369346733668	18.369346733668	18.369346733668	18.369346733668	18.369346733668	18.369346733668	18.369346733668	18.369346733668	18.369346733668	18.369346733668	18.369346733668	18.369346733668	18.369346733668	18.369346733668	18.369346733668	18.369346733668	18.369346733668	18.369346733668	18.369346733668	18.369346733668	18.369346733668	18.369346733668	18.369346733668	18.369346733668	18.369346733668	18.369346733668	18.369346733668	18.369346733668	18.369346733668	18.369346733668	18.369346733668	18.369346733668	18.369346733668	18.369346733668	18.369346733668	18.369346733668	18.369346733668	18.369346733668	18.369346733668	18.369346733668	18.369346733668	18.369346733668	18.369346733668	18.369346733668	18.369346733668	18.369346733668	18.369346733668	18.369346733668	18.369346733668	18.369346733668	18.369346733668	18.369346733668	18.369346733668	18.369346733668	18.369346733668	18.369346733668	18.369346733668	18.369346733668	18.369346733668	18.369346733668
18.585427135678	18.585427135678	18.585427135678	18.585427135678	18.585427135678	18.585427135678	18.585427135678	18.585427135678	18.585427135678	18.585427135678	18.585427135678	18.585427135678	18.585427135678	18.585427135678	18.585427135678	18.585427135678	18.585427135678	18.585427135678	18.585427135678	18.585427135678	18.585427135678	18.585427135678	18.585427135678	18.585427135678	18.585427135678	18.585427135678	18.585427135678	18.585427135678	18.585427135678	18.585427135678	18.585427135678	18.585427135678	18.585427135678	18.585427135678	18.585427135678	18.585427135678	18.585427135678	18.585427135678	18.585427135678	18.585427135678	18.585427135678	18.585427135678	18.585427135678	18.585427135678	18.585427135678	18.585427135678	18.585427135678	18.585427135678	18.585427135678	18.585427135678	18.585427135678	18.585427135678	18.585427135678	18.585427135678	18.585427135678	18.585427135678	18.585427135678	18.585427135678	18.585427135678	18.585427135678	18.585427135678	18.585427135678	18.585427135678	18.585427135678	18.585427135678	18.585427135678	18.585427135678	18.585427135678	18.585427135678	18.585427135678	18.585427135678	18.585427135678	18.585427135678	18.585427135678	18.585427135678	18.585427135678	18.585427135678	18.585427135678	18.585427135678	18.585427135678	18.585427135678	18.585427135678	18.585427135678	18.585427135678	18.585427135678	18.585427135678	18.585427135678	18.585427135678	18.585427135678	18.585427135678	18.585427135678	18.585427135678	18.585427135678	18.585427135678	18.585427135678	18.585427135678	18.585427135678	18.585427135678	18.585427135678	18.585427135678	18.585427135678	18.585427135678	18.585427135678	18.585427135678	18.585427135678	18.585427135678	18.585427135678	18.585427135678	18.585427135678	18.585427135678	18.585427135678	18.585427135678	18.585427135678	18.585427135678	18.585427135678	18.585427135678	18.585427135678	18.585427135678	18.585427135678	18.585427135678	18.585427135678	18.585427135678	18.585427135678	18.585427135678	18.585427135678	18.585427135678	18.585427135678	18.585427135678	18.585427135678	18.585427135678	18.585427135678	18.585427135678	18.585427135678	18.585427135678	18.585427135678	18.585427135678	18.585427135678	18.585427135678	18.585427135678	18.585427135678	18.585427135678	18.585427135678	18.585427135678	18.585427135678	18.585427135678	18.585427135678	18.585427135678	18.585427135678	18.585427135678	18.585427135678	18.585427135678	18.585427135678	18.585427135678	18.585427135678	18.585427135678	18.585427135678	18.585427135678	18.585427135678	18.585427135678	18.585427135678	18.585427135678	18.585427135678	18.585427135678	18.585427135678	18.585427135678	18.585427135678	18.585427135678	18.585427135678	18.585427135678	18.585427135678	18.585427135678	18.585427135678	18.585427135678	18.585427135678	18.585427135678	18.585427135678	18.585427135678	18.585427135678	18.585427135678	18.585427135678	18.585427135678	18.585427135678	18.585427135678	18.585427135678	18.585427135678	18.585427135678	18.585427135678	18.585427135678	18.585427135678	18.585427135678	18.585427135678	18.585427135678	18.585427135678	18.585427135678	18.585427135678	18.585427135678	18.585427135678	18.585427135678	18.585427135678	18.585427135678
18.801507537688	18.801507537688	18.801507537688	18.801507537688	18.801507537688	18.801507537688	18.801507537688	18.801507537688	18.801507537688	18.801507537688	18.801507537688	18.801507537688	18.801507537688	18.801507537688	18.801507537688	18.801507537688	18.801507537688	18.801507537688	18.801507537688	18.801507537688	18.801507537688	18.801507537688	18.801507537688	18.801507537688	18.801507537688	18.801507537688	18.801507537688	18.801507537688	18.801507537688	18.801507537688	18.801507537688	18.801507537688	18.801507537688	18.801507537688	18.801507537688	18.801507537688	18.801507537688	18.801507537688	18.801507537688	18.801507537688	18.801507537688	18.801507537688	18.801507537688	18.801507537688	18.801507537688	18.801507537688	18.801507537688	18.801507537688	18.801507537688	18.801507537688	18.801507537688	18.801507537688	18.801507537688	18.801507537688	18.801507537688	18.801507537688	18.801507537688	18.801507537688	18.801507537688	18.801507537688	18.801507537688	18.801507537688	18.801507537688	18.801507537688	18.801507537688	18.801507537688	18.801507537688	18.801507537688	18.801507537688	18.801507537688	18.801507537688	18.801507537688	18.801507537688	18.801507537688	18.801507537688	18.801507537688	18.801507537688	18.801507537688	18.801507537688	18.801507537688	18.801507537688	18.801507537688	18.801507537688	18.801507537688	18.801507537688	18.801507537688	18.801507537688	18.801507537688	18.801507537688	18.801507537688	18.801507537688	18.801507537688	18.801507537688	18.801507537688	18.801507537688	18.801507537688	18.801507537688	18.801507537688	18.801507537688	18.801507537688	18.801507537688	18.801507537688	18.801507537688	18.801507537688	18.801507537688	18.801507537688	18.801507537688	18.801507537688	18.801507537688	18.801507537688	18.801507537688	18.801507537688	18.801507537688	18.801507537688	18.801507537688	18.801507537688	18.801507537688	18.801507537688	18.801507537688	18.801507537688	18.801507537688	18.801507537688	18.801507537688	18.801507537688	18.801507537688	18.801507537688	18.801507537688	18.801507537688	18.801507537688	18.801507537688	18.801507537688	18.801507537688	18.801507537688	18.801507537688	18.801507537688	18.801507537688	18.801507537688	18.801507537688	18.801507537688	18.801507537688	18.801507537688	18.801507537688	18.801507537688	18.801507537688	18.801507537688	18.801507537688	18.801507537688	18.801507537688	18.801507537688	18.801507537688	18.801507537688	18.801507537688	18.801507537688	18.801507537688	18.801507537688	18.801507537688	18.801507537688	18.801507537688	18.801507537688	18.801507537688	18.801507537688	18.801507537688	18.801507537688	18.801507537688	18.801507537688	18.801507537688	18.801507537688	18.801507537688	18.801507537688	18.801507537688	18.801507537688	18.801507537688	18.801507537688	18.801507537688	18.801507537688	18.801507537688	18.801507537688	18.801507537688	18.801507537688	18.801507537688	18.801507537688	18.801507537688	18.801507537688	18.801507537688	18.801507537688	18.801507537688	18.801507537688	18.801507537688	18.801507537688	18.801507537688	18.801507537688	18.801507537688	18.801507537688	18.801507537688	18.801507537688	18.801507537688	18.801507537688	18.801507537688	18.801507537688	18.801507537688
19.017587939698	19.017587939698	19.017587939698	19.017587939698	19.017587939698	19.017587939698	19.017587939698	19.017587939698	19.017587939698	19.017587939698	19.017587939698	19.017587939698	19.017587939698	19.017587939698	19.017587939698	19.017587939698	19.017587939698	19.017587939698	19.017587939698	19.017587939698	19.017587939698	19.017587939698	19.017587939698	19.017587939698	19.017587939698	19.017587939698	19.017587939698	19.017587939698	19.017587939698	19.017587939698	19.017587939698	19.017587939698	19.017587939698	19.017587939698	19.017587939698	19.017587939698	19.017587939698	19.017587939698	19.017587939698	19.017587939698	19.017587939698	19.017587939698	19.017587939698	19.017587939698	19.017587939698	19.017587939698	19.017587939698	19.017587939698	19.017587939698	19.017587939698	19.017587939698	19.017587939698	19.017587939698	19.017587939698	19.017587939698	19.017587939698	19.017587939698	19.017587939698	19.017587939698	19.017587939698	19.017587939698	19.017587939698	19.017587939698	19.017587939698	19.017587939698	19.017587939698	19.017587939698	19.017587939698	19.017587939698	19.017587939698	19.017587939698	19.017587939698	19.017587939698	19.017587939698	19.017587939698	19.017587939698	19.017587939698	19.017587939698	19.017587939698	19.017587939698	19.017587939698	19.017587939698	19.017587939698	19.017587939698	19.017587939698	19.017587939698	19.017587939698	19.017587939698	19.017587939698	19.017587939698	19.017587939698	19.017587939698	19.017587939698	19.017587939698	19.017587939698	19.017587939698	19.017587939698	19.017587939698	19.017587939698	19.017587939698	19.017587939698	19.017587939698	19.017587939698	19.017587939698	19.017587939698	19.017587939698	19.017587939698	19.017587939698	19.017587939698	19.017587939698	19.017587939698	19.017587939698	19.017587939698	19.017587939698	19.017587939698	19.017587939698	19.017587939698	19.017587939698	19.017587939698	19.017587939698	19.017587939698	19.017587939698	19.017587939698	19.017587939698	19.017587939698	19.017587939698	19.017587939698	19.017587939698	19.017587939698	19.017587939698	19.017587939698	19.017587939698	19.017587939698	19.017587939698	19.017587939698	19.017587939698	19.017587939698	19.017587939698	19.017587939698	19.017587939698	19.017587939698	19.017587939698	19.017587939698	19.017587939698	19.017587939698	19.017587939698	19.017587939698	19.017587939698	19.017587939698	19.017587939698	19.017587939698	19.017587939698	19.017587939698	19.017587939698	19.017587939698	19.017587939698	19.017587939698	19.017587939698	19.017587939698	19.017587939698	19.017587939698	19.017587939698	19.017587939698	19.017587939698	19.017587939698	19.017587939698	19.017587939698	19.017587939698	19.017587939698	19.017587939698	19.017587939698	19.017587939698	19.017587939698	19.017587939698	19.017587939698	19.017587939698	19.017587939698	19.017587939698	19.017587939698	19.017587939698	19.017587939698	19.017587939698	19.017587939698	19.017587939698	19.017587939698	19.017587939698	19.017587939698	19.017587939698	19.017587939698	19.017587939698	19.017587939698	19.017587939698	19.017587939698	19.017587939698	19.017587939698	19.017587939698	19.017587939698	19.017587939698	19.017587939698	19.017587939698
19.233668341709	19.233668341709	19.233668341709	19.233668341709	19.233668341709	19.233668341709	19.233668341709	19.233668341709	19.233668341709	19.233668341709	19.233668341709	19.233668341709	19.233668341709	19.233668341709	19.233668341709	19.233668341709	19.233668341709	19.233668341709	19.233668341709	19.233668341709	19.233668341709	19.233668341709	19.233668341709	19.233668341709	19.233668341709	19.233668341709	19.233668341709	19.233668341709	19.233668341709	19.233668341709	19.233668341709	19.233668341709	19.233668341709	19.233668341709	19.233668341709	19.233668341709	19.233668341709	19.233668341709	19.233668341709	19.233668341709	19.233668341709	19.233668341709	19.233668341709	19.233668341709	19.233668341709	19.233668341709	19.233668341709	19.233668341709	19.233668341709	19.233668341709	19.233668341709	19.233668341709	19.233668341709	19.233668341709	19.233668341709	19.233668341709	19.233668341709	19.233668341709	19.233668341709	19.233668341709	19.233668341709	19.233668341709	19.233668341709	19.233668341709	19.233668341709	19.233668341709	19.233668341709	19.233668341709	19.233668341709	19.233668341709	19.233668341709	19.233668341709	19.233668341709	19.233668341709	19.233668341709	19.233668341709	19.233668341709	19.233668341709	19.233668341709	19.233668341709	19.233668341709	19.233668341709	19.233668341709	19.233668341709	19.233668341709	19.233668341709	19.233668341709	19.233668341709	19.233668341709	19.233668341709	19.233668341709	19.233668341709	19.233668341709	19.233668341709	19.233668341709	19.233668341709	19.233668341709	19.233668341709	19.233668341709	19.233668341709	19.233668341709	19.233668341709	19.233668341709	19.233668341709	19.233668341709	19.233668341709	19.233668341709	19.233668341709	19.233668341709	19.233668341709	19.233668341709	19.233668341709	19.233668341709	19.233668341709	19.233668341709	19.233668341709	19.233668341709	19.233668341709	19.233668341709	19.233668341709	19.233668341709	19.233668341709	19.233668341709	19.233668341709	19.233668341709	19.233668341709	19.233668341709	19.233668341709	19.233668341709	19.233668341709	19.233668341709	19.233668341709	19.233668341709	19.233668341709	19.233668341709	19.233668341709	19.233668341709	19.233668341709	19.233668341709	19.233668341709	19.233668341709	19.233668341709	19.233668341709	19.233668341709	19.233668341709	19.233668341709	19.233668341709	19.233668341709	19.233668341709	19.233668341709	19.233668341709	19.233668341709	19.233668341709	19.233668341709	19.233668341709	19.233668341709	19.233668341709	19.233668341709	19.233668341709	19.233668341709	19.233668341709	19.233668341709	19.233668341709	19.233668341709	19.233668341709	19.233668341709	19.233668341709	19.233668341709	19.233668341709	19.233668341709	19.233668341709	19.233668341709	19.233668341709	19.233668341709	19.233668341709	19.233668341709	19.233668341709	19.233668341709	19.233668341709	19.233668341709	19.233668341709	19.233668341709	19.233668341709	19.233668341709	19.233668341709	19.233668341709	19.233668341709	19.233668341709	19.233668341709	19.233668341709	19.233668341709	19.233668341709	19.233668341709	19.233668341709	19.233668341709	19.233668341709	19.233668341709	19.233668341709	19.233668341709	19.233668341709
19.449748743719	19.449748743719	19.449748743719	19.449748743719	19.449748743719	19.449748743719	19.449748743719	19.449748743719	19.449748743719	19.449748743719	19.449748743719	19.449748743719	19.449748743719	19.449748743719	19.449748743719	19.449748743719	19.449748743719	19.449748743719	19.449748743719	19.449748743719	19.449748743719	19.449748743719	19.449748743719	19.449748743719	19.449748743719	19.449748743719	19.449748743719	19.449748743719	19.449748743719	19.449748743719	19.449748743719	19.449748743719	19.449748743719	19.449748743719	19.449748743719	19.449748743719	19.449748743719	19.449748743719	19.449748743719	19.449748743719	19.449748743719	19.449748743719	19.449748743719	19.449748743719	19.449748743719	19.449748743719	19.449748743719	19.449748743719	19.449748743719	19.449748743719	19.449748743719	19.449748743719	19.449748743719	19.449748743719	19.449748743719	19.449748743719	19.449748743719	19.449748743719	19.449748743719	19.449748743719	19.449748743719	19.449748743719	19.449748743719	19.449748743719	19.449748743719	19.449748743719	19.449748743719	19.449748743719	19.449748743719	19.449748743719	19.449748743719	19.449748743719	19.449748743719	19.449748743719	19.449748743719	19.449748743719	19.449748743719	19.449748743719	19.449748743719	19.449748743719	19.449748743719	19.449748743719	19.449748743719	19.449748743719	19.449748743719	19.449748743719	19.449748743719	19.449748743719	19.449748743719	19.449748743719	19.449748743719	19.449748743719	19.449748743719	19.449748743719	19.449748743719	19.449748743719	19.449748743719	19.449748743719	19.449748743719	19.449748743719	19.449748743719	19.449748743719	19.449748743719	19.449748743719	19.449748743719	19.449748743719	19.449748743719	19.449748743719	19.449748743719	19.449748743719	19.449748743719	19.449748743719	19.449748743719	19.449748743719	19.449748743719	19.449748743719	19.449748743719	19.449748743719	19.449748743719	19.449748743719	19.449748743719	19.449748743719	19.449748743719	19.449748743719	19.449748743719	19.449748743719	19.449748743719	19.449748743719	19.449748743719	19.449748743719	19.449748743719	19.449748743719	19.449748743719	19.449748743719	19.449748743719	19.449748743719	19.449748743719	19.449748743719	19.449748743719	19.449748743719	19.449748743719	19.449748743719	19.449748743719	19.449748743719	19.449748743719	19.449748743719	19.449748743719	19.449748743719	19.449748743719	19.449748743719	19.449748743719	19.449748743719	19.449748743719	19.449748743719	19.449748743719	19.449748743719	19.449748743719	19.449748743719	19.449748743719	19.449748743719	19.449748743719	19.449748743719	19.449748743719	19.449748743719	19.449748743719	19.449748743719	19.449748743719	19.449748743719	19.449748743719	19.449748743719	19.449748743719	19.449748743719	19.449748743719	19.449748743719	19.449748743719	19.449748743719	19.449748743719	19.449748743719	19.449748743719	19.449748743719	19.449748743719	19.449748743719	19.449748743719	19.449748743719	19.449748743719	19.449748743719	19.449748743719	19.449748743719	19.449748743719	19.449748743719	19.449748743719	19.449748743719	19.449748743719	19.449748743719	19.449748743719	19.449748743719	19.449748743719	19.449748743719	19.449748743719	19.449748743719
19.665829145729	19.665829145729	19.665829145729	19.665829145729	19.665829145729	19.665829145729	19.665829145729	19.665829145729	19.665829145729	19.665829145729	19.665829145729	19.665829145729	19.665829145729	19.665829145729	19.665829145729	19.665829145729	19.665829145729	19.665829145729	19.665829145729	19.665829145729	19.665829145729	19.665829145729	19.665829145729	19.665829145729	19.665829145729	19.665829145729	19.665829145729	19.665829145729	19.665829145729	19.665829145729	19.665829145729	19.665829145729	19.665829145729	19.665829145729	19.665829145729	19.665829145729	19.665829145729	19.665829145729	19.665829145729	19.665829145729	19.665829145729	19.665829145729	19.665829145729	19.665829145729	19.665829145729	19.665829145729	19.665829145729	19.665829145729	19.665829145729	19.665829145729	19.665829145729	19.665829145729	19.665829145729	19.665829145729	19.665829145729	19.665829145729	19.665829145729	19.665829145729	19.665829145729	19.665829145729	19.665829145729	19.665829145729	19.665829145729	19.665829145729	19.665829145729	19.665829145729	19.665829145729	19.665829145729	19.665829145729	19.665829145729	19.665829145729	19.665829145729	19.665829145729	19.665829145729	19.665829145729	19.665829145729	19.665829145729	19.665829145729	19.665829145729	19.665829145729	19.665829145729	19.665829145729	19.665829145729	19.665829145729	19.665829145729	19.665829145729	19.665829145729	19.665829145729	19.665829145729	19.665829145729	19.665829145729	19.665829145729	19.665829145729	19.665829145729	19.665829145729	19.665829145729	19.665829145729	19.665829145729	19.665829145729	19.665829145729	19.665829145729	19.665829145729	19.665829145729	19.665829145729	19.665829145729	19.665829145729	19.665829145729	19.665829145729	19.665829145729	19.665829145729	19.665829145729	19.665829145729	19.665829145729	19.665829145729	19.665829145729	19.665829145729	19.665829145729	19.665829145729	19.665829145729	19.665829145729	19.665829145729	19.665829145729	19.665829145729	19.665829145729	19.665829145729	19.665829145729	19.665829145729	19.665829145729	19.665829145729	19.665829145729	19.665829145729	19.665829145729	19.665829145729	19.665829145729	19.665829145729	19.665829145729	19.665829145729	19.665829145729	19.665829145729	19.665829145729	19.665829145729	19.665829145729	19.665829145729	19.665829145729	19.665829145729	19.665829145729	19.665829145729	19.665829145729	19.665829145729	19.665829145729	19.665829145729	19.665829145729	19.665829145729	19.665829145729	19.665829145729	19.665829145729	19.665829145729	19.665829145729	19.665829145729	19.665829145729	19.665829145729	19.665829145729	19.665829145729	19.665829145729	19.665829145729	19.665829145729	19.665829145729	19.665829145729	19.665829145729	19.665829145729	19.665829145729	19.665829145729	19.665829145729	19.665829145729	19.665829145729	19.665829145729	19.665829145729	19.665829145729	19.665829145729	19.665829145729	19.665829145729	19.665829145729	19.665829145729	19.665829145729	19.665829145729	19.665829145729	19.665829145729	19.665829145729	19.665829145729	19.665829145729	19.665829145729	19.665829145729	19.665829145729	19.665829145729	19.665829145729	19.665829145729	19.665829145729	19.665829145729	19.665829145729	19.665829145729
19.881909547739	19.881909547739	19.881909547739	19.881909547739	19.881909547739	19.881909547739	19.881909547739	19.881909547739	19.881909547739	19.881909547739	19.881909547739	19.881909547739	19.881909547739	19.881909547739	19.881909547739	19.881909547739	19.881909547739	19.881909547739	19.881909547739	19.881909547739	19.881909547739	19.881909547739	19.881909547739	19.881909547739	19.881909547739	19.881909547739	19.881909547739	19.881909547739	19.881909547739	19.881909547739	19.881909547739	19.881909547739	19.881909547739	19.881909547739	19.881909547739	19.881909547739	19.881909547739	19.881909547739	19.881909547739	19.881909547739	19.881909547739	19.881909547739	19.881909547739	19.881909547739	19.881909547739	19.881909547739	19.881909547739	19.881909547739	19.881909547739	19.881909547739	19.881909547739	19.881909547739	19.881909547739	19.881909547739	19.881909547739	19.881909547739	19.881909547739	19.881909547739	19.881909547739	19.881909547739	19.881909547739	19.881909547739	19.881909547739	19.881909547739	19.881909547739	19.881909547739	19.881909547739	19.881909547739	19.881909547739	19.881909547739	19.881909547739	19.881909547739	19.881909547739	19.881909547739	19.881909547739	19.881909547739	19.881909547739	19.881909547739	19.881909547739	19.881909547739	19.881909547739	19.881909547739	19.881909547739	19.881909547739	19.881909547739	19.881909547739	19.881909547739	19.881909547739	19.881909547739	19.881909547739	19.881909547739	19.881909547739	19.881909547739	19.881909547739	19.881909547739	19.881909547739	19.881909547739	19.881909547739	19.881909547739	19.881909547739	19.881909547739	19.881909547739	19.881909547739	19.881909547739	19.881909547739	19.881909547739	19.881909547739	19.881909547739	19.881909547739	19.881909547739	19.881909547739	19.881909547739	19.881909547739	19.881909547739	19.881909547739	19.881909547739	19.881909547739	19.881909547739	19.881909547739	19.881909547739	19.881909547739	19.881909547739	19.881909547739	19.881909547739	19.881909547739	19.881909547739	19.881909547739	19.881909547739	19.881909547739	19.881909547739	19.881909547739	19.881909547739	19.881909547739	19.881909547739	19.881909547739	19.881909547739	19.881909547739	19.881909547739	19.881909547739	19.881909547739	19.881909547739	19.881909547739	19.881909547739	19.881909547739	19.881909547739	19.881909547739	19.881909547739	19.881909547739	19.881909547739	19.881909547739	19.881909547739	19.881909547739	19.881909547739	19.881909547739	19.881909547739	19.881909547739	19.881909547739	19.881909547739	19.881909547739	19.881909547739	19.881909547739	19.881909547739	19.881909547739	19.881909547739	19.881909547739	19.881909547739	19.881909547739	19.881909547739	19.881909547739	19.881909547739	19.881909547739	19.881909547739	19.881909547739	19.881909547739	19.881909547739	19.881909547739	19.881909547739	19.881909547739	19.881909547739	19.881909547739	19.881909547739	19.881909547739	19.881909547739	19.881909547739	19.881909547739	19.881909547739	19.881909547739	19.881909547739	19.881909547739	19.881909547739	19.881909547739	19.881909547739	19.881909547739	19.881909547739	19.881909547739	19.881909547739	19.881909547739	19.881909547739	19.881909547739	19.881909547739
20.097989949749	20.097989949749	20.097989949749	20.097989949749	20.097989949749	20.097989949749	20.097989949749	20.097989949749	20.097989949749	20.097989949749	20.097989949749	20.097989949749	20.097989949749	20.097989949749	20.097989949749	20.097989949749	20.097989949749	20.097989949749	20.097989949749	20.097989949749	20.097989949749	20.097989949749	20.097989949749	20.097989949749	20.097989949749	20.097989949749	20.097989949749	20.097989949749	20.097989949749	20.097989949749	20.097989949749	20.097989949749	20.097989949749	20.097989949749	20.097989949749	20.097989949749	20.097989949749	20.097989949749	20.097989949749	20.097989949749	20.097989949749	20.097989949749	20.097989949749	20.097989949749	20.097989949749	20.097989949749	20.097989949749	20.097989949749	20.097989949749	20.097989949749	20.097989949749	20.097989949749	20.097989949749	20.097989949749	20.097989949749	20.097989949749	20.097989949749	20.097989949749	20.097989949749	20.097989949749	20.097989949749	20.097989949749	20.097989949749	20.097989949749	20.097989949749	20.097989949749	20.097989949749	20.097989949749	20.097989949749	20.097989949749	20.097989949749	20.097989949749	20.097989949749	20.097989949749	20.097989949749	20.097989949749	20.097989949749	20.097989949749	20.097989949749	20.097989949749	20.097989949749	20.097989949749	20.097989949749	20.097989949749	20.097989949749	20.097989949749	20.097989949749	20.097989949749	20.097989949749	20.097989949749	20.097989949749	20.097989949749	20.097989949749	20.097989949749	20.097989949749	20.097989949749	20.097989949749	20.097989949749	20.097989949749	20.097989949749	20.097989949749	20.097989949749	20.097989949749	20.097989949749	20.097989949749	20.097989949749	20.097989949749	20.097989949749	20.097989949749	20.097989949749	20.097989949749	20.097989949749	20.097989949749	20.097989949749	20.097989949749	20.097989949749	20.097989949749	20.097989949749	20.097989949749	20.097989949749	20.097989949749	20.097989949749	20.097989949749	20.097989949749	20.097989949749	20.097989949749	20.097989949749	20.097989949749	20.097989949749	20.097989949749	20.097989949749	20.097989949749	20.097989949749	20.097989949749	20.097989949749	20.097989949749	20.097989949749	20.097989949749	20.097989949749	20.097989949749	20.097989949749	20.097989949749	20.097989949749	20.097989949749	20.097989949749	20.097989949749	20.097989949749	20.097989949749	20.097989949749	20.097989949749	20.097989949749	20.097989949749	20.097989949749	20.097989949749	20.097989949749	20.097989949749	20.097989949749	20.097989949749	20.097989949749	20.097989949749	20.097989949749	20.097989949749	20.097989949749	20.097989949749	20.097989949749	20.097989949749	20.097989949749	20.097989949749	20.097989949749	20.097989949749	20.097989949749	20.097989949749	20.097989949749	20.097989949749	20.097989949749	20.097989949749	20.097989949749	20.097989949749	20.097989949749	20.097989949749	20.097989949749	20.097989949749	20.097989949749	20.097989949749	20.097989949749	20.097989949749	20.097989949749	20.097989949749	20.097989949749	20.097989949749	20.097989949749	20.097989949749	20.097989949749	20.097989949749	20.097989949749	20.097989949749	20.097989949749	20.097989949749	20.097989949749	20.097989949749
20.314070351759	20.314070351759	20.314070351759	20.314070351759	20.314070351759	20.314070351759	20.314070351759	20.314070351759	20.314070351759	20.314070351759	20.314070351759	20.314070351759	20.314070351759	20.314070351759	20.314070351759	20.314070351759	20.314070351759	20.314070351759	20.314070351759	20.314070351759	20.314070351759	20.314070351759	20.314070351759	20.314070351759	20.314070351759	20.314070351759	20.314070351759	20.314070351759	20.314070351759	20.314070351759	20.314070351759	20.314070351759	20.314070351759	20.314070351759	20.314070351759	20.314070351759	20.314070351759	20.314070351759	20.314070351759	20.314070351759	20.314070351759	20.314070351759	20.314070351759	20.314070351759	20.314070351759	20.314070351759	20.314070351759	20.314070351759	20.314070351759	20.314070351759	20.314070351759	20.314070351759	20.314070351759	20.314070351759	20.314070351759	20.314070351759	20.314070351759	20.314070351759	20.314070351759	20.314070351759	20.314070351759	20.314070351759	20.314070351759	20.314070351759	20.314070351759	20.314070351759	20.314070351759	20.314070351759	20.314070351759	20.314070351759	20.314070351759	20.314070351759	20.314070351759	20.314070351759	20.314070351759	20.314070351759	20.314070351759	20.314070351759	20.314070351759	20.314070351759	20.314070351759	20.314070351759	20.314070351759	20.314070351759	20.314070351759	20.314070351759	20.314070351759	20.314070351759	20.314070351759	20.314070351759	20.314070351759	20.314070351759	20.314070351759	20.314070351759	20.314070351759	20.314070351759	20.314070351759	20.314070351759	20.314070351759	20.314070351759	20.314070351759	20.314070351759	20.314070351759	20.314070351759	20.314070351759	20.314070351759	20.314070351759	20.314070351759	20.314070351759	20.314070351759	20.314070351759	20.314070351759	20.314070351759	20.314070351759	20.314070351759	20.314070351759	20.314070351759	20.314070351759	20.314070351759	20.314070351759	20.314070351759	20.314070351759	20.314070351759	20.314070351759	20.314070351759	20.314070351759	20.314070351759	20.314070351759	20.314070351759	20.314070351759	20.314070351759	20.314070351759	20.314070351759	20.314070351759	20.314070351759	20.314070351759	20.314070351759	20.314070351759	20.314070351759	20.314070351759	20.314070351759	20.314070351759	20.314070351759	20.314070351759	20.314070351759	20.314070351759	20.314070351759	20.314070351759	20.314070351759	20.314070351759	20.314070351759	20.314070351759	20.314070351759	20.314070351759	20.314070351759	20.314070351759	20.314070351759	20.314070351759	20.314070351759	20.314070351759	20.314070351759	20.314070351759	20.314070351759	20.314070351759	20.314070351759	20.314070351759	20.314070351759	20.314070351759	20.314070351759	20.314070351759	20.314070351759	20.314070351759	20.314070351759	20.314070351759	20.314070351759	20.314070351759	20.314070351759	20.314070351759	20.314070351759	20.314070351759	20.314070351759	20.314070351759	20.314070351759	20.314070351759	20.314070351759	20.314070351759	20.314070351759	20.314070351759	20.314070351759	20.314070351759	20.314070351759	20.314070351759	20.314070351759	20.314070351759	20.314070351759	20.314070351759	20.314070351759	20.314070351759	20.314070351759	20.314070351759
20.530150753769	20.530150753769	20.530150753769	20.530150753769	20.530150753769	20.530150753769	20.530150753769	20.530150753769	20.530150753769	20.530150753769	20.530150753769	20.530150753769	20.530150753769	20.530150753769	20.530150753769	20.530150753769	20.530150753769	20.530150753769	20.530150753769	20.530150753769	20.530150753769	20.530150753769	20.530150753769	20.530150753769	20.530150753769	20.530150753769	20.530150753769	20.530150753769	20.530150753769	20.530150753769	20.530150753769	20.530150753769	20.530150753769	20.530150753769	20.530150753769	20.530150753769	20.530150753769	20.530150753769	20.530150753769	20.530150753769	20.530150753769	20.530150753769	20.530150753769	20.530150753769	20.530150753769	20.530150753769	20.530150753769	20.530150753769	20.530150753769	20.530150753769	20.530150753769	20.530150753769	20.530150753769	20.530150753769	20.530150753769	20.530150753769	20.530150753769	20.530150753769	20.530150753769	20.530150753769	20.530150753769	20.530150753769	20.530150753769	20.530150753769	20.530150753769	20.530150753769	20.530150753769	20.530150753769	20.530150753769	20.530150753769	20.530150753769	20.530150753769	20.530150753769	20.530150753769	20.530150753769	20.530150753769	20.530150753769	20.530150753769	20.530150753769	20.530150753769	20.530150753769	20.530150753769	20.530150753769	20.530150753769	20.530150753769	20.530150753769	20.530150753769	20.530150753769	20.530150753769	20.530150753769	20.530150753769	20.530150753769	20.530150753769	20.530150753769	20.530150753769	20.530150753769	20.530150753769	20.530150753769	20.530150753769	20.530150753769	20.530150753769	20.530150753769	20.530150753769	20.530150753769	20.530150753769	20.530150753769	20.530150753769	20.530150753769	20.530150753769	20.530150753769	20.530150753769	20.530150753769	20.530150753769	20.530150753769	20.530150753769	20.530150753769	20.530150753769	20.530150753769	20.530150753769	20.530150753769	20.530150753769	20.530150753769	20.530150753769	20.530150753769	20.530150753769	20.530150753769	20.530150753769	20.530150753769	20.530150753769	20.530150753769	20.530150753769	20.530150753769	20.530150753769	20.530150753769	20.530150753769	20.530150753769	20.530150753769	20.530150753769	20.530150753769	20.530150753769	20.530150753769	20.530150753769	20.530150753769	20.530150753769	20.530150753769	20.530150753769	20.530150753769	20.530150753769	20.530150753769	20.530150753769	20.530150753769	20.530150753769	20.530150753769	20.530150753769	20.530150753769	20.530150753769	20.530150753769	20.530150753769	20.530150753769	20.530150753769	20.530150753769	20.530150753769	20.530150753769	20.530150753769	20.530150753769	20.530150753769	20.530150753769	20.530150753769	20.530150753769	20.530150753769	20.530150753769	20.530150753769	20.530150753769	20.530150753769	20.530150753769	20.530150753769	20.530150753769	20.530150753769	20.530150753769	20.530150753769	20.530150753769	20.530150753769	20.530150753769	20.530150753769	20.530150753769	20.530150753769	20.530150753769	20.530150753769	20.530150753769	20.530150753769	20.530150753769	20.530150753769	20.530150753769	20.530150753769	20.530150753769	20.530150753769	20.530150753769	20.530150753769	20.530150753769	20.530150753769
20.746231155779	20.746231155779	20.746231155779	20.746231155779	20.746231155779	20.746231155779	20.746231155779	20.746231155779	20.746231155779	20.746231155779	20.746231155779	20.746231155779	20.746231155779	20.746231155779	20.746231155779	20.746231155779	20.746231155779	20.746231155779	20.746231155779	20.746231155779	20.746231155779	20.746231155779	20.746231155779	20.746231155779	20.746231155779	20.746231155779	20.746231155779	20.746231155779	20.746231155779	20.746231155779	20.746231155779	20.746231155779	20.746231155779	20.746231155779	20.746231155779	20.746231155779	20.746231155779	20.746231155779	20.746231155779	20.746231155779	20.746231155779	20.746231155779	20.746231155779	20.746231155779	20.746231155779	20.746231155779	20.746231155779	20.746231155779	20.746231155779	20.746231155779	20.746231155779	20.746231155779	20.746231155779	20.746231155779	20.746231155779	20.746231155779	20.746231155779	20.746231155779	20.746231155779	20.746231155779	20.746231155779	20.746231155779	20.746231155779	20.746231155779	20.746231155779	20.746231155779	20.746231155779	20.746231155779	20.746231155779	20.746231155779	20.746231155779	20.746231155779	20.746231155779	20.746231155779	20.746231155779	20.746231155779	20.746231155779	20.746231155779	20.746231155779	20.746231155779	20.746231155779	20.746231155779	20.746231155779	20.746231155779	20.746231155779	20.746231155779	20.746231155779	20.746231155779	20.746231155779	20.746231155779	20.746231155779	20.746231155779	20.746231155779	20.746231155779	20.746231155779	20.746231155779	20.746231155779	20.746231155779	20.746231155779	20.746231155779	20.746231155779	20.746231155779	20.746231155779	20.746231155779	20.746231155779	20.746231155779	20.746231155779	20.746231155779	20.746231155779	20.746231155779	20.746231155779	20.746231155779	20.746231155779	20.746231155779	20.746231155779	20.746231155779	20.746231155779	20.746231155779	20.746231155779	20.746231155779	20.746231155779	20.746231155779	20.746231155779	20.746231155779	20.746231155779	20.746231155779	20.746231155779	20.746231155779	20.746231155779	20.746231155779	20.746231155779	20.746231155779	20.746231155779	20.746231155779	20.746231155779	20.746231155779	20.746231155779	20.746231155779	20.746231155779	20.746231155779	20.746231155779	20.746231155779	20.746231155779	20.746231155779	20.746231155779	20.746231155779	20.746231155779	20.746231155779	20.746231155779	20.746231155779	20.746231155779	20.746231155779	20.746231155779	20.746231155779	20.746231155779	20.746231155779	20.746231155779	20.746231155779	20.746231155779	20.746231155779	20.746231155779	20.746231155779	20.746231155779	20.746231155779	20.746231155779	20.746231155779	20.746231155779	20.746231155779	20.746231155779	20.746231155779	20.746231155779	20.746231155779	20.746231155779	20.746231155779	20.746231155779	20.746231155779	20.746231155779	20.746231155779	20.746231155779	20.746231155779	20.746231155779	20.746231155779	20.746231155779	20.746231155779	20.746231155779	20.746231155779	20.746231155779	20.746231155779	20.746231155779	20.746231155779	20.746231155779	20.746231155779	20.746231155779	20.746231155779	20.746231155779	20.746231155779	20.746231155779	20.746231155779	20.746231155779	20.746231155779
20.962311557789	20.962311557789	20.962311557789	20.962311557789	20.962311557789	20.962311557789	20.962311557789	20.962311557789	20.962311557789	20.962311557789	20.962311557789	20.962311557789	20.962311557789	20.962311557789	20.962311557789	20.962311557789	20.962311557789	20.962311557789	20.962311557789	20.962311557789	20.962311557789	20.962311557789	20.962311557789	20.962311557789	20.962311557789	20.962311557789	20.962311557789	20.962311557789	20.962311557789	20.962311557789	20.962311557789	20.962311557789	20.962311557789	20.962311557789	20.962311557789	20.962311557789	20.962311557789	20.962311557789	20.962311557789	20.962311557789	20.962311557789	20.962311557789	20.962311557789	20.962311557789	20.962311557789	20.962311557789	20.962311557789	20.962311557789	20.962311557789	20.962311557789	20.962311557789	20.962311557789	20.962311557789	20.962311557789	20.962311557789	20.962311557789	20.962311557789	20.962311557789	20.962311557789	20.962311557789	20.962311557789	20.962311557789	20.962311557789	20.962311557789	20.962311557789	20.962311557789	20.962311557789	20.962311557789	20.962311557789	20.962311557789	20.962311557789	20.962311557789	20.962311557789	20.962311557789	20.962311557789	20.962311557789	20.962311557789	20.962311557789	20.962311557789	20.962311557789	20.962311557789	20.962311557789	20.962311557789	20.962311557789	20.962311557789	20.962311557789	20.962311557789	20.962311557789	20.962311557789	20.962311557789	20.962311557789	20.962311557789	20.962311557789	20.962311557789	20.962311557789	20.962311557789	20.962311557789	20.962311557789	20.962311557789	20.962311557789	20.962311557789	20.962311557789	20.962311557789	20.962311557789	20.962311557789	20.962311557789	20.962311557789	20.962311557789	20.962311557789	20.962311557789	20.962311557789	20.962311557789	20.962311557789	20.962311557789	20.962311557789	20.962311557789	20.962311557789	20.962311557789	20.962311557789	20.962311557789	20.962311557789	20.962311557789	20.962311557789	20.962311557789	20.962311557789	20.962311557789	20.962311557789	20.962311557789	20.962311557789	20.962311557789	20.962311557789	20.962311557789	20.962311557789	20.962311557789	20.962311557789	20.962311557789	20.962311557789	20.962311557789	20.962311557789	20.962311557789	20.962311557789	20.962311557789	20.962311557789	20.962311557789	20.962311557789	20.962311557789	20.962311557789	20.962311557789	20.962311557789	20.962311557789	20.962311557789	20.962311557789	20.962311557789	20.962311557789	20.962311557789	20.962311557789	20.962311557789	20.962311557789	20.962311557789	20.962311557789	20.962311557789	20.962311557789	20.962311557789	20.962311557789	20.962311557789	20.962311557789	20.962311557789	20.962311557789	20.962311557789	20.962311557789	20.962311557789	20.962311557789	20.962311557789	20.962311557789	20.962311557789	20.962311557789	20.962311557789	20.962311557789	20.962311557789	20.962311557789	20.962311557789	20.962311557789	20.962311557789	20.962311557789	20.962311557789	20.962311557789	20.962311557789	20.962311557789	20.962311557789	20.962311557789	20.962311557789	20.962311557789	20.962311557789	20.962311557789	20.962311557789	20.962311557789	20.962311557789	20.962311557789	20.962311557789	20.962311557789
21.178391959799	21.178391959799	21.178391959799	21.178391959799	21.178391959799	21.178391959799	21.178391959799	21.178391959799	21.178391959799	21.178391959799	21.178391959799	21.178391959799	21.178391959799	21.178391959799	21.178391959799	21.178391959799	21.178391959799	21.178391959799	21.178391959799	21.178391959799	21.178391959799	21.178391959799	21.178391959799	21.178391959799	21.178391959799	21.178391959799	21.178391959799	21.178391959799	21.178391959799	21.178391959799	21.178391959799	21.178391959799	21.178391959799	21.178391959799	21.178391959799	21.178391959799	21.178391959799	21.178391959799	21.178391959799	21.178391959799	21.178391959799	21.178391959799	21.178391959799	21.178391959799	21.178391959799	21.178391959799	21.178391959799	21.178391959799	21.178391959799	21.178391959799	21.178391959799	21.178391959799	21.178391959799	21.178391959799	21.178391959799	21.178391959799	21.178391959799	21.178391959799	21.178391959799	21.178391959799	21.178391959799	21.178391959799	21.178391959799	21.178391959799	21.178391959799	21.178391959799	21.178391959799	21.178391959799	21.178391959799	21.178391959799	21.178391959799	21.178391959799	21.178391959799	21.178391959799	21.178391959799	21.178391959799	21.178391959799	21.178391959799	21.178391959799	21.178391959799	21.178391959799	21.178391959799	21.178391959799	21.178391959799	21.178391959799	21.178391959799	21.178391959799	21.178391959799	21.178391959799	21.178391959799	21.178391959799	21.178391959799	21.178391959799	21.178391959799	21.178391959799	21.178391959799	21.178391959799	21.178391959799	21.178391959799	21.178391959799	21.178391959799	21.178391959799	21.178391959799	21.178391959799	21.178391959799	21.178391959799	21.178391959799	21.178391959799	21.178391959799	21.178391959799	21.178391959799	21.178391959799	21.178391959799	21.178391959799	21.178391959799	21.178391959799	21.178391959799	21.178391959799	21.178391959799	21.178391959799	21.178391959799	21.178391959799	21.178391959799	21.178391959799	21.178391959799	21.178391959799	21.178391959799	21.178391959799	21.178391959799	21.178391959799	21.178391959799	21.178391959799	21.178391959799	21.178391959799	21.178391959799	21.178391959799	21.178391959799	21.178391959799	21.178391959799	21.178391959799	21.178391959799	21.178391959799	21.178391959799	21.178391959799	21.178391959799	21.178391959799	21.178391959799	21.178391959799	21.178391959799	21.178391959799	21.178391959799	21.178391959799	21.178391959799	21.178391959799	21.178391959799	21.178391959799	21.178391959799	21.178391959799	21.178391959799	21.178391959799	21.178391959799	21.178391959799	21.178391959799	21.178391959799	21.178391959799	21.178391959799	21.178391959799	21.178391959799	21.178391959799	21.178391959799	21.178391959799	21.178391959799	21.178391959799	21.178391959799	21.178391959799	21.178391959799	21.178391959799	21.178391959799	21.178391959799	21.178391959799	21.178391959799	21.178391959799	21.178391959799	21.178391959799	21.178391959799	21.178391959799	21.178391959799	21.178391959799	21.178391959799	21.178391959799	21.178391959799	21.178391959799	21.178391959799	21.178391959799	21.178391959799	21.178391959799	21.178391959799	21.178391959799	21.178391959799	21.178391959799
21.394472361809	21.394472361809	21.394472361809	21.394472361809	21.394472361809	21.394472361809	21.394472361809	21.394472361809	21.394472361809	21.394472361809	21.394472361809	21.394472361809	21.394472361809	21.394472361809	21.394472361809	21.394472361809	21.394472361809	21.394472361809	21.394472361809	21.394472361809	21.394472361809	21.394472361809	21.394472361809	21.394472361809	21.394472361809	21.394472361809	21.394472361809	21.394472361809	21.394472361809	21.394472361809	21.394472361809	21.394472361809	21.394472361809	21.394472361809	21.394472361809	21.394472361809	21.394472361809	21.394472361809	21.394472361809	21.394472361809	21.394472361809	21.394472361809	21.394472361809	21.394472361809	21.394472361809	21.394472361809	21.394472361809	21.394472361809	21.394472361809	21.394472361809	21.394472361809	21.394472361809	21.394472361809	21.394472361809	21.394472361809	21.394472361809	21.394472361809	21.394472361809	21.394472361809	21.394472361809	21.394472361809	21.394472361809	21.394472361809	21.394472361809	21.394472361809	21.394472361809	21.394472361809	21.394472361809	21.394472361809	21.394472361809	21.394472361809	21.394472361809	21.394472361809	21.394472361809	21.394472361809	21.394472361809	21.394472361809	21.394472361809	21.394472361809	21.394472361809	21.394472361809	21.394472361809	21.394472361809	21.394472361809	21.394472361809	21.394472361809	21.394472361809	21.394472361809	21.394472361809	21.394472361809	21.394472361809	21.394472361809	21.394472361809	21.394472361809	21.394472361809	21.394472361809	21.394472361809	21.394472361809	21.394472361809	21.394472361809	21.394472361809	21.394472361809	21.394472361809	21.394472361809	21.394472361809	21.394472361809	21.394472361809	21.394472361809	21.394472361809	21.394472361809	21.394472361809	21.394472361809	21.394472361809	21.394472361809	21.394472361809	21.394472361809	21.394472361809	21.394472361809	21.394472361809	21.394472361809	21.394472361809	21.394472361809	21.394472361809	21.394472361809	21.394472361809	21.394472361809	21.394472361809	21.394472361809	21.394472361809	21.394472361809	21.394472361809	21.394472361809	21.394472361809	21.394472361809	21.394472361809	21.394472361809	21.394472361809	21.394472361809	21.394472361809	21.394472361809	21.394472361809	21.394472361809	21.394472361809	21.394472361809	21.394472361809	21.394472361809	21.394472361809	21.394472361809	21.394472361809	21.394472361809	21.394472361809	21.394472361809	21.394472361809	21.394472361809	21.394472361809	21.394472361809	21.394472361809	21.394472361809	21.394472361809	21.394472361809	21.394472361809	21.394472361809	21.394472361809	21.394472361809	21.394472361809	21.394472361809	21.394472361809	21.394472361809	21.394472361809	21.394472361809	21.394472361809	21.394472361809	21.394472361809	21.394472361809	21.394472361809	21.394472361809	21.394472361809	21.394472361809	21.394472361809	21.394472361809	21.394472361809	21.394472361809	21.394472361809	21.394472361809	21.394472361809	21.394472361809	21.394472361809	21.394472361809	21.394472361809	21.394472361809	21.394472361809	21.394472361809	21.394472361809	21.394472361809	21.394472361809	21.394472361809	21.394472361809	21.394472361809	21.394472361809	21.394472361809
21.610552763819	21.610552763819	21.610552763819	21.610552763819	21.610552763819	21.610552763819	21.610552763819	21.610552763819	21.610552763819	21.610552763819	21.610552763819	21.610552763819	21.610552763819	21.610552763819	21.610552763819	21.610552763819	21.610552763819	21.610552763819	21.610552763819	21.610552763819	21.610552763819	21.610552763819	21.610552763819	21.610552763819	21.610552763819	21.610552763819	21.610552763819	21.610552763819	21.610552763819	21.610552763819	21.610552763819	21.610552763819	21.610552763819	21.610552763819	21.610552763819	21.610552763819	21.610552763819	21.610552763819	21.610552763819	21.610552763819	21.610552763819	21.610552763819	21.610552763819	21.610552763819	21.610552763819	21.610552763819	21.610552763819	21.610552763819	21.610552763819	21.610552763819	21.610552763819	21.610552763819	21.610552763819	21.610552763819	21.610552763819	21.610552763819	21.610552763819	21.610552763819	21.610552763819	21.610552763819	21.610552763819	21.610552763819	21.610552763819	21.610552763819	21.610552763819	21.610552763819	21.610552763819	21.610552763819	21.610552763819	21.610552763819	21.610552763819	21.610552763819	21.610552763819	21.610552763819	21.610552763819	21.610552763819	21.610552763819	21.610552763819	21.610552763819	21.610552763819	21.610552763819	21.610552763819	21.610552763819	21.610552763819	21.610552763819	21.610552763819	21.610552763819	21.610552763819	21.610552763819	21.610552763819	21.610552763819	21.610552763819	21.610552763819	21.610552763819	21.610552763819	21.610552763819	21.610552763819	21.610552763819	21.610552763819	21.610552763819	21.610552763819	21.610552763819	21.610552763819	21.610552763819	21.610552763819	21.610552763819	21.610552763819	21.610552763819	21.610552763819	21.610552763819	21.610552763819	21.610552763819	21.610552763819	21.610552763819	21.610552763819	21.610552763819	21.610552763819	21.610552763819	21.610552763819	21.610552763819	21.610552763819	21.610552763819	21.610552763819	21.610552763819	21.610552763819	21.610552763819	21.610552763819	21.610552763819	21.610552763819	21.610552763819	21.610552763819	21.610552763819	21.610552763819	21.610552763819	21.610552763819	21.610552763819	21.610552763819	21.610552763819	21.610552763819	21.610552763819	21.610552763819	21.610552763819	21.610552763819	21.610552763819	21.610552763819	21.610552763819	21.610552763819	21.610552763819	21.610552763819	21.610552763819	21.610552763819	21.610552763819	21.610552763819	21.610552763819	21.610552763819	21.610552763819	21.610552763819	21.610552763819	21.610552763819	21.610552763819	21.610552763819	21.610552763819	21.610552763819	21.610552763819	21.610552763819	21.610552763819	21.610552763819	21.610552763819	21.610552763819	21.610552763819	21.610552763819	21.610552763819	21.610552763819	21.610552763819	21.610552763819	21.610552763819	21.610552763819	21.610552763819	21.610552763819	21.610552763819	21.610552763819	21.610552763819	21.610552763819	21.610552763819	21.610552763819	21.610552763819	21.610552763819	21.610552763819	21.610552763819	21.610552763819	21.610552763819	21.610552763819	21.610552763819	21.610552763819	21.610552763819	21.610552763819	21.610552763819	21.610552763819	21.610552763819	21.610552763819
21.826633165829	21.826633165829	21.826633165829	21.826633165829	21.826633165829	21.826633165829	21.826633165829	21.826633165829	21.826633165829	21.826633165829	21.826633165829	21.826633165829	21.826633165829	21.826633165829	21.826633165829	21.826633165829	21.826633165829	21.826633165829	21.826633165829	21.826633165829	21.826633165829	21.826633165829	21.826633165829	21.826633165829	21.826633165829	21.826633165829	21.826633165829	21.826633165829	21.826633165829	21.826633165829	21.826633165829	21.826633165829	21.826633165829	21.826633165829	21.826633165829	21.826633165829	21.826633165829	21.826633165829	21.826633165829	21.826633165829	21.826633165829	21.826633165829	21.826633165829	21.826633165829	21.826633165829	21.826633165829	21.826633165829	21.826633165829	21.826633165829	21.826633165829	21.826633165829	21.826633165829	21.826633165829	21.826633165829	21.826633165829	21.826633165829	21.826633165829	21.826633165829	21.826633165829	21.826633165829	21.826633165829	21.826633165829	21.826633165829	21.826633165829	21.826633165829	21.826633165829	21.826633165829	21.826633165829	21.826633165829	21.826633165829	21.826633165829	21.826633165829	21.826633165829	21.826633165829	21.826633165829	21.826633165829	21.826633165829	21.826633165829	21.826633165829	21.826633165829	21.826633165829	21.826633165829	21.826633165829	21.826633165829	21.826633165829	21.826633165829	21.826633165829	21.826633165829	21.826633165829	21.826633165829	21.826633165829	21.826633165829	21.826633165829	21.826633165829	21.826633165829	21.826633165829	21.826633165829	21.826633165829	21.826633165829	21.826633165829	21.826633165829	21.826633165829	21.826633165829	21.826633165829	21.826633165829	21.826633165829	21.826633165829	21.826633165829	21.826633165829	21.826633165829	21.826633165829	21.826633165829	21.826633165829	21.826633165829	21.826633165829	21.826633165829	21.826633165829	21.826633165829	21.826633165829	21.826633165829	21.826633165829	21.826633165829	21.826633165829	21.826633165829	21.826633165829	21.826633165829	21.826633165829	21.826633165829	21.826633165829	21.826633165829	21.826633165829	21.826633165829	21.826633165829	21.826633165829	21.826633165829	21.826633165829	21.826633165829	21.826633165829	21.826633165829	21.826633165829	21.826633165829	21.826633165829	21.826633165829	21.826633165829	21.826633165829	21.826633165829	21.826633165829	21.826633165829	21.826633165829	21.826633165829	21.826633165829	21.826633165829	21.826633165829	21.826633165829	21.826633165829	21.826633165829	21.826633165829	21.826633165829	21.826633165829	21.826633165829	21.826633165829	21.826633165829	21.826633165829	21.826633165829	21.826633165829	21.826633165829	21.826633165829	21.826633165829	21.826633165829	21.826633165829	21.826633165829	21.826633165829	21.826633165829	21.826633165829	21.826633165829	21.826633165829	21.826633165829	21.826633165829	21.826633165829	21.826633165829	21.826633165829	21.826633165829	21.826633165829	21.826633165829	21.826633165829	21.826633165829	21.826633165829	21.826633165829	21.826633165829	21.826633165829	21.826633165829	21.826633165829	21.826633165829	21.826633165829	21.826633165829	21.826633165829	21.826633165829	21.826633165829	21.826633165829	21.826633165829
22.042713567839	22.042713567839	22.042713567839	22.042713567839	22.042713567839	22.042713567839	22.042713567839	22.042713567839	22.042713567839	22.042713567839	22.042713567839	22.042713567839	22.042713567839	22.042713567839	22.042713567839	22.042713567839	22.042713567839	22.042713567839	22.042713567839	22.042713567839	22.042713567839	22.042713567839	22.042713567839	22.042713567839	22.042713567839	22.042713567839	22.042713567839	22.042713567839	22.042713567839	22.042713567839	22.042713567839	22.042713567839	22.042713567839	22.042713567839	22.042713567839	22.042713567839	22.042713567839	22.042713567839	22.042713567839	22.042713567839	22.042713567839	22.042713567839	22.042713567839	22.042713567839	22.042713567839	22.042713567839	22.042713567839	22.042713567839	22.042713567839	22.042713567839	22.042713567839	22.042713567839	22.042713567839	22.042713567839	22.042713567839	22.042713567839	22.042713567839	22.042713567839	22.042713567839	22.042713567839	22.042713567839	22.042713567839	22.042713567839	22.042713567839	22.042713567839	22.042713567839	22.042713567839	22.042713567839	22.042713567839	22.042713567839	22.042713567839	22.042713567839	22.042713567839	22.042713567839	22.042713567839	22.042713567839	22.042713567839	22.042713567839	22.042713567839	22.042713567839	22.042713567839	22.042713567839	22.042713567839	22.042713567839	22.042713567839	22.042713567839	22.042713567839	22.042713567839	22.042713567839	22.042713567839	22.042713567839	22.042713567839	22.042713567839	22.042713567839	22.042713567839	22.042713567839	22.042713567839	22.042713567839	22.042713567839	22.042713567839	22.042713567839	22.042713567839	22.042713567839	22.042713567839	22.042713567839	22.042713567839	22.042713567839	22.042713567839	22.042713567839	22.042713567839	22.042713567839	22.042713567839	22.042713567839	22.042713567839	22.042713567839	22.042713567839	22.042713567839	22.042713567839	22.042713567839	22.042713567839	22.042713567839	22.042713567839	22.042713567839	22.042713567839	22.042713567839	22.042713567839	22.042713567839	22.042713567839	22.042713567839	22.042713567839	22.042713567839	22.042713567839	22.042713567839	22.042713567839	22.042713567839	22.042713567839	22.042713567839	22.042713567839	22.042713567839	22.042713567839	22.042713567839	22.042713567839	22.042713567839	22.042713567839	22.042713567839	22.042713567839	22.042713567839	22.042713567839	22.042713567839	22.042713567839	22.042713567839	22.042713567839	22.042713567839	22.042713567839	22.042713567839	22.042713567839	22.042713567839	22.042713567839	22.042713567839	22.042713567839	22.042713567839	22.042713567839	22.042713567839	22.042713567839	22.042713567839	22.042713567839	22.042713567839	22.042713567839	22.042713567839	22.042713567839	22.042713567839	22.042713567839	22.042713567839	22.042713567839	22.042713567839	22.042713567839	22.042713567839	22.042713567839	22.042713567839	22.042713567839	22.042713567839	22.042713567839	22.042713567839	22.042713567839	22.042713567839	22.042713567839	22.042713567839	22.042713567839	22.042713567839	22.042713567839	22.042713567839	22.042713567839	22.042713567839	22.042713567839	22.042713567839	22.042713567839	22.042713567839	22.042713567839	22.042713567839	22.042713567839
22.258793969849	22.258793969849	22.258793969849	22.258793969849	22.258793969849	22.258793969849	22.258793969849	22.258793969849	22.258793969849	22.258793969849	22.258793969849	22.258793969849	22.258793969849	22.258793969849	22.258793969849	22.258793969849	22.258793969849	22.258793969849	22.258793969849	22.258793969849	22.258793969849	22.258793969849	22.258793969849	22.258793969849	22.258793969849	22.258793969849	22.258793969849	22.258793969849	22.258793969849	22.258793969849	22.258793969849	22.258793969849	22.258793969849	22.258793969849	22.258793969849	22.258793969849	22.258793969849	22.258793969849	22.258793969849	22.258793969849	22.258793969849	22.258793969849	22.258793969849	22.258793969849	22.258793969849	22.258793969849	22.258793969849	22.258793969849	22.258793969849	22.258793969849	22.258793969849	22.258793969849	22.258793969849	22.258793969849	22.258793969849	22.258793969849	22.258793969849	22.258793969849	22.258793969849	22.258793969849	22.258793969849	22.258793969849	22.258793969849	22.258793969849	22.258793969849	22.258793969849	22.258793969849	22.258793969849	22.258793969849	22.258793969849	22.258793969849	22.258793969849	22.258793969849	22.258793969849	22.258793969849	22.258793969849	22.258793969849	22.258793969849	22.258793969849	22.258793969849	22.258793969849	22.258793969849	22.258793969849	22.258793969849	22.258793969849	22.258793969849	22.258793969849	22.258793969849	22.258793969849	22.258793969849	22.258793969849	22.258793969849	22.258793969849	22.258793969849	22.258793969849	22.258793969849	22.258793969849	22.258793969849	22.258793969849	22.258793969849	22.258793969849	22.258793969849	22.258793969849	22.258793969849	22.258793969849	22.258793969849	22.258793969849	22.258793969849	22.258793969849	22.258793969849	22.258793969849	22.258793969849	22.258793969849	22.258793969849	22.258793969849	22.258793969849	22.258793969849	22.258793969849	22.258793969849	22.258793969849	22.258793969849	22.258793969849	22.258793969849	22.258793969849	22.258793969849	22.258793969849	22.258793969849	22.258793969849	22.258793969849	22.258793969849	22.258793969849	22.258793969849	22.258793969849	22.258793969849	22.258793969849	22.258793969849	22.258793969849	22.258793969849	22.258793969849	22.258793969849	22.258793969849	22.258793969849	22.258793969849	22.258793969849	22.258793969849	22.258793969849	22.258793969849	22.258793969849	22.258793969849	22.258793969849	22.258793969849	22.258793969849	22.258793969849	22.258793969849	22.258793969849	22.258793969849	22.258793969849	22.258793969849	22.258793969849	22.258793969849	22.258793969849	22.258793969849	22.258793969849	22.258793969849	22.258793969849	22.258793969849	22.258793969849	22.258793969849	22.258793969849	22.258793969849	22.258793969849	22.258793969849	22.258793969849	22.258793969849	22.258793969849	22.258793969849	22.258793969849	22.258793969849	22.258793969849	22.258793969849	22.258793969849	22.258793969849	22.258793969849	22.258793969849	22.258793969849	22.258793969849	22.258793969849	22.258793969849	22.258793969849	22.258793969849	22.258793969849	22.258793969849	22.258793969849	22.258793969849	22.258793969849	22.258793969849	22.258793969849	22.258793969849	22.258793969849	22.258793969849
22.474874371859	22.474874371859	22.474874371859	22.474874371859	22.474874371859	22.474874371859	22.474874371859	22.474874371859	22.474874371859	22.474874371859	22.474874371859	22.474874371859	22.474874371859	22.474874371859	22.474874371859	22.474874371859	22.474874371859	22.474874371859	22.474874371859	22.474874371859	22.474874371859	22.474874371859	22.474874371859	22.474874371859	22.474874371859	22.474874371859	22.474874371859	22.474874371859	22.474874371859	22.474874371859	22.474874371859	22.474874371859	22.474874371859	22.474874371859	22.474874371859	22.474874371859	22.474874371859	22.474874371859	22.474874371859	22.474874371859	22.474874371859	22.474874371859	22.474874371859	22.474874371859	22.474874371859	22.474874371859	22.474874371859	22.474874371859	22.474874371859	22.474874371859	22.474874371859	22.474874371859	22.474874371859	22.474874371859	22.474874371859	22.474874371859	22.474874371859	22.474874371859	22.474874371859	22.474874371859	22.474874371859	22.474874371859	22.474874371859	22.474874371859	22.474874371859	22.474874371859	22.474874371859	22.474874371859	22.474874371859	22.474874371859	22.474874371859	22.474874371859	22.474874371859	22.474874371859	22.474874371859	22.474874371859	22.474874371859	22.474874371859	22.474874371859	22.474874371859	22.474874371859	22.474874371859	22.474874371859	22.474874371859	22.474874371859	22.474874371859	22.474874371859	22.474874371859	22.474874371859	22.474874371859	22.474874371859	22.474874371859	22.474874371859	22.474874371859	22.474874371859	22.474874371859	22.474874371859	22.474874371859	22.474874371859	22.474874371859	22.474874371859	22.474874371859	22.474874371859	22.474874371859	22.474874371859	22.474874371859	22.474874371859	22.474874371859	22.474874371859	22.474874371859	22.474874371859	22.474874371859	22.474874371859	22.474874371859	22.474874371859	22.474874371859	22.474874371859	22.474874371859	22.474874371859	22.474874371859	22.474874371859	22.474874371859	22.474874371859	22.474874371859	22.474874371859	22.474874371859	22.474874371859	22.474874371859	22.474874371859	22.474874371859	22.474874371859	22.474874371859	22.474874371859	22.474874371859	22.474874371859	22.474874371859	22.474874371859	22.474874371859	22.474874371859	22.474874371859	22.474874371859	22.474874371859	22.474874371859	22.474874371859	22.474874371859	22.474874371859	22.474874371859	22.474874371859	22.474874371859	22.474874371859	22.474874371859	22.474874371859	22.474874371859	22.474874371859	22.474874371859	22.474874371859	22.474874371859	22.474874371859	22.474874371859	22.474874371859	22.474874371859	22.474874371859	22.474874371859	22.474874371859	22.474874371859	22.474874371859	22.474874371859	22.474874371859	22.474874371859	22.474874371859	22.474874371859	22.474874371859	22.474874371859	22.474874371859	22.474874371859	22.474874371859	22.474874371859	22.474874371859	22.474874371859	22.474874371859	22.474874371859	22.474874371859	22.474874371859	22.474874371859	22.474874371859	22.474874371859	22.474874371859	22.474874371859	22.474874371859	22.474874371859	22.474874371859	22.474874371859	22.474874371859	22.474874371859	22.474874371859	22.474874371859	22.474874371859	22.474874371859	22.474874371859	22.474874371859
22.690954773869	22.690954773869	22.690954773869	22.690954773869	22.690954773869	22.690954773869	22.690954773869	22.690954773869	22.690954773869	22.690954773869	22.690954773869	22.690954773869	22.690954773869	22.690954773869	22.690954773869	22.690954773869	22.690954773869	22.690954773869	22.690954773869	22.690954773869	22.690954773869	22.690954773869	22.690954773869	22.690954773869	22.690954773869	22.690954773869	22.690954773869	22.690954773869	22.690954773869	22.690954773869	22.690954773869	22.690954773869	22.690954773869	22.690954773869	22.690954773869	22.690954773869	22.690954773869	22.690954773869	22.690954773869	22.690954773869	22.690954773869	22.690954773869	22.690954773869	22.690954773869	22.690954773869	22.690954773869	22.690954773869	22.690954773869	22.690954773869	22.690954773869	22.690954773869	22.690954773869	22.690954773869	22.690954773869	22.690954773869	22.690954773869	22.690954773869	22.690954773869	22.690954773869	22.690954773869	22.690954773869	22.690954773869	22.690954773869	22.690954773869	22.690954773869	22.690954773869	22.690954773869	22.690954773869	22.690954773869	22.690954773869	22.690954773869	22.690954773869	22.690954773869	22.690954773869	22.690954773869	22.690954773869	22.690954773869	22.690954773869	22.690954773869	22.690954773869	22.690954773869	22.690954773869	22.690954773869	22.690954773869	22.690954773869	22.690954773869	22.690954773869	22.690954773869	22.690954773869	22.690954773869	22.690954773869	22.690954773869	22.690954773869	22.690954773869	22.690954773869	22.690954773869	22.690954773869	22.690954773869	22.690954773869	22.690954773869	22.690954773869	22.690954773869	22.690954773869	22.690954773869	22.690954773869	22.690954773869	22.690954773869	22.690954773869	22.690954773869	22.690954773869	22.690954773869	22.690954773869	22.690954773869	22.690954773869	22.690954773869	22.690954773869	22.690954773869	22.690954773869	22.690954773869	22.690954773869	22.690954773869	22.690954773869	22.690954773869	22.690954773869	22.690954773869	22.690954773869	22.690954773869	22.690954773869	22.690954773869	22.690954773869	22.690954773869	22.690954773869	22.690954773869	22.690954773869	22.690954773869	22.690954773869	22.690954773869	22.690954773869	22.690954773869	22.690954773869	22.690954773869	22.690954773869	22.690954773869	22.690954773869	22.690954773869	22.690954773869	22.690954773869	22.690954773869	22.690954773869	22.690954773869	22.690954773869	22.690954773869	22.690954773869	22.690954773869	22.690954773869	22.690954773869	22.690954773869	22.690954773869	22.690954773869	22.690954773869	22.690954773869	22.690954773869	22.690954773869	22.690954773869	22.690954773869	22.690954773869	22.690954773869	22.690954773869	22.690954773869	22.690954773869	22.690954773869	22.690954773869	22.690954773869	22.690954773869	22.690954773869	22.690954773869	22.690954773869	22.690954773869	22.690954773869	22.690954773869	22.690954773869	22.690954773869	22.690954773869	22.690954773869	22.690954773869	22.690954773869	22.690954773869	22.690954773869	22.690954773869	22.690954773869	22.690954773869	22.690954773869	22.690954773869	22.690954773869	22.690954773869	22.690954773869	22.690954773869	22.690954773869	22.690954773869	22.690954773869
22.907035175879	22.907035175879	22.907035175879	22.907035175879	22.907035175879	22.907035175879	22.907035175879	22.907035175879	22.907035175879	22.907035175879	22.907035175879	22.907035175879	22.907035175879	22.907035175879	22.907035175879	22.907035175879	22.907035175879	22.907035175879	22.907035175879	22.907035175879	22.907035175879	22.907035175879	22.907035175879	22.907035175879	22.907035175879	22.907035175879	22.907035175879	22.907035175879	22.907035175879	22.907035175879	22.907035175879	22.907035175879	22.907035175879	22.907035175879	22.907035175879	22.907035175879	22.907035175879	22.907035175879	22.907035175879	22.907035175879	22.907035175879	22.907035175879	22.907035175879	22.907035175879	22.907035175879	22.907035175879	22.907035175879	22.907035175879	22.907035175879	22.907035175879	22.907035175879	22.907035175879	22.907035175879	22.907035175879	22.907035175879	22.907035175879	22.907035175879	22.907035175879	22.907035175879	22.907035175879	22.907035175879	22.907035175879	22.907035175879	22.907035175879	22.907035175879	22.907035175879	22.907035175879	22.907035175879	22.907035175879	22.907035175879	22.907035175879	22.907035175879	22.907035175879	22.907035175879	22.907035175879	22.907035175879	22.907035175879	22.907035175879	22.907035175879	22.907035175879	22.907035175879	22.907035175879	22.907035175879	22.907035175879	22.907035175879	22.907035175879	22.907035175879	22.907035175879	22.907035175879	22.907035175879	22.907035175879	22.907035175879	22.907035175879	22.907035175879	22.907035175879	22.907035175879	22.907035175879	22.907035175879	22.907035175879	22.907035175879	22.907035175879	22.907035175879	22.907035175879	22.907035175879	22.907035175879	22.907035175879	22.907035175879	22.907035175879	22.907035175879	22.907035175879	22.907035175879	22.907035175879	22.907035175879	22.907035175879	22.907035175879	22.907035175879	22.907035175879	22.907035175879	22.907035175879	22.907035175879	22.907035175879	22.907035175879	22.907035175879	22.907035175879	22.907035175879	22.907035175879	22.907035175879	22.907035175879	22.907035175879	22.907035175879	22.907035175879	22.907035175879	22.907035175879	22.907035175879	22.907035175879	22.907035175879	22.907035175879	22.907035175879	22.907035175879	22.907035175879	22.907035175879	22.907035175879	22.907035175879	22.907035175879	22.907035175879	22.907035175879	22.907035175879	22.907035175879	22.907035175879	22.907035175879	22.907035175879	22.907035175879	22.907035175879	22.907035175879	22.907035175879	22.907035175879	22.907035175879	22.907035175879	22.907035175879	22.907035175879	22.907035175879	22.907035175879	22.907035175879	22.907035175879	22.907035175879	22.907035175879	22.907035175879	22.907035175879	22.907035175879	22.907035175879	22.907035175879	22.907035175879	22.907035175879	22.907035175879	22.907035175879	22.907035175879	22.907035175879	22.907035175879	22.907035175879	22.907035175879	22.907035175879	22.907035175879	22.907035175879	22.907035175879	22.907035175879	22.907035175879	22.907035175879	22.907035175879	22.907035175879	22.907035175879	22.907035175879	22.907035175879	22.907035175879	22.907035175879	22.907035175879	22.907035175879	22.907035175879	22.907035175879	22.907035175879	22.907035175879
23.123115577889	23.123115577889	23.123115577889	23.123115577889	23.123115577889	23.123115577889	23.123115577889	23.123115577889	23.123115577889	23.123115577889	23.123115577889	23.123115577889	23.123115577889	23.123115577889	23.123115577889	23.123115577889	23.123115577889	23.123115577889	23.123115577889	23.123115577889	23.123115577889	23.123115577889	23.123115577889	23.123115577889	23.123115577889	23.123115577889	23.123115577889	23.123115577889	23.123115577889	23.123115577889	23.123115577889	23.123115577889	23.123115577889	23.123115577889	23.123115577889	23.123115577889	23.123115577889	23.123115577889	23.123115577889	23.123115577889	23.123115577889	23.123115577889	23.123115577889	23.123115577889	23.123115577889	23.123115577889	23.123115577889	23.123115577889	23.123115577889	23.123115577889	23.123115577889	23.123115577889	23.123115577889	23.123115577889	23.123115577889	23.123115577889	23.123115577889	23.123115577889	23.123115577889	23.123115577889	23.123115577889	23.123115577889	23.123115577889	23.123115577889	23.123115577889	23.123115577889	23.123115577889	23.123115577889	23.123115577889	23.123115577889	23.123115577889	23.123115577889	23.123115577889	23.123115577889	23.123115577889	23.123115577889	23.123115577889	23.123115577889	23.123115577889	23.123115577889	23.123115577889	23.123115577889	23.123115577889	23.123115577889	23.123115577889	23.123115577889	23.123115577889	23.123115577889	23.123115577889	23.123115577889	23.123115577889	23.123115577889	23.123115577889	23.123115577889	23.123115577889	23.123115577889	23.123115577889	23.123115577889	23.123115577889	23.123115577889	23.123115577889	23.123115577889	23.123115577889	23.123115577889	23.123115577889	23.123115577889	23.123115577889	23.123115577889	23.123115577889	23.123115577889	23.123115577889	23.123115577889	23.123115577889	23.123115577889	23.123115577889	23.123115577889	23.123115577889	23.123115577889	23.123115577889	23.123115577889	23.123115577889	23.123115577889	23.123115577889	23.123115577889	23.123115577889	23.123115577889	23.123115577889	23.123115577889	23.123115577889	23.123115577889	23.123115577889	23.123115577889	23.123115577889	23.123115577889	23.123115577889	23.123115577889	23.123115577889	23.123115577889	23.123115577889	23.123115577889	23.123115577889	23.123115577889	23.123115577889	23.123115577889	23.123115577889	23.123115577889	23.123115577889	23.123115577889	23.123115577889	23.123115577889	23.123115577889	23.123115577889	23.123115577889	23.123115577889	23.123115577889	23.123115577889	23.123115577889	23.123115577889	23.123115577889	23.123115577889	23.123115577889	23.123115577889	23.123115577889	23.123115577889	23.123115577889	23.123115577889	23.123115577889	23.123115577889	23.123115577889	23.123115577889	23.123115577889	23.123115577889	23.123115577889	23.123115577889	23.123115577889	23.123115577889	23.123115577889	23.123115577889	23.123115577889	23.123115577889	23.123115577889	23.123115577889	23.123115577889	23.123115577889	23.123115577889	23.123115577889	23.123115577889	23.123115577889	23.123115577889	23.123115577889	23.123115577889	23.123115577889	23.123115577889	23.123115577889	23.123115577889	23.123115577889	23.123115577889	23.123115577889	23.123115577889	23.123115577889
23.339195979899	23.339195979899	23.339195979899	23.339195979899	23.339195979899	23.339195979899	23.339195979899	23.339195979899	23.339195979899	23.339195979899	23.339195979899	23.339195979899	23.339195979899	23.339195979899	23.339195979899	23.339195979899	23.339195979899	23.339195979899	23.339195979899	23.339195979899	23.339195979899	23.339195979899	23.339195979899	23.339195979899	23.339195979899	23.339195979899	23.339195979899	23.339195979899	23.339195979899	23.339195979899	23.339195979899	23.339195979899	23.339195979899	23.339195979899	23.339195979899	23.339195979899	23.339195979899	23.339195979899	23.339195979899	23.339195979899	23.339195979899	23.339195979899	23.339195979899	23.339195979899	23.339195979899	23.339195979899	23.339195979899	23.339195979899	23.339195979899	23.339195979899	23.339195979899	23.339195979899	23.339195979899	23.339195979899	23.339195979899	23.339195979899	23.339195979899	23.339195979899	23.339195979899	23.339195979899	23.339195979899	23.339195979899	23.339195979899	23.339195979899	23.339195979899	23.339195979899	23.339195979899	23.339195979899	23.339195979899	23.339195979899	23.339195979899	23.339195979899	23.339195979899	23.339195979899	23.339195979899	23.339195979899	23.339195979899	23.339195979899	23.339195979899	23.339195979899	23.339195979899	23.339195979899	23.339195979899	23.339195979899	23.339195979899	23.339195979899	23.339195979899	23.339195979899	23.339195979899	23.339195979899	23.339195979899	23.339195979899	23.339195979899	23.339195979899	23.339195979899	23.339195979899	23.339195979899	23.339195979899	23.339195979899	23.339195979899	23.339195979899	23.339195979899	23.339195979899	23.339195979899	23.339195979899	23.339195979899	23.339195979899	23.339195979899	23.339195979899	23.339195979899	23.339195979899	23.339195979899	23.339195979899	23.339195979899	23.339195979899	23.339195979899	23.339195979899	23.339195979899	23.339195979899	23.339195979899	23.339195979899	23.339195979899	23.339195979899	23.339195979899	23.339195979899	23.339195979899	23.339195979899	23.339195979899	23.339195979899	23.339195979899	23.339195979899	23.339195979899	23.339195979899	23.339195979899	23.339195979899	23.339195979899	23.339195979899	23.339195979899	23.339195979899	23.339195979899	23.339195979899	23.339195979899	23.339195979899	23.339195979899	23.339195979899	23.339195979899	23.339195979899	23.339195979899	23.339195979899	23.339195979899	23.339195979899	23.339195979899	23.339195979899	23.339195979899	23.339195979899	23.339195979899	23.339195979899	23.339195979899	23.339195979899	23.339195979899	23.339195979899	23.339195979899	23.339195979899	23.339195979899	23.339195979899	23.339195979899	23.339195979899	23.339195979899	23.339195979899	23.339195979899	23.339195979899	23.339195979899	23.339195979899	23.339195979899	23.339195979899	23.339195979899	23.339195979899	23.339195979899	23.339195979899	23.339195979899	23.339195979899	23.339195979899	23.339195979899	23.339195979899	23.339195979899	23.339195979899	23.339195979899	23.339195979899	23.339195979899	23.339195979899	23.339195979899	23.339195979899	23.339195979899	23.339195979899	23.339195979899	23.339195979899	23.339195979899	23.339195979899	23.339195979899	23.339195979899
23.55527638191	23.55527638191	23.55527638191	23.55527638191	23.55527638191	23.55527638191	23.55527638191	23.55527638191	23.55527638191	23.55527638191	23.55527638191	23.55527638191	23.55527638191	23.55527638191	23.55527638191	23.55527638191	23.55527638191	23.55527638191	23.55527638191	23.55527638191	23.55527638191	23.55527638191	23.55527638191	23.55527638191	23.55527638191	23.55527638191	23.55527638191	23.55527638191	23.55527638191	23.55527638191	23.55527638191	23.55527638191	23.55527638191	23.55527638191	23.55527638191	23.55527638191	23.55527638191	23.55527638191	23.55527638191	23.55527638191	23.55527638191	23.55527638191	23.55527638191	23.55527638191	23.55527638191	23.55527638191	23.55527638191	23.55527638191	23.55527638191	23.55527638191	23.55527638191	23.55527638191	23.55527638191	23.55527638191	23.55527638191	23.55527638191	23.55527638191	23.55527638191	23.55527638191	23.55527638191	23.55527638191	23.55527638191	23.55527638191	23.55527638191	23.55527638191	23.55527638191	23.55527638191	23.55527638191	23.55527638191	23.55527638191	23.55527638191	23.55527638191	23.55527638191	23.55527638191	23.55527638191	23.55527638191	23.55527638191	23.55527638191	23.55527638191	23.55527638191	23.55527638191	23.55527638191	23.55527638191	23.55527638191	23.55527638191	23.55527638191	23.55527638191	23.55527638191	23.55527638191	23.55527638191	23.55527638191	23.55527638191	23.55527638191	23.55527638191	23.55527638191	23.55527638191	23.55527638191	23.55527638191	23.55527638191	23.55527638191	23.55527638191	23.55527638191	23.55527638191	23.55527638191	23.55527638191	23.55527638191	23.55527638191	23.55527638191	23.55527638191	23.55527638191	23.55527638191	23.55527638191	23.55527638191	23.55527638191	23.55527638191	23.55527638191	23.55527638191	23.55527638191	23.55527638191	23.55527638191	23.55527638191	23.55527638191	23.55527638191	23.55527638191	23.55527638191	23.55527638191	23.55527638191	23.55527638191	23.55527638191	23.55527638191	23.55527638191	23.55527638191	23.55527638191	23.55527638191	23.55527638191	23.55527638191	23.55527638191	23.55527638191	23.55527638191	23.55527638191	23.55527638191	23.55527638191	23.55527638191	23.55527638191	23.55527638191	23.55527638191	23.55527638191	23.55527638191	23.55527638191	23.55527638191	23.55527638191	23.55527638191	23.55527638191	23.55527638191	23.55527638191	23.55527638191	23.55527638191	23.55527638191	23.55527638191	23.55527638191	23.55527638191	23.55527638191	23.55527638191	23.55527638191	23.55527638191	23.55527638191	23.55527638191	23.55527638191	23.55527638191	23.55527638191	23.55527638191	23.55527638191	23.55527638191	23.55527638191	23.55527638191	23.55527638191	23.55527638191	23.55527638191	23.55527638191	23.55527638191	23.55527638191	23.55527638191	23.55527638191	23.55527638191	23.55527638191	23.55527638191	23.55527638191	23.55527638191	23.55527638191	23.55527638191	23.55527638191	23.55527638191	23.55527638191	23.55527638191	23.55527638191	23.55527638191	23.55527638191	23.55527638191	23.55527638191	23.55527638191
23.77135678392	23.77135678392	23.77135678392	23.77135678392	23.77135678392	23.77135678392	23.77135678392	23.77135678392	23.77135678392	23.77135678392	23.77135678392	23.77135678392	23.77135678392	23.77135678392	23.77135678392	23.77135678392	23.77135678392	23.77135678392	23.77135678392	23.77135678392	23.77135678392	23.77135678392	23.77135678392	23.77135678392	23.77135678392	23.77135678392	23.77135678392	23.77135678392	23.77135678392	23.77135678392	23.77135678392	23.77135678392	23.77135678392	23.77135678392	23.77135678392	23.77135678392	23.77135678392	23.77135678392	23.77135678392	23.77135678392	23.77135678392	23.77135678392	23.77135678392	23.77135678392	23.77135678392	23.77135678392	23.77135678392	23.77135678392	23.77135678392	23.77135678392	23.77135678392	23.77135678392	23.77135678392	23.77135678392	23.77135678392	23.77135678392	23.77135678392	23.77135678392	23.77135678392	23.77135678392	23.77135678392	23.77135678392	23.77135678392	23.77135678392	23.77135678392	23.77135678392	23.77135678392	23.77135678392	23.77135678392	23.77135678392	23.77135678392	23.77135678392	23.77135678392	23.77135678392	23.77135678392	23.77135678392	23.77135678392	23.77135678392	23.77135678392	23.77135678392	23.77135678392	23.77135678392	23.77135678392	23.77135678392	23.77135678392	23.77135678392	23.77135678392	23.77135678392	23.77135678392	23.77135678392	23.77135678392	23.77135678392	23.77135678392	23.77135678392	23.77135678392	23.77135678392	23.77135678392	23.77135678392	23.77135678392	23.77135678392	23.77135678392	23.77135678392	23.77135678392	23.77135678392	23.77135678392	23.77135678392	23.77135678392	23.77135678392	23.77135678392	23.77135678392	23.77135678392	23.77135678392	23.77135678392	23.77135678392	23.77135678392	23.77135678392	23.77135678392	23.77135678392	23.77135678392	23.77135678392	23.77135678392	23.77135678392	23.77135678392	23.77135678392	23.77135678392	23.77135678392	23.77135678392	23.77135678392	23.77135678392	23.77135678392	23.77135678392	23.77135678392	23.77135678392	23.77135678392	23.77135678392	23.77135678392	23.77135678392	23.77135678392	23.77135678392	23.77135678392	23.77135678392	23.77135678392	23.77135678392	23.77135678392	23.77135678392	23.77135678392	23.77135678392	23.77135678392	23.77135678392	23.77135678392	23.77135678392	23.77135678392	23.77135678392	23.77135678392	23.77135678392	23.77135678392	23.77135678392	23.77135678392	23.77135678392	23.77135678392	23.77135678392	23.77135678392	23.77135678392	23.77135678392	23.77135678392	23.77135678392	23.77135678392	23.77135678392	23.77135678392	23.77135678392	23.77135678392	23.77135678392	23.77135678392	23.77135678392	23.77135678392	23.77135678392	23.77135678392	23.77135678392	23.77135678392	23.77135678392	23.77135678392	23.77135678392	23.77135678392	23.77135678392	23.77135678392	23.77135678392	23.77135678392	23.77135678392	23.77135678392	23.77135678392	23.77135678392	23.77135678392	23.77135678392	23.77135678392	23.77135678392	23.77135678392	23.77135678392	23.77135678392	23.77135678392	23.77135678392
23.98743718593	23.98743718593	23.98743718593	23.98743718593	23.98743718593	23.98743718593	23.98743718593	23.98743718593	23.98743718593	23.98743718593	23.98743718593	23.98743718593	23.98743718593	23.98743718593	23.98743718593	23.98743718593	23.98743718593	23.98743718593	23.98743718593	23.98743718593	23.98743718593	23.98743718593	23.98743718593	23.98743718593	23.98743718593	23.98743718593	23.98743718593	23.98743718593	23.98743718593	23.98743718593	23.98743718593	23.98743718593	23.98743718593	23.98743718593	23.98743718593	23.98743718593	23.98743718593	23.98743718593	23.98743718593	23.98743718593	23.98743718593	23.98743718593	23.98743718593	23.98743718593	23.98743718593	23.98743718593	23.98743718593	23.98743718593	23.98743718593	23.98743718593	23.98743718593	23.98743718593	23.98743718593	23.98743718593	23.98743718593	23.98743718593	23.98743718593	23.98743718593	23.98743718593	23.98743718593	23.98743718593	23.98743718593	23.98743718593	23.98743718593	23.98743718593	23.98743718593	23.98743718593	23.98743718593	23.98743718593	23.98743718593	23.98743718593	23.98743718593	23.98743718593	23.98743718593	23.98743718593	23.98743718593	23.98743718593	23.98743718593	23.98743718593	23.98743718593	23.98743718593	23.98743718593	23.98743718593	23.98743718593	23.98743718593	23.98743718593	23.98743718593	23.98743718593	23.98743718593	23.98743718593	23.98743718593	23.98743718593	23.98743718593	23.98743718593	23.98743718593	23.98743718593	23.98743718593	23.98743718593	23.98743718593	23.98743718593	23.98743718593	23.98743718593	23.98743718593	23.98743718593	23.98743718593	23.98743718593	23.98743718593	23.98743718593	23.98743718593	23.98743718593	23.98743718593	23.98743718593	23.98743718593	23.98743718593	23.98743718593	23.98743718593	23.98743718593	23.98743718593	23.98743718593	23.98743718593	23.98743718593	23.98743718593	23.98743718593	23.98743718593	23.98743718593	23.98743718593	23.98743718593	23.98743718593	23.98743718593	23.98743718593	23.98743718593	23.98743718593	23.98743718593	23.98743718593	23.98743718593	23.98743718593	23.98743718593	23.98743718593	23.98743718593	23.98743718593	23.98743718593	23.98743718593	23.98743718593	23.98743718593	23.98743718593	23.98743718593	23.98743718593	23.98743718593	23.98743718593	23.98743718593	23.98743718593	23.98743718593	23.98743718593	23.98743718593	23.98743718593	23.98743718593	23.98743718593	23.98743718593	23.98743718593	23.98743718593	23.98743718593	23.98743718593	23.98743718593	23.98743718593	23.98743718593	23.98743718593	23.98743718593	23.98743718593	23.98743718593	23.98743718593	23.98743718593	23.98743718593	23.98743718593	23.98743718593	23.98743718593	23.98743718593	23.98743718593	23.98743718593	23.98743718593	23.98743718593	23.98743718593	23.98743718593	23.98743718593	23.98743718593	23.98743718593	23.98743718593	23.98743718593	23.98743718593	23.98743718593	23.98743718593	23.98743718593	23.98743718593	23.98743718593	23.98743718593	23.98743718593	23.98743718593	23.98743718593	23.98743718593	23.98743718593	23.98743718593
24.20351758794	24.20351758794	24.20351758794	24.20351758794	24.20351758794	24.20351758794	24.20351758794	24.20351758794	24.20351758794	24.20351758794	24.20351758794	24.20351758794	24.20351758794	24.20351758794	24.20351758794	24.20351758794	24.20351758794	24.20351758794	24.20351758794	24.20351758794	24.20351758794	24.20351758794	24.20351758794	24.20351758794	24.20351758794	24.20351758794	24.20351758794	24.20351758794	24.20351758794	24.20351758794	24.20351758794	24.20351758794	24.20351758794	24.20351758794	24.20351758794	24.20351758794	24.20351758794	24.20351758794	24.20351758794	24.20351758794	24.20351758794	24.20351758794	24.20351758794	24.20351758794	24.20351758794	24.20351758794	24.20351758794	24.20351758794	24.20351758794	24.20351758794	24.20351758794	24.20351758794	24.20351758794	24.20351758794	24.20351758794	24.20351758794	24.20351758794	24.20351758794	24.20351758794	24.20351758794	24.20351758794	24.20351758794	24.20351758794	24.20351758794	24.20351758794	24.20351758794	24.20351758794	24.20351758794	24.20351758794	24.20351758794	24.20351758794	24.20351758794	24.20351758794	24.20351758794	24.20351758794	24.20351758794	24.20351758794	24.20351758794	24.20351758794	24.20351758794	24.20351758794	24.20351758794	24.20351758794	24.20351758794	24.20351758794	24.20351758794	24.20351758794	24.20351758794	24.20351758794	24.20351758794	24.20351758794	24.20351758794	24.20351758794	24.20351758794	24.20351758794	24.20351758794	24.20351758794	24.20351758794	24.20351758794	24.20351758794	24.20351758794	24.20351758794	24.20351758794	24.20351758794	24.20351758794	24.20351758794	24.20351758794	24.20351758794	24.20351758794	24.20351758794	24.20351758794	24.20351758794	24.20351758794	24.20351758794	24.20351758794	24.20351758794	24.20351758794	24.20351758794	24.20351758794	24.20351758794	24.20351758794	24.20351758794	24.20351758794	24.20351758794	24.20351758794	24.20351758794	24.20351758794	24.20351758794	24.20351758794	24.20351758794	24.20351758794	24.20351758794	24.20351758794	24.20351758794	24.20351758794	24.20351758794	24.20351758794	24.20351758794	24.20351758794	24.20351758794	24.20351758794	24.20351758794	24.20351758794	24.20351758794	24.20351758794	24.20351758794	24.20351758794	24.20351758794	24.20351758794	24.20351758794	24.20351758794	24.20351758794	24.20351758794	24.20351758794	24.20351758794	24.20351758794	24.20351758794	24.20351758794	24.20351758794	24.20351758794	24.20351758794	24.20351758794	24.20351758794	24.20351758794	24.20351758794	24.20351758794	24.20351758794	24.20351758794	24.20351758794	24.20351758794	24.20351758794	24.20351758794	24.20351758794	24.20351758794	24.20351758794	24.20351758794	24.20351758794	24.20351758794	24.20351758794	24.20351758794	24.20351758794	24.20351758794	24.20351758794	24.20351758794	24.20351758794	24.20351758794	24.20351758794	24.20351758794	24.20351758794	24.20351758794	24.20351758794	24.20351758794	24.20351758794	24.20351758794	24.20351758794	24.20351758794	24.20351758794	24.20351758794	24.20351758794	24.20351758794
24.41959798995	24.41959798995	24.41959798995	24.41959798995	24.41959798995	24.41959798995	24.41959798995	24.41959798995	24.41959798995	24.41959798995	24.41959798995	24.41959798995	24.41959798995	24.41959798995	24.41959798995	24.41959798995	24.41959798995	24.41959798995	24.41959798995	24.41959798995	24.41959798995	24.41959798995	24.41959798995	24.41959798995	24.41959798995	24.41959798995	24.41959798995	24.41959798995	24.41959798995	24.41959798995	24.41959798995	24.41959798995	24.41959798995	24.41959798995	24.41959798995	24.41959798995	24.41959798995	24.41959798995	24.41959798995	24.41959798995	24.41959798995	24.41959798995	24.41959798995	24.41959798995	24.41959798995	24.41959798995	24.41959798995	24.41959798995	24.41959798995	24.41959798995	24.41959798995	24.41959798995	24.41959798995	24.41959798995	24.41959798995	24.41959798995	24.41959798995	24.41959798995	24.41959798995	24.41959798995	24.41959798995	24.41959798995	24.41959798995	24.41959798995	24.41959798995	24.41959798995	24.41959798995	24.41959798995	24.41959798995	24.41959798995	24.41959798995	24.41959798995	24.41959798995	24.41959798995	24.41959798995	24.41959798995	24.41959798995	24.41959798995	24.41959798995	24.41959798995	24.41959798995	24.41959798995	24.41959798995	24.41959798995	24.41959798995	24.41959798995	24.41959798995	24.41959798995	24.41959798995	24.41959798995	24.41959798995	24.41959798995	24.41959798995	24.41959798995	24.41959798995	24.41959798995	24.41959798995	24.41959798995	24.41959798995	24.41959798995	24.41959798995	24.41959798995	24.41959798995	24.41959798995	24.41959798995	24.41959798995	24.41959798995	24.41959798995	24.41959798995	24.41959798995	24.41959798995	24.41959798995	24.41959798995	24.41959798995	24.41959798995	24.41959798995	24.41959798995	24.41959798995	24.41959798995	24.41959798995	24.41959798995	24.41959798995	24.41959798995	24.41959798995	24.41959798995	24.41959798995	24.41959798995	24.41959798995	24.41959798995	24.41959798995	24.41959798995	24.41959798995	24.41959798995	24.41959798995	24.41959798995	24.41959798995	24.41959798995	24.41959798995	24.41959798995	24.41959798995	24.41959798995	24.41959798995	24.41959798995	24.41959798995	24.41959798995	24.41959798995	24.41959798995	24.41959798995	24.41959798995	24.41959798995	24.41959798995	24.41959798995	24.41959798995	24.41959798995	24.41959798995	24.41959798995	24.41959798995	24.41959798995	24.41959798995	24.41959798995	24.41959798995	24.41959798995	24.41959798995	24.41959798995	24.41959798995	24.41959798995	24.41959798995	24.41959798995	24.41959798995	24.41959798995	24.41959798995	24.41959798995	24.41959798995	24.41959798995	24.41959798995	24.41959798995	24.41959798995	24.41959798995	24.41959798995	24.41959798995	24.41959798995	24.41959798995	24.41959798995	24.41959798995	24.41959798995	24.41959798995	24.41959798995	24.41959798995	24.41959798995	24.41959798995	24.41959798995	24.41959798995	24.41959798995	24.41959798995	24.41959798995	24.41959798995	24.41959798995	24.41959798995	24.41959798995	24.41959798995
24.63567839196	24.63567839196	24.63567839196	24.63567839196	24.63567839196	24.63567839196	24.63567839196	24.63567839196	24.63567839196	24.63567839196	24.63567839196	24.63567839196	24.63567839196	24.63567839196	24.63567839196	24.63567839196	24.63567839196	24.63567839196	24.63567839196	24.63567839196	24.63567839196	24.63567839196	24.63567839196	24.63567839196	24.63567839196	24.63567839196	24.63567839196	24.63567839196	24.63567839196	24.63567839196	24.63567839196	24.63567839196	24.63567839196	24.63567839196	24.63567839196	24.63567839196	24.63567839196	24.63567839196	24.63567839196	24.63567839196	24.63567839196	24.63567839196	24.63567839196	24.63567839196	24.63567839196	24.63567839196	24.63567839196	24.63567839196	24.63567839196	24.63567839196	24.63567839196	24.63567839196	24.63567839196	24.63567839196	24.63567839196	24.63567839196	24.63567839196	24.63567839196	24.63567839196	24.63567839196	24.63567839196	24.63567839196	24.63567839196	24.63567839196	24.63567839196	24.63567839196	24.63567839196	24.63567839196	24.63567839196	24.63567839196	24.63567839196	24.63567839196	24.63567839196	24.63567839196	24.63567839196	24.63567839196	24.63567839196	24.63567839196	24.63567839196	24.63567839196	24.63567839196	24.63567839196	24.63567839196	24.63567839196	24.63567839196	24.63567839196	24.63567839196	24.63567839196	24.63567839196	24.63567839196	24.63567839196	24.63567839196	24.63567839196	24.63567839196	24.63567839196	24.63567839196	24.63567839196	24.63567839196	24.63567839196	24.63567839196	24.63567839196	24.63567839196	24.63567839196	24.63567839196	24.63567839196	24.63567839196	24.63567839196	24.63567839196	24.63567839196	24.63567839196	24.63567839196	24.63567839196	24.63567839196	24.63567839196	24.63567839196	24.63567839196	24.63567839196	24.63567839196	24.63567839196	24.63567839196	24.63567839196	24.63567839196	24.63567839196	24.63567839196	24.63567839196	24.63567839196	24.63567839196	24.63567839196	24.63567839196	24.63567839196	24.63567839196	24.63567839196	24.63567839196	24.63567839196	24.63567839196	24.63567839196	24.63567839196	24.63567839196	24.63567839196	24.63567839196	24.63567839196	24.63567839196	24.63567839196	24.63567839196	24.63567839196	24.63567839196	24.63567839196	24.63567839196	24.63567839196	24.63567839196	24.63567839196	24.63567839196	24.63567839196	24.63567839196	24.63567839196	24.63567839196	24.63567839196	24.63567839196	24.63567839196	24.63567839196	24.63567839196	24.63567839196	24.63567839196	24.63567839196	24.63567839196	24.63567839196	24.63567839196	24.63567839196	24.63567839196	24.63567839196	24.63567839196	24.63567839196	24.63567839196	24.63567839196	24.63567839196	24.63567839196	24.63567839196	24.63567839196	24.63567839196	24.63567839196	24.63567839196	24.63567839196	24.63567839196	24.63567839196	24.63567839196	24.63567839196	24.63567839196	24.63567839196	24.63567839196	24.63567839196	24.63567839196	24.63567839196	24.63567839196	24.63567839196	24.63567839196	24.63567839196	24.63567839196	24.63567839196	24.63567839196	24.63567839196
24.85175879397	24.85175879397	24.85175879397	24.85175879397	24.85175879397	24.85175879397	24.85175879397	24.85175879397	24.85175879397	24.85175879397	24.85175879397	24.85175879397	24.85175879397	24.85175879397	24.85175879397	24.85175879397	24.85175879397	24.85175879397	24.85175879397	24.85175879397	24.85175879397	24.85175879397	24.85175879397	24.85175879397	24.85175879397	24.85175879397	24.85175879397	24.85175879397	24.85175879397	24.85175879397	24.85175879397	24.85175879397	24.85175879397	24.85175879397	24.85175879397	24.85175879397	24.85175879397	24.85175879397	24.85175879397	24.85175879397	24.85175879397	24.85175879397	24.85175879397	24.85175879397	24.85175879397	24.85175879397	24.85175879397	24.85175879397	24.85175879397	24.85175879397	24.85175879397	24.85175879397	24.85175879397	24.85175879397	24.85175879397	24.85175879397	24.85175879397	24.85175879397	24.85175879397	24.85175879397	24.85175879397	24.85175879397	24.85175879397	24.85175879397	24.85175879397	24.85175879397	24.85175879397	24.85175879397	24.85175879397	24.85175879397	24.85175879397	24.85175879397	24.85175879397	24.85175879397	24.85175879397	24.85175879397	24.85175879397	24.85175879397	24.85175879397	24.85175879397	24.85175879397	24.85175879397	24.85175879397	24.85175879397	24.85175879397	24.85175879397	24.85175879397	24.85175879397	24.85175879397	24.85175879397	24.85175879397	24.85175879397	24.85175879397	24.85175879397	24.85175879397	24.85175879397	24.85175879397	24.85175879397	24.85175879397	24.85175879397	24.85175879397	24.85175879397	24.85175879397	24.85175879397	24.85175879397	24.85175879397	24.85175879397	24.85175879397	24.85175879397	24.85175879397	24.85175879397	24.85175879397	24.85175879397	24.85175879397	24.85175879397	24.85175879397	24.85175879397	24.85175879397	24.85175879397	24.85175879397	24.85175879397	24.85175879397	24.85175879397	24.85175879397	24.85175879397	24.85175879397	24.85175879397	24.85175879397	24.85175879397	24.85175879397	24.85175879397	24.85175879397	24.85175879397	24.85175879397	24.85175879397	24.85175879397	24.85175879397	24.85175879397	24.85175879397	24.85175879397	24.85175879397	24.85175879397	24.85175879397	24.85175879397	24.85175879397	24.85175879397	24.85175879397	24.85175879397	24.85175879397	24.85175879397	24.85175879397	24.85175879397	24.85175879397	24.85175879397	24.85175879397	24.85175879397	24.85175879397	24.85175879397	24.85175879397	24.85175879397	24.85175879397	24.85175879397	24.85175879397	24.85175879397	24.85175879397	24.85175879397	24.85175879397	24.85175879397	24.85175879397	24.85175879397	24.85175879397	24.85175879397	24.85175879397	24.85175879397	24.85175879397	24.85175879397	24.85175879397	24.85175879397	24.85175879397	24.85175879397	24.85175879397	24.85175879397	24.85175879397	24.85175879397	24.85175879397	24.85175879397	24.85175879397	24.85175879397	24.85175879397	24.85175879397	24.85175879397	24.85175879397	24.85175879397	24.85175879397	24.85175879397	24.85175879397	24.85175879397	24.85175879397	24.85175879397	24.85175879397
25.06783919598	25.06783919598	25.06783919598	25.06783919598	25.06783919598	25.06783919598	25.06783919598	25.06783919598	25.06783919598	25.06783919598	25.06783919598	25.06783919598	25.06783919598	25.06783919598	25.06783919598	25.06783919598	25.06783919598	25.06783919598	25.06783919598	25.06783919598	25.06783919598	25.06783919598	25.06783919598	25.06783919598	25.06783919598	25.06783919598	25.06783919598	25.06783919598	25.06783919598	25.06783919598	25.06783919598	25.06783919598	25.06783919598	25.06783919598	25.06783919598	25.06783919598	25.06783919598	25.06783919598	25.06783919598	25.06783919598	25.06783919598	25.06783919598	25.06783919598	25.06783919598	25.06783919598	25.06783919598	25.06783919598	25.06783919598	25.06783919598	25.06783919598	25.06783919598	25.06783919598	25.06783919598	25.06783919598	25.06783919598	25.06783919598	25.06783919598	25.06783919598	25.06783919598	25.06783919598	25.06783919598	25.06783919598	25.06783919598	25.06783919598	25.06783919598	25.06783919598	25.06783919598	25.06783919598	25.06783919598	25.06783919598	25.06783919598	25.06783919598	25.06783919598	25.06783919598	25.06783919598	25.06783919598	25.06783919598	25.06783919598	25.06783919598	25.06783919598	25.06783919598	25.06783919598	25.06783919598	25.06783919598	25.06783919598	25.06783919598	25.06783919598	25.06783919598	25.06783919598	25.06783919598	25.06783919598	25.06783919598	25.06783919598	25.06783919598	25.06783919598	25.06783919598	25.06783919598	25.06783919598	25.06783919598	25.06783919598	25.06783919598	25.06783919598	25.06783919598	25.06783919598	25.06783919598	25.06783919598	25.06783919598	25.06783919598	25.06783919598	25.06783919598	25.06783919598	25.06783919598	25.06783919598	25.06783919598	25.06783919598	25.06783919598	25.06783919598	25.06783919598	25.06783919598	25.06783919598	25.06783919598	25.06783919598	25.06783919598	25.06783919598	25.06783919598	25.06783919598	25.06783919598	25.06783919598	25.06783919598	25.06783919598	25.06783919598	25.06783919598	25.06783919598	25.06783919598	25.06783919598	25.06783919598	25.06783919598	25.06783919598	25.06783919598	25.06783919598	25.06783919598	25.06783919598	25.06783919598	25.06783919598	25.06783919598	25.06783919598	25.06783919598	25.06783919598	25.06783919598	25.06783919598	25.06783919598	25.06783919598	25.06783919598	25.06783919598	25.06783919598	25.06783919598	25.06783919598	25.06783919598	25.06783919598	25.06783919598	25.06783919598	25.06783919598	25.06783919598	25.06783919598	25.06783919598	25.06783919598	25.06783919598	25.06783919598	25.06783919598	25.06783919598	25.06783919598	25.06783919598	25.06783919598	25.06783919598	25.06783919598	25.06783919598	25.06783919598	25.06783919598	25.06783919598	25.06783919598	25.06783919598	25.06783919598	25.06783919598	25.06783919598	25.06783919598	25.06783919598	25.06783919598	25.06783919598	25.06783919598	25.06783919598	25.06783919598	25.06783919598	25.06783919598	25.06783919598	25.06783919598	25.06783919598	25.06783919598	25.06783919598	25.06783919598	25.06783919598
25.28391959799	25.28391959799	25.28391959799	25.28391959799	25.28391959799	25.28391959799	25.28391959799	25.28391959799	25.28391959799	25.28391959799	25.28391959799	25.28391959799	25.28391959799	25.28391959799	25.28391959799	25.28391959799	25.28391959799	25.28391959799	25.28391959799	25.28391959799	25.28391959799	25.28391959799	25.28391959799	25.28391959799	25.28391959799	25.28391959799	25.28391959799	25.28391959799	25.28391959799	25.28391959799	25.28391959799	25.28391959799	25.28391959799	25.28391959799	25.28391959799	25.28391959799	25.28391959799	25.28391959799	25.28391959799	25.28391959799	25.28391959799	25.28391959799	25.28391959799	25.28391959799	25.28391959799	25.28391959799	25.28391959799	25.28391959799	25.28391959799	25.28391959799	25.28391959799	25.28391959799	25.28391959799	25.28391959799	25.28391959799	25.28391959799	25.28391959799	25.28391959799	25.28391959799	25.28391959799	25.28391959799	25.28391959799	25.28391959799	25.28391959799	25.28391959799	25.28391959799	25.28391959799	25.28391959799	25.28391959799	25.28391959799	25.28391959799	25.28391959799	25.28391959799	25.28391959799	25.28391959799	25.28391959799	25.28391959799	25.28391959799	25.28391959799	25.28391959799	25.28391959799	25.28391959799	25.28391959799	25.28391959799	25.28391959799	25.28391959799	25.28391959799	25.28391959799	25.28391959799	25.28391959799	25.28391959799	25.28391959799	25.28391959799	25.28391959799	25.28391959799	25.28391959799	25.28391959799	25.28391959799	25.28391959799	25.28391959799	25.28391959799	25.28391959799	25.28391959799	25.28391959799	25.28391959799	25.28391959799	25.28391959799	25.28391959799	25.28391959799	25.28391959799	25.28391959799	25.28391959799	25.28391959799	25.28391959799	25.28391959799	25.28391959799	25.28391959799	25.28391959799	25.28391959799	25.28391959799	25.28391959799	25.28391959799	25.28391959799	25.28391959799	25.28391959799	25.28391959799	25.28391959799	25.28391959799	25.28391959799	25.28391959799	25.28391959799	25.28391959799	25.28391959799	25.28391959799	25.28391959799	25.28391959799	25.28391959799	25.28391959799	25.28391959799	25.28391959799	25.28391959799	25.28391959799	25.28391959799	25.28391959799	25.28391959799	25.28391959799	25.28391959799	25.28391959799	25.28391959799	25.28391959799	25.28391959799	25.28391959799	25.28391959799	25.28391959799	25.28391959799	25.28391959799	25.28391959799	25.28391959799	25.28391959799	25.28391959799	25.28391959799	25.28391959799	25.28391959799	25.28391959799	25.28391959799	25.28391959799	25.28391959799	25.28391959799	25.28391959799	25.28391959799	25.28391959799	25.28391959799	25.28391959799	25.28391959799	25.28391959799	25.28391959799	25.28391959799	25.28391959799	25.28391959799	25.28391959799	25.28391959799	25.28391959799	25.28391959799	25.28391959799	25.28391959799	25.28391959799	25.28391959799	25.28391959799	25.28391959799	25.28391959799	25.28391959799	25.28391959799	25.28391959799	25.28391959799	25.28391959799	25.28391959799	25.28391959799	25.28391959799	25.28391959799	25.28391959799
25.5	25.5	25.5	25.5	25.5	25.5	25.5	25.5	25.5	25.5	25.5	25.5	25.5	25.5	25.5	25.5	25.5	25.5	25.5	25.5	25.5	25.5	25.5	25.5	25.5	25.5	25.5	25.5	25.5	25.5	25.5	25.5	25.5	25.5	25.5	25.5	25.5	25.5	25.5	25.5	25.5	25.5	25.5	25.5	25.5	25.5	25.5	25.5	25.5	25.5	25.5	25.5	25.5	25.5	25.5	25.5	25.5	25.5	25.5	25.5	25.5	25.5	25.5	25.5	25.5	25.5	25.5	25.5	25.5	25.5	25.5	25.5	25.5	25.5	25.5	25.5	25.5	25.5	25.5	25.5	25.5	25.5	25.5	25.5	25.5	25.5	25.5	25.5	25.5	25.5	25.5	25.5	25.5	25.5	25.5	25.5	25.5	25.5	25.5	25.5	25.5	25.5	25.5	25.5	25.5	25.5	25.5	25.5	25.5	25.5	25.5	25.5	25.5	25.5	25.5	25.5	25.5	25.5	25.5	25.5	25.5	25.5	25.5	25.5	25.5	25.5	25.5	25.5	25.5	25.5	25.5	25.5	25.5	25.5	25.5	25.5	25.5	25.5	25.5	25.5	25.5	25.5	25.5	25.5	25.5	25.5	25.5	25.5	25.5	25.5	25.5	25.5	25.5	25.5	25.5	25.5	25.5	25.5	25.5	25.5	25.5	25.5	25.5	25.5	25.5	25.5	25.5	25.5	25.5	25.5	25.5	25.5	25.5	25.5	25.5	25.5	25.5	25.5	25.5	25.5	25.5	25.5	25.5	25.5	25.5	25.5	25.5	25.5	25.5	25.5	25.5	25.5	25.5	25.5	25.5	25.5	25.5	25.5	25.5	25.5
