-49.5	-49.5	-49.5	-49.5	-49.5	-49.5	-49.5	-49.5	-49.5	-49.5	-49.5	-49.5	-49.5	-49.5	-49.5	-49.5	-49.5	-49.5	-49.5	-49.5	-49.5	-49.5	-49.5	-49.5	-49.5	-49.5	-49.5	-49.5	-49.5	-49.5	-49.5	-49.5	-49.5	-49.5	-49.5	-49.5	-49.5	-49.5	-49.5	-49.5	-49.5	-49.5	-49.5	-49.5	-49.5	-49.5	-49.5	-49.5	-49.5	-49.5	-49.5	-49.5	-49.5	-49.5	-49.5	-49.5	-49.5	-49.5	-49.5	-49.5	-49.5	-49.5	-49.5	-49.5	-49.5	-49.5	-49.5	-49.5	-49.5	-49.5	-49.5	-49.5	-49.5	-49.5	-49.5	-49.5	-49.5	-49.5	-49.5	-49.5	-49.5	-49.5	-49.5	-49.5	-49.5	-49.5	-49.5	-49.5	-49.5	-49.5	-49.5	-49.5	-49.5	-49.5	-49.5	-49.5	-49.5	-49.5	-49.5	-49.5	-49.5	-49.5	-49.5	-49.5	-49.5	-49.5	-49.5	-49.5	-49.5	-49.5	-49.5	-49.5	-49.5	-49.5	-49.5	-49.5	-49.5	-49.5	-49.5	-49.5	-49.5	-49.5	-49.5	-49.5	-49.5	-49.5	-49.5	-49.5	-49.5	-49.5	-49.5	-49.5	-49.5	-49.5	-49.5	-49.5	-49.5	-49.5	-49.5	-49.5	-49.5	-49.5	-49.5	-49.5	-49.5	-49.5	-49.5	-49.5	-49.5	-49.5	-49.5	-49.5	-49.5	-49.5	-49.5	-49.5	-49.5	-49.5	-49.5	-49.5	-49.5	-49.5	-49.5	-49.5	-49.5	-49.5	-49.5	-49.5	-49.5	-49.5	-49.5	-49.5	-49.5	-49.5	-49.5	-49.5	-49.5	-49.5	-49.5	-49.5	-49.5	-49.5	-49.5	-49.5	-49.5	-49.5	-49.5	-49.5	-49.5	-49.5	-49.5	-49.5	-49.5	-49.5	-49.5	-49.5	-49.5	-49.5	-49.5	-49.5
-49.002512562814	-49.002512562814	-49.002512562814	-49.002512562814	-49.002512562814	-49.002512562814	-49.002512562814	-49.002512562814	-49.002512562814	-49.002512562814	-49.002512562814	-49.002512562814	-49.002512562814	-49.002512562814	-49.002512562814	-49.002512562814	-49.002512562814	-49.002512562814	-49.002512562814	-49.002512562814	-49.002512562814	-49.002512562814	-49.002512562814	-49.002512562814	-49.002512562814	-49.002512562814	-49.002512562814	-49.002512562814	-49.002512562814	-49.002512562814	-49.002512562814	-49.002512562814	-49.002512562814	-49.002512562814	-49.002512562814	-49.002512562814	-49.002512562814	-49.002512562814	-49.002512562814	-49.002512562814	-49.002512562814	-49.002512562814	-49.002512562814	-49.002512562814	-49.002512562814	-49.002512562814	-49.002512562814	-49.002512562814	-49.002512562814	-49.002512562814	-49.002512562814	-49.002512562814	-49.002512562814	-49.002512562814	-49.002512562814	-49.002512562814	-49.002512562814	-49.002512562814	-49.002512562814	-49.002512562814	-49.002512562814	-49.002512562814	-49.002512562814	-49.002512562814	-49.002512562814	-49.002512562814	-49.002512562814	-49.002512562814	-49.002512562814	-49.002512562814	-49.002512562814	-49.002512562814	-49.002512562814	-49.002512562814	-49.002512562814	-49.002512562814	-49.002512562814	-49.002512562814	-49.002512562814	-49.002512562814	-49.002512562814	-49.002512562814	-49.002512562814	-49.002512562814	-49.002512562814	-49.002512562814	-49.002512562814	-49.002512562814	-49.002512562814	-49.002512562814	-49.002512562814	-49.002512562814	-49.002512562814	-49.002512562814	-49.002512562814	-49.002512562814	-49.002512562814	-49.002512562814	-49.002512562814	-49.002512562814	-49.002512562814	-49.002512562814	-49.002512562814	-49.002512562814	-49.002512562814	-49.002512562814	-49.002512562814	-49.002512562814	-49.002512562814	-49.002512562814	-49.002512562814	-49.002512562814	-49.002512562814	-49.002512562814	-49.002512562814	-49.002512562814	-49.002512562814	-49.002512562814	-49.002512562814	-49.002512562814	-49.002512562814	-49.002512562814	-49.002512562814	-49.002512562814	-49.002512562814	-49.002512562814	-49.002512562814	-49.002512562814	-49.002512562814	-49.002512562814	-49.002512562814	-49.002512562814	-49.002512562814	-49.002512562814	-49.002512562814	-49.002512562814	-49.002512562814	-49.002512562814	-49.002512562814	-49.002512562814	-49.002512562814	-49.002512562814	-49.002512562814	-49.002512562814	-49.002512562814	-49.002512562814	-49.002512562814	-49.002512562814	-49.002512562814	-49.002512562814	-49.002512562814	-49.002512562814	-49.002512562814	-49.002512562814	-49.002512562814	-49.002512562814	-49.002512562814	-49.002512562814	-49.002512562814	-49.002512562814	-49.002512562814	-49.002512562814	-49.002512562814	-49.002512562814	-49.002512562814	-49.002512562814	-49.002512562814	-49.002512562814	-49.002512562814	-49.002512562814	-49.002512562814	-49.002512562814	-49.002512562814	-49.002512562814	-49.002512562814	-49.002512562814	-49.002512562814	-49.002512562814	-49.002512562814	-49.002512562814	-49.002512562814	-49.002512562814	-49.002512562814	-49.002512562814	-49.002512562814	-49.002512562814	-49.002512562814	-49.002512562814	-49.002512562814	-49.002512562814	-49.002512562814	-49.002512562814	-49.002512562814	-49.002512562814	-49.002512562814	-49.002512562814	-49.002512562814	-49.002512562814	-49.002512562814	-49.002512562814
-48.505025125628	-48.505025125628	-48.505025125628	-48.505025125628	-48.505025125628	-48.505025125628	-48.505025125628	-48.505025125628	-48.505025125628	-48.505025125628	-48.505025125628	-48.505025125628	-48.505025125628	-48.505025125628	-48.505025125628	-48.505025125628	-48.505025125628	-48.505025125628	-48.505025125628	-48.505025125628	-48.505025125628	-48.505025125628	-48.505025125628	-48.505025125628	-48.505025125628	-48.505025125628	-48.505025125628	-48.505025125628	-48.505025125628	-48.505025125628	-48.505025125628	-48.505025125628	-48.505025125628	-48.505025125628	-48.505025125628	-48.505025125628	-48.505025125628	-48.505025125628	-48.505025125628	-48.505025125628	-48.505025125628	-48.505025125628	-48.505025125628	-48.505025125628	-48.505025125628	-48.505025125628	-48.505025125628	-48.505025125628	-48.505025125628	-48.505025125628	-48.505025125628	-48.505025125628	-48.505025125628	-48.505025125628	-48.505025125628	-48.505025125628	-48.505025125628	-48.505025125628	-48.505025125628	-48.505025125628	-48.505025125628	-48.505025125628	-48.505025125628	-48.505025125628	-48.505025125628	-48.505025125628	-48.505025125628	-48.505025125628	-48.505025125628	-48.505025125628	-48.505025125628	-48.505025125628	-48.505025125628	-48.505025125628	-48.505025125628	-48.505025125628	-48.505025125628	-48.505025125628	-48.505025125628	-48.505025125628	-48.505025125628	-48.505025125628	-48.505025125628	-48.505025125628	-48.505025125628	-48.505025125628	-48.505025125628	-48.505025125628	-48.505025125628	-48.505025125628	-48.505025125628	-48.505025125628	-48.505025125628	-48.505025125628	-48.505025125628	-48.505025125628	-48.505025125628	-48.505025125628	-48.505025125628	-48.505025125628	-48.505025125628	-48.505025125628	-48.505025125628	-48.505025125628	-48.505025125628	-48.505025125628	-48.505025125628	-48.505025125628	-48.505025125628	-48.505025125628	-48.505025125628	-48.505025125628	-48.505025125628	-48.505025125628	-48.505025125628	-48.505025125628	-48.505025125628	-48.505025125628	-48.505025125628	-48.505025125628	-48.505025125628	-48.505025125628	-48.505025125628	-48.505025125628	-48.505025125628	-48.505025125628	-48.505025125628	-48.505025125628	-48.505025125628	-48.505025125628	-48.505025125628	-48.505025125628	-48.505025125628	-48.505025125628	-48.505025125628	-48.505025125628	-48.505025125628	-48.505025125628	-48.505025125628	-48.505025125628	-48.505025125628	-48.505025125628	-48.505025125628	-48.505025125628	-48.505025125628	-48.505025125628	-48.505025125628	-48.505025125628	-48.505025125628	-48.505025125628	-48.505025125628	-48.505025125628	-48.505025125628	-48.505025125628	-48.505025125628	-48.505025125628	-48.505025125628	-48.505025125628	-48.505025125628	-48.505025125628	-48.505025125628	-48.505025125628	-48.505025125628	-48.505025125628	-48.505025125628	-48.505025125628	-48.505025125628	-48.505025125628	-48.505025125628	-48.505025125628	-48.505025125628	-48.505025125628	-48.505025125628	-48.505025125628	-48.505025125628	-48.505025125628	-48.505025125628	-48.505025125628	-48.505025125628	-48.505025125628	-48.505025125628	-48.505025125628	-48.505025125628	-48.505025125628	-48.505025125628	-48.505025125628	-48.505025125628	-48.505025125628	-48.505025125628	-48.505025125628	-48.505025125628	-48.505025125628	-48.505025125628	-48.505025125628	-48.505025125628	-48.505025125628	-48.505025125628	-48.505025125628	-48.505025125628	-48.505025125628
-48.007537688442	-48.007537688442	-48.007537688442	-48.007537688442	-48.007537688442	-48.007537688442	-48.007537688442	-48.007537688442	-48.007537688442	-48.007537688442	-48.007537688442	-48.007537688442	-48.007537688442	-48.007537688442	-48.007537688442	-48.007537688442	-48.007537688442	-48.007537688442	-48.007537688442	-48.007537688442	-48.007537688442	-48.007537688442	-48.007537688442	-48.007537688442	-48.007537688442	-48.007537688442	-48.007537688442	-48.007537688442	-48.007537688442	-48.007537688442	-48.007537688442	-48.007537688442	-48.007537688442	-48.007537688442	-48.007537688442	-48.007537688442	-48.007537688442	-48.007537688442	-48.007537688442	-48.007537688442	-48.007537688442	-48.007537688442	-48.007537688442	-48.007537688442	-48.007537688442	-48.007537688442	-48.007537688442	-48.007537688442	-48.007537688442	-48.007537688442	-48.007537688442	-48.007537688442	-48.007537688442	-48.007537688442	-48.007537688442	-48.007537688442	-48.007537688442	-48.007537688442	-48.007537688442	-48.007537688442	-48.007537688442	-48.007537688442	-48.007537688442	-48.007537688442	-48.007537688442	-48.007537688442	-48.007537688442	-48.007537688442	-48.007537688442	-48.007537688442	-48.007537688442	-48.007537688442	-48.007537688442	-48.007537688442	-48.007537688442	-48.007537688442	-48.007537688442	-48.007537688442	-48.007537688442	-48.007537688442	-48.007537688442	-48.007537688442	-48.007537688442	-48.007537688442	-48.007537688442	-48.007537688442	-48.007537688442	-48.007537688442	-48.007537688442	-48.007537688442	-48.007537688442	-48.007537688442	-48.007537688442	-48.007537688442	-48.007537688442	-48.007537688442	-48.007537688442	-48.007537688442	-48.007537688442	-48.007537688442	-48.007537688442	-48.007537688442	-48.007537688442	-48.007537688442	-48.007537688442	-48.007537688442	-48.007537688442	-48.007537688442	-48.007537688442	-48.007537688442	-48.007537688442	-48.007537688442	-48.007537688442	-48.007537688442	-48.007537688442	-48.007537688442	-48.007537688442	-48.007537688442	-48.007537688442	-48.007537688442	-48.007537688442	-48.007537688442	-48.007537688442	-48.007537688442	-48.007537688442	-48.007537688442	-48.007537688442	-48.007537688442	-48.007537688442	-48.007537688442	-48.007537688442	-48.007537688442	-48.007537688442	-48.007537688442	-48.007537688442	-48.007537688442	-48.007537688442	-48.007537688442	-48.007537688442	-48.007537688442	-48.007537688442	-48.007537688442	-48.007537688442	-48.007537688442	-48.007537688442	-48.007537688442	-48.007537688442	-48.007537688442	-48.007537688442	-48.007537688442	-48.007537688442	-48.007537688442	-48.007537688442	-48.007537688442	-48.007537688442	-48.007537688442	-48.007537688442	-48.007537688442	-48.007537688442	-48.007537688442	-48.007537688442	-48.007537688442	-48.007537688442	-48.007537688442	-48.007537688442	-48.007537688442	-48.007537688442	-48.007537688442	-48.007537688442	-48.007537688442	-48.007537688442	-48.007537688442	-48.007537688442	-48.007537688442	-48.007537688442	-48.007537688442	-48.007537688442	-48.007537688442	-48.007537688442	-48.007537688442	-48.007537688442	-48.007537688442	-48.007537688442	-48.007537688442	-48.007537688442	-48.007537688442	-48.007537688442	-48.007537688442	-48.007537688442	-48.007537688442	-48.007537688442	-48.007537688442	-48.007537688442	-48.007537688442	-48.007537688442	-48.007537688442	-48.007537688442	-48.007537688442	-48.007537688442	-48.007537688442
-47.510050251256	-47.510050251256	-47.510050251256	-47.510050251256	-47.510050251256	-47.510050251256	-47.510050251256	-47.510050251256	-47.510050251256	-47.510050251256	-47.510050251256	-47.510050251256	-47.510050251256	-47.510050251256	-47.510050251256	-47.510050251256	-47.510050251256	-47.510050251256	-47.510050251256	-47.510050251256	-47.510050251256	-47.510050251256	-47.510050251256	-47.510050251256	-47.510050251256	-47.510050251256	-47.510050251256	-47.510050251256	-47.510050251256	-47.510050251256	-47.510050251256	-47.510050251256	-47.510050251256	-47.510050251256	-47.510050251256	-47.510050251256	-47.510050251256	-47.510050251256	-47.510050251256	-47.510050251256	-47.510050251256	-47.510050251256	-47.510050251256	-47.510050251256	-47.510050251256	-47.510050251256	-47.510050251256	-47.510050251256	-47.510050251256	-47.510050251256	-47.510050251256	-47.510050251256	-47.510050251256	-47.510050251256	-47.510050251256	-47.510050251256	-47.510050251256	-47.510050251256	-47.510050251256	-47.510050251256	-47.510050251256	-47.510050251256	-47.510050251256	-47.510050251256	-47.510050251256	-47.510050251256	-47.510050251256	-47.510050251256	-47.510050251256	-47.510050251256	-47.510050251256	-47.510050251256	-47.510050251256	-47.510050251256	-47.510050251256	-47.510050251256	-47.510050251256	-47.510050251256	-47.510050251256	-47.510050251256	-47.510050251256	-47.510050251256	-47.510050251256	-47.510050251256	-47.510050251256	-47.510050251256	-47.510050251256	-47.510050251256	-47.510050251256	-47.510050251256	-47.510050251256	-47.510050251256	-47.510050251256	-47.510050251256	-47.510050251256	-47.510050251256	-47.510050251256	-47.510050251256	-47.510050251256	-47.510050251256	-47.510050251256	-47.510050251256	-47.510050251256	-47.510050251256	-47.510050251256	-47.510050251256	-47.510050251256	-47.510050251256	-47.510050251256	-47.510050251256	-47.510050251256	-47.510050251256	-47.510050251256	-47.510050251256	-47.510050251256	-47.510050251256	-47.510050251256	-47.510050251256	-47.510050251256	-47.510050251256	-47.510050251256	-47.510050251256	-47.510050251256	-47.510050251256	-47.510050251256	-47.510050251256	-47.510050251256	-47.510050251256	-47.510050251256	-47.510050251256	-47.510050251256	-47.510050251256	-47.510050251256	-47.510050251256	-47.510050251256	-47.510050251256	-47.510050251256	-47.510050251256	-47.510050251256	-47.510050251256	-47.510050251256	-47.510050251256	-47.510050251256	-47.510050251256	-47.510050251256	-47.510050251256	-47.510050251256	-47.510050251256	-47.510050251256	-47.510050251256	-47.510050251256	-47.510050251256	-47.510050251256	-47.510050251256	-47.510050251256	-47.510050251256	-47.510050251256	-47.510050251256	-47.510050251256	-47.510050251256	-47.510050251256	-47.510050251256	-47.510050251256	-47.510050251256	-47.510050251256	-47.510050251256	-47.510050251256	-47.510050251256	-47.510050251256	-47.510050251256	-47.510050251256	-47.510050251256	-47.510050251256	-47.510050251256	-47.510050251256	-47.510050251256	-47.510050251256	-47.510050251256	-47.510050251256	-47.510050251256	-47.510050251256	-47.510050251256	-47.510050251256	-47.510050251256	-47.510050251256	-47.510050251256	-47.510050251256	-47.510050251256	-47.510050251256	-47.510050251256	-47.510050251256	-47.510050251256	-47.510050251256	-47.510050251256	-47.510050251256	-47.510050251256	-47.510050251256	-47.510050251256	-47.510050251256	-47.510050251256
-47.01256281407	-47.01256281407	-47.01256281407	-47.01256281407	-47.01256281407	-47.01256281407	-47.01256281407	-47.01256281407	-47.01256281407	-47.01256281407	-47.01256281407	-47.01256281407	-47.01256281407	-47.01256281407	-47.01256281407	-47.01256281407	-47.01256281407	-47.01256281407	-47.01256281407	-47.01256281407	-47.01256281407	-47.01256281407	-47.01256281407	-47.01256281407	-47.01256281407	-47.01256281407	-47.01256281407	-47.01256281407	-47.01256281407	-47.01256281407	-47.01256281407	-47.01256281407	-47.01256281407	-47.01256281407	-47.01256281407	-47.01256281407	-47.01256281407	-47.01256281407	-47.01256281407	-47.01256281407	-47.01256281407	-47.01256281407	-47.01256281407	-47.01256281407	-47.01256281407	-47.01256281407	-47.01256281407	-47.01256281407	-47.01256281407	-47.01256281407	-47.01256281407	-47.01256281407	-47.01256281407	-47.01256281407	-47.01256281407	-47.01256281407	-47.01256281407	-47.01256281407	-47.01256281407	-47.01256281407	-47.01256281407	-47.01256281407	-47.01256281407	-47.01256281407	-47.01256281407	-47.01256281407	-47.01256281407	-47.01256281407	-47.01256281407	-47.01256281407	-47.01256281407	-47.01256281407	-47.01256281407	-47.01256281407	-47.01256281407	-47.01256281407	-47.01256281407	-47.01256281407	-47.01256281407	-47.01256281407	-47.01256281407	-47.01256281407	-47.01256281407	-47.01256281407	-47.01256281407	-47.01256281407	-47.01256281407	-47.01256281407	-47.01256281407	-47.01256281407	-47.01256281407	-47.01256281407	-47.01256281407	-47.01256281407	-47.01256281407	-47.01256281407	-47.01256281407	-47.01256281407	-47.01256281407	-47.01256281407	-47.01256281407	-47.01256281407	-47.01256281407	-47.01256281407	-47.01256281407	-47.01256281407	-47.01256281407	-47.01256281407	-47.01256281407	-47.01256281407	-47.01256281407	-47.01256281407	-47.01256281407	-47.01256281407	-47.01256281407	-47.01256281407	-47.01256281407	-47.01256281407	-47.01256281407	-47.01256281407	-47.01256281407	-47.01256281407	-47.01256281407	-47.01256281407	-47.01256281407	-47.01256281407	-47.01256281407	-47.01256281407	-47.01256281407	-47.01256281407	-47.01256281407	-47.01256281407	-47.01256281407	-47.01256281407	-47.01256281407	-47.01256281407	-47.01256281407	-47.01256281407	-47.01256281407	-47.01256281407	-47.01256281407	-47.01256281407	-47.01256281407	-47.01256281407	-47.01256281407	-47.01256281407	-47.01256281407	-47.01256281407	-47.01256281407	-47.01256281407	-47.01256281407	-47.01256281407	-47.01256281407	-47.01256281407	-47.01256281407	-47.01256281407	-47.01256281407	-47.01256281407	-47.01256281407	-47.01256281407	-47.01256281407	-47.01256281407	-47.01256281407	-47.01256281407	-47.01256281407	-47.01256281407	-47.01256281407	-47.01256281407	-47.01256281407	-47.01256281407	-47.01256281407	-47.01256281407	-47.01256281407	-47.01256281407	-47.01256281407	-47.01256281407	-47.01256281407	-47.01256281407	-47.01256281407	-47.01256281407	-47.01256281407	-47.01256281407	-47.01256281407	-47.01256281407	-47.01256281407	-47.01256281407	-47.01256281407	-47.01256281407	-47.01256281407	-47.01256281407	-47.01256281407	-47.01256281407	-47.01256281407	-47.01256281407	-47.01256281407	-47.01256281407	-47.01256281407	-47.01256281407	-47.01256281407	-47.01256281407
-46.515075376884	-46.515075376884	-46.515075376884	-46.515075376884	-46.515075376884	-46.515075376884	-46.515075376884	-46.515075376884	-46.515075376884	-46.515075376884	-46.515075376884	-46.515075376884	-46.515075376884	-46.515075376884	-46.515075376884	-46.515075376884	-46.515075376884	-46.515075376884	-46.515075376884	-46.515075376884	-46.515075376884	-46.515075376884	-46.515075376884	-46.515075376884	-46.515075376884	-46.515075376884	-46.515075376884	-46.515075376884	-46.515075376884	-46.515075376884	-46.515075376884	-46.515075376884	-46.515075376884	-46.515075376884	-46.515075376884	-46.515075376884	-46.515075376884	-46.515075376884	-46.515075376884	-46.515075376884	-46.515075376884	-46.515075376884	-46.515075376884	-46.515075376884	-46.515075376884	-46.515075376884	-46.515075376884	-46.515075376884	-46.515075376884	-46.515075376884	-46.515075376884	-46.515075376884	-46.515075376884	-46.515075376884	-46.515075376884	-46.515075376884	-46.515075376884	-46.515075376884	-46.515075376884	-46.515075376884	-46.515075376884	-46.515075376884	-46.515075376884	-46.515075376884	-46.515075376884	-46.515075376884	-46.515075376884	-46.515075376884	-46.515075376884	-46.515075376884	-46.515075376884	-46.515075376884	-46.515075376884	-46.515075376884	-46.515075376884	-46.515075376884	-46.515075376884	-46.515075376884	-46.515075376884	-46.515075376884	-46.515075376884	-46.515075376884	-46.515075376884	-46.515075376884	-46.515075376884	-46.515075376884	-46.515075376884	-46.515075376884	-46.515075376884	-46.515075376884	-46.515075376884	-46.515075376884	-46.515075376884	-46.515075376884	-46.515075376884	-46.515075376884	-46.515075376884	-46.515075376884	-46.515075376884	-46.515075376884	-46.515075376884	-46.515075376884	-46.515075376884	-46.515075376884	-46.515075376884	-46.515075376884	-46.515075376884	-46.515075376884	-46.515075376884	-46.515075376884	-46.515075376884	-46.515075376884	-46.515075376884	-46.515075376884	-46.515075376884	-46.515075376884	-46.515075376884	-46.515075376884	-46.515075376884	-46.515075376884	-46.515075376884	-46.515075376884	-46.515075376884	-46.515075376884	-46.515075376884	-46.515075376884	-46.515075376884	-46.515075376884	-46.515075376884	-46.515075376884	-46.515075376884	-46.515075376884	-46.515075376884	-46.515075376884	-46.515075376884	-46.515075376884	-46.515075376884	-46.515075376884	-46.515075376884	-46.515075376884	-46.515075376884	-46.515075376884	-46.515075376884	-46.515075376884	-46.515075376884	-46.515075376884	-46.515075376884	-46.515075376884	-46.515075376884	-46.515075376884	-46.515075376884	-46.515075376884	-46.515075376884	-46.515075376884	-46.515075376884	-46.515075376884	-46.515075376884	-46.515075376884	-46.515075376884	-46.515075376884	-46.515075376884	-46.515075376884	-46.515075376884	-46.515075376884	-46.515075376884	-46.515075376884	-46.515075376884	-46.515075376884	-46.515075376884	-46.515075376884	-46.515075376884	-46.515075376884	-46.515075376884	-46.515075376884	-46.515075376884	-46.515075376884	-46.515075376884	-46.515075376884	-46.515075376884	-46.515075376884	-46.515075376884	-46.515075376884	-46.515075376884	-46.515075376884	-46.515075376884	-46.515075376884	-46.515075376884	-46.515075376884	-46.515075376884	-46.515075376884	-46.515075376884	-46.515075376884	-46.515075376884	-46.515075376884	-46.515075376884	-46.515075376884	-46.515075376884	-46.515075376884	-46.515075376884	-46.515075376884
-46.017587939698	-46.017587939698	-46.017587939698	-46.017587939698	-46.017587939698	-46.017587939698	-46.017587939698	-46.017587939698	-46.017587939698	-46.017587939698	-46.017587939698	-46.017587939698	-46.017587939698	-46.017587939698	-46.017587939698	-46.017587939698	-46.017587939698	-46.017587939698	-46.017587939698	-46.017587939698	-46.017587939698	-46.017587939698	-46.017587939698	-46.017587939698	-46.017587939698	-46.017587939698	-46.017587939698	-46.017587939698	-46.017587939698	-46.017587939698	-46.017587939698	-46.017587939698	-46.017587939698	-46.017587939698	-46.017587939698	-46.017587939698	-46.017587939698	-46.017587939698	-46.017587939698	-46.017587939698	-46.017587939698	-46.017587939698	-46.017587939698	-46.017587939698	-46.017587939698	-46.017587939698	-46.017587939698	-46.017587939698	-46.017587939698	-46.017587939698	-46.017587939698	-46.017587939698	-46.017587939698	-46.017587939698	-46.017587939698	-46.017587939698	-46.017587939698	-46.017587939698	-46.017587939698	-46.017587939698	-46.017587939698	-46.017587939698	-46.017587939698	-46.017587939698	-46.017587939698	-46.017587939698	-46.017587939698	-46.017587939698	-46.017587939698	-46.017587939698	-46.017587939698	-46.017587939698	-46.017587939698	-46.017587939698	-46.017587939698	-46.017587939698	-46.017587939698	-46.017587939698	-46.017587939698	-46.017587939698	-46.017587939698	-46.017587939698	-46.017587939698	-46.017587939698	-46.017587939698	-46.017587939698	-46.017587939698	-46.017587939698	-46.017587939698	-46.017587939698	-46.017587939698	-46.017587939698	-46.017587939698	-46.017587939698	-46.017587939698	-46.017587939698	-46.017587939698	-46.017587939698	-46.017587939698	-46.017587939698	-46.017587939698	-46.017587939698	-46.017587939698	-46.017587939698	-46.017587939698	-46.017587939698	-46.017587939698	-46.017587939698	-46.017587939698	-46.017587939698	-46.017587939698	-46.017587939698	-46.017587939698	-46.017587939698	-46.017587939698	-46.017587939698	-46.017587939698	-46.017587939698	-46.017587939698	-46.017587939698	-46.017587939698	-46.017587939698	-46.017587939698	-46.017587939698	-46.017587939698	-46.017587939698	-46.017587939698	-46.017587939698	-46.017587939698	-46.017587939698	-46.017587939698	-46.017587939698	-46.017587939698	-46.017587939698	-46.017587939698	-46.017587939698	-46.017587939698	-46.017587939698	-46.017587939698	-46.017587939698	-46.017587939698	-46.017587939698	-46.017587939698	-46.017587939698	-46.017587939698	-46.017587939698	-46.017587939698	-46.017587939698	-46.017587939698	-46.017587939698	-46.017587939698	-46.017587939698	-46.017587939698	-46.017587939698	-46.017587939698	-46.017587939698	-46.017587939698	-46.017587939698	-46.017587939698	-46.017587939698	-46.017587939698	-46.017587939698	-46.017587939698	-46.017587939698	-46.017587939698	-46.017587939698	-46.017587939698	-46.017587939698	-46.017587939698	-46.017587939698	-46.017587939698	-46.017587939698	-46.017587939698	-46.017587939698	-46.017587939698	-46.017587939698	-46.017587939698	-46.017587939698	-46.017587939698	-46.017587939698	-46.017587939698	-46.017587939698	-46.017587939698	-46.017587939698	-46.017587939698	-46.017587939698	-46.017587939698	-46.017587939698	-46.017587939698	-46.017587939698	-46.017587939698	-46.017587939698	-46.017587939698	-46.017587939698	-46.017587939698	-46.017587939698	-46.017587939698	-46.017587939698	-46.017587939698	-46.017587939698
-45.520100502513	-45.520100502513	-45.520100502513	-45.520100502513	-45.520100502513	-45.520100502513	-45.520100502513	-45.520100502513	-45.520100502513	-45.520100502513	-45.520100502513	-45.520100502513	-45.520100502513	-45.520100502513	-45.520100502513	-45.520100502513	-45.520100502513	-45.520100502513	-45.520100502513	-45.520100502513	-45.520100502513	-45.520100502513	-45.520100502513	-45.520100502513	-45.520100502513	-45.520100502513	-45.520100502513	-45.520100502513	-45.520100502513	-45.520100502513	-45.520100502513	-45.520100502513	-45.520100502513	-45.520100502513	-45.520100502513	-45.520100502513	-45.520100502513	-45.520100502513	-45.520100502513	-45.520100502513	-45.520100502513	-45.520100502513	-45.520100502513	-45.520100502513	-45.520100502513	-45.520100502513	-45.520100502513	-45.520100502513	-45.520100502513	-45.520100502513	-45.520100502513	-45.520100502513	-45.520100502513	-45.520100502513	-45.520100502513	-45.520100502513	-45.520100502513	-45.520100502513	-45.520100502513	-45.520100502513	-45.520100502513	-45.520100502513	-45.520100502513	-45.520100502513	-45.520100502513	-45.520100502513	-45.520100502513	-45.520100502513	-45.520100502513	-45.520100502513	-45.520100502513	-45.520100502513	-45.520100502513	-45.520100502513	-45.520100502513	-45.520100502513	-45.520100502513	-45.520100502513	-45.520100502513	-45.520100502513	-45.520100502513	-45.520100502513	-45.520100502513	-45.520100502513	-45.520100502513	-45.520100502513	-45.520100502513	-45.520100502513	-45.520100502513	-45.520100502513	-45.520100502513	-45.520100502513	-45.520100502513	-45.520100502513	-45.520100502513	-45.520100502513	-45.520100502513	-45.520100502513	-45.520100502513	-45.520100502513	-45.520100502513	-45.520100502513	-45.520100502513	-45.520100502513	-45.520100502513	-45.520100502513	-45.520100502513	-45.520100502513	-45.520100502513	-45.520100502513	-45.520100502513	-45.520100502513	-45.520100502513	-45.520100502513	-45.520100502513	-45.520100502513	-45.520100502513	-45.520100502513	-45.520100502513	-45.520100502513	-45.520100502513	-45.520100502513	-45.520100502513	-45.520100502513	-45.520100502513	-45.520100502513	-45.520100502513	-45.520100502513	-45.520100502513	-45.520100502513	-45.520100502513	-45.520100502513	-45.520100502513	-45.520100502513	-45.520100502513	-45.520100502513	-45.520100502513	-45.520100502513	-45.520100502513	-45.520100502513	-45.520100502513	-45.520100502513	-45.520100502513	-45.520100502513	-45.520100502513	-45.520100502513	-45.520100502513	-45.520100502513	-45.520100502513	-45.520100502513	-45.520100502513	-45.520100502513	-45.520100502513	-45.520100502513	-45.520100502513	-45.520100502513	-45.520100502513	-45.520100502513	-45.520100502513	-45.520100502513	-45.520100502513	-45.520100502513	-45.520100502513	-45.520100502513	-45.520100502513	-45.520100502513	-45.520100502513	-45.520100502513	-45.520100502513	-45.520100502513	-45.520100502513	-45.520100502513	-45.520100502513	-45.520100502513	-45.520100502513	-45.520100502513	-45.520100502513	-45.520100502513	-45.520100502513	-45.520100502513	-45.520100502513	-45.520100502513	-45.520100502513	-45.520100502513	-45.520100502513	-45.520100502513	-45.520100502513	-45.520100502513	-45.520100502513	-45.520100502513	-45.520100502513	-45.520100502513	-45.520100502513	-45.520100502513	-45.520100502513	-45.520100502513	-45.520100502513	-45.520100502513	-45.520100502513	-45.520100502513
-45.022613065327	-45.022613065327	-45.022613065327	-45.022613065327	-45.022613065327	-45.022613065327	-45.022613065327	-45.022613065327	-45.022613065327	-45.022613065327	-45.022613065327	-45.022613065327	-45.022613065327	-45.022613065327	-45.022613065327	-45.022613065327	-45.022613065327	-45.022613065327	-45.022613065327	-45.022613065327	-45.022613065327	-45.022613065327	-45.022613065327	-45.022613065327	-45.022613065327	-45.022613065327	-45.022613065327	-45.022613065327	-45.022613065327	-45.022613065327	-45.022613065327	-45.022613065327	-45.022613065327	-45.022613065327	-45.022613065327	-45.022613065327	-45.022613065327	-45.022613065327	-45.022613065327	-45.022613065327	-45.022613065327	-45.022613065327	-45.022613065327	-45.022613065327	-45.022613065327	-45.022613065327	-45.022613065327	-45.022613065327	-45.022613065327	-45.022613065327	-45.022613065327	-45.022613065327	-45.022613065327	-45.022613065327	-45.022613065327	-45.022613065327	-45.022613065327	-45.022613065327	-45.022613065327	-45.022613065327	-45.022613065327	-45.022613065327	-45.022613065327	-45.022613065327	-45.022613065327	-45.022613065327	-45.022613065327	-45.022613065327	-45.022613065327	-45.022613065327	-45.022613065327	-45.022613065327	-45.022613065327	-45.022613065327	-45.022613065327	-45.022613065327	-45.022613065327	-45.022613065327	-45.022613065327	-45.022613065327	-45.022613065327	-45.022613065327	-45.022613065327	-45.022613065327	-45.022613065327	-45.022613065327	-45.022613065327	-45.022613065327	-45.022613065327	-45.022613065327	-45.022613065327	-45.022613065327	-45.022613065327	-45.022613065327	-45.022613065327	-45.022613065327	-45.022613065327	-45.022613065327	-45.022613065327	-45.022613065327	-45.022613065327	-45.022613065327	-45.022613065327	-45.022613065327	-45.022613065327	-45.022613065327	-45.022613065327	-45.022613065327	-45.022613065327	-45.022613065327	-45.022613065327	-45.022613065327	-45.022613065327	-45.022613065327	-45.022613065327	-45.022613065327	-45.022613065327	-45.022613065327	-45.022613065327	-45.022613065327	-45.022613065327	-45.022613065327	-45.022613065327	-45.022613065327	-45.022613065327	-45.022613065327	-45.022613065327	-45.022613065327	-45.022613065327	-45.022613065327	-45.022613065327	-45.022613065327	-45.022613065327	-45.022613065327	-45.022613065327	-45.022613065327	-45.022613065327	-45.022613065327	-45.022613065327	-45.022613065327	-45.022613065327	-45.022613065327	-45.022613065327	-45.022613065327	-45.022613065327	-45.022613065327	-45.022613065327	-45.022613065327	-45.022613065327	-45.022613065327	-45.022613065327	-45.022613065327	-45.022613065327	-45.022613065327	-45.022613065327	-45.022613065327	-45.022613065327	-45.022613065327	-45.022613065327	-45.022613065327	-45.022613065327	-45.022613065327	-45.022613065327	-45.022613065327	-45.022613065327	-45.022613065327	-45.022613065327	-45.022613065327	-45.022613065327	-45.022613065327	-45.022613065327	-45.022613065327	-45.022613065327	-45.022613065327	-45.022613065327	-45.022613065327	-45.022613065327	-45.022613065327	-45.022613065327	-45.022613065327	-45.022613065327	-45.022613065327	-45.022613065327	-45.022613065327	-45.022613065327	-45.022613065327	-45.022613065327	-45.022613065327	-45.022613065327	-45.022613065327	-45.022613065327	-45.022613065327	-45.022613065327	-45.022613065327	-45.022613065327	-45.022613065327	-45.022613065327	-45.022613065327	-45.022613065327	-45.022613065327
-44.525125628141	-44.525125628141	-44.525125628141	-44.525125628141	-44.525125628141	-44.525125628141	-44.525125628141	-44.525125628141	-44.525125628141	-44.525125628141	-44.525125628141	-44.525125628141	-44.525125628141	-44.525125628141	-44.525125628141	-44.525125628141	-44.525125628141	-44.525125628141	-44.525125628141	-44.525125628141	-44.525125628141	-44.525125628141	-44.525125628141	-44.525125628141	-44.525125628141	-44.525125628141	-44.525125628141	-44.525125628141	-44.525125628141	-44.525125628141	-44.525125628141	-44.525125628141	-44.525125628141	-44.525125628141	-44.525125628141	-44.525125628141	-44.525125628141	-44.525125628141	-44.525125628141	-44.525125628141	-44.525125628141	-44.525125628141	-44.525125628141	-44.525125628141	-44.525125628141	-44.525125628141	-44.525125628141	-44.525125628141	-44.525125628141	-44.525125628141	-44.525125628141	-44.525125628141	-44.525125628141	-44.525125628141	-44.525125628141	-44.525125628141	-44.525125628141	-44.525125628141	-44.525125628141	-44.525125628141	-44.525125628141	-44.525125628141	-44.525125628141	-44.525125628141	-44.525125628141	-44.525125628141	-44.525125628141	-44.525125628141	-44.525125628141	-44.525125628141	-44.525125628141	-44.525125628141	-44.525125628141	-44.525125628141	-44.525125628141	-44.525125628141	-44.525125628141	-44.525125628141	-44.525125628141	-44.525125628141	-44.525125628141	-44.525125628141	-44.525125628141	-44.525125628141	-44.525125628141	-44.525125628141	-44.525125628141	-44.525125628141	-44.525125628141	-44.525125628141	-44.525125628141	-44.525125628141	-44.525125628141	-44.525125628141	-44.525125628141	-44.525125628141	-44.525125628141	-44.525125628141	-44.525125628141	-44.525125628141	-44.525125628141	-44.525125628141	-44.525125628141	-44.525125628141	-44.525125628141	-44.525125628141	-44.525125628141	-44.525125628141	-44.525125628141	-44.525125628141	-44.525125628141	-44.525125628141	-44.525125628141	-44.525125628141	-44.525125628141	-44.525125628141	-44.525125628141	-44.525125628141	-44.525125628141	-44.525125628141	-44.525125628141	-44.525125628141	-44.525125628141	-44.525125628141	-44.525125628141	-44.525125628141	-44.525125628141	-44.525125628141	-44.525125628141	-44.525125628141	-44.525125628141	-44.525125628141	-44.525125628141	-44.525125628141	-44.525125628141	-44.525125628141	-44.525125628141	-44.525125628141	-44.525125628141	-44.525125628141	-44.525125628141	-44.525125628141	-44.525125628141	-44.525125628141	-44.525125628141	-44.525125628141	-44.525125628141	-44.525125628141	-44.525125628141	-44.525125628141	-44.525125628141	-44.525125628141	-44.525125628141	-44.525125628141	-44.525125628141	-44.525125628141	-44.525125628141	-44.525125628141	-44.525125628141	-44.525125628141	-44.525125628141	-44.525125628141	-44.525125628141	-44.525125628141	-44.525125628141	-44.525125628141	-44.525125628141	-44.525125628141	-44.525125628141	-44.525125628141	-44.525125628141	-44.525125628141	-44.525125628141	-44.525125628141	-44.525125628141	-44.525125628141	-44.525125628141	-44.525125628141	-44.525125628141	-44.525125628141	-44.525125628141	-44.525125628141	-44.525125628141	-44.525125628141	-44.525125628141	-44.525125628141	-44.525125628141	-44.525125628141	-44.525125628141	-44.525125628141	-44.525125628141	-44.525125628141	-44.525125628141	-44.525125628141	-44.525125628141	-44.525125628141	-44.525125628141	-44.525125628141	-44.525125628141	-44.525125628141
-44.027638190955	-44.027638190955	-44.027638190955	-44.027638190955	-44.027638190955	-44.027638190955	-44.027638190955	-44.027638190955	-44.027638190955	-44.027638190955	-44.027638190955	-44.027638190955	-44.027638190955	-44.027638190955	-44.027638190955	-44.027638190955	-44.027638190955	-44.027638190955	-44.027638190955	-44.027638190955	-44.027638190955	-44.027638190955	-44.027638190955	-44.027638190955	-44.027638190955	-44.027638190955	-44.027638190955	-44.027638190955	-44.027638190955	-44.027638190955	-44.027638190955	-44.027638190955	-44.027638190955	-44.027638190955	-44.027638190955	-44.027638190955	-44.027638190955	-44.027638190955	-44.027638190955	-44.027638190955	-44.027638190955	-44.027638190955	-44.027638190955	-44.027638190955	-44.027638190955	-44.027638190955	-44.027638190955	-44.027638190955	-44.027638190955	-44.027638190955	-44.027638190955	-44.027638190955	-44.027638190955	-44.027638190955	-44.027638190955	-44.027638190955	-44.027638190955	-44.027638190955	-44.027638190955	-44.027638190955	-44.027638190955	-44.027638190955	-44.027638190955	-44.027638190955	-44.027638190955	-44.027638190955	-44.027638190955	-44.027638190955	-44.027638190955	-44.027638190955	-44.027638190955	-44.027638190955	-44.027638190955	-44.027638190955	-44.027638190955	-44.027638190955	-44.027638190955	-44.027638190955	-44.027638190955	-44.027638190955	-44.027638190955	-44.027638190955	-44.027638190955	-44.027638190955	-44.027638190955	-44.027638190955	-44.027638190955	-44.027638190955	-44.027638190955	-44.027638190955	-44.027638190955	-44.027638190955	-44.027638190955	-44.027638190955	-44.027638190955	-44.027638190955	-44.027638190955	-44.027638190955	-44.027638190955	-44.027638190955	-44.027638190955	-44.027638190955	-44.027638190955	-44.027638190955	-44.027638190955	-44.027638190955	-44.027638190955	-44.027638190955	-44.027638190955	-44.027638190955	-44.027638190955	-44.027638190955	-44.027638190955	-44.027638190955	-44.027638190955	-44.027638190955	-44.027638190955	-44.027638190955	-44.027638190955	-44.027638190955	-44.027638190955	-44.027638190955	-44.027638190955	-44.027638190955	-44.027638190955	-44.027638190955	-44.027638190955	-44.027638190955	-44.027638190955	-44.027638190955	-44.027638190955	-44.027638190955	-44.027638190955	-44.027638190955	-44.027638190955	-44.027638190955	-44.027638190955	-44.027638190955	-44.027638190955	-44.027638190955	-44.027638190955	-44.027638190955	-44.027638190955	-44.027638190955	-44.027638190955	-44.027638190955	-44.027638190955	-44.027638190955	-44.027638190955	-44.027638190955	-44.027638190955	-44.027638190955	-44.027638190955	-44.027638190955	-44.027638190955	-44.027638190955	-44.027638190955	-44.027638190955	-44.027638190955	-44.027638190955	-44.027638190955	-44.027638190955	-44.027638190955	-44.027638190955	-44.027638190955	-44.027638190955	-44.027638190955	-44.027638190955	-44.027638190955	-44.027638190955	-44.027638190955	-44.027638190955	-44.027638190955	-44.027638190955	-44.027638190955	-44.027638190955	-44.027638190955	-44.027638190955	-44.027638190955	-44.027638190955	-44.027638190955	-44.027638190955	-44.027638190955	-44.027638190955	-44.027638190955	-44.027638190955	-44.027638190955	-44.027638190955	-44.027638190955	-44.027638190955	-44.027638190955	-44.027638190955	-44.027638190955	-44.027638190955	-44.027638190955	-44.027638190955	-44.027638190955	-44.027638190955	-44.027638190955	-44.027638190955
-43.530150753769	-43.530150753769	-43.530150753769	-43.530150753769	-43.530150753769	-43.530150753769	-43.530150753769	-43.530150753769	-43.530150753769	-43.530150753769	-43.530150753769	-43.530150753769	-43.530150753769	-43.530150753769	-43.530150753769	-43.530150753769	-43.530150753769	-43.530150753769	-43.530150753769	-43.530150753769	-43.530150753769	-43.530150753769	-43.530150753769	-43.530150753769	-43.530150753769	-43.530150753769	-43.530150753769	-43.530150753769	-43.530150753769	-43.530150753769	-43.530150753769	-43.530150753769	-43.530150753769	-43.530150753769	-43.530150753769	-43.530150753769	-43.530150753769	-43.530150753769	-43.530150753769	-43.530150753769	-43.530150753769	-43.530150753769	-43.530150753769	-43.530150753769	-43.530150753769	-43.530150753769	-43.530150753769	-43.530150753769	-43.530150753769	-43.530150753769	-43.530150753769	-43.530150753769	-43.530150753769	-43.530150753769	-43.530150753769	-43.530150753769	-43.530150753769	-43.530150753769	-43.530150753769	-43.530150753769	-43.530150753769	-43.530150753769	-43.530150753769	-43.530150753769	-43.530150753769	-43.530150753769	-43.530150753769	-43.530150753769	-43.530150753769	-43.530150753769	-43.530150753769	-43.530150753769	-43.530150753769	-43.530150753769	-43.530150753769	-43.530150753769	-43.530150753769	-43.530150753769	-43.530150753769	-43.530150753769	-43.530150753769	-43.530150753769	-43.530150753769	-43.530150753769	-43.530150753769	-43.530150753769	-43.530150753769	-43.530150753769	-43.530150753769	-43.530150753769	-43.530150753769	-43.530150753769	-43.530150753769	-43.530150753769	-43.530150753769	-43.530150753769	-43.530150753769	-43.530150753769	-43.530150753769	-43.530150753769	-43.530150753769	-43.530150753769	-43.530150753769	-43.530150753769	-43.530150753769	-43.530150753769	-43.530150753769	-43.530150753769	-43.530150753769	-43.530150753769	-43.530150753769	-43.530150753769	-43.530150753769	-43.530150753769	-43.530150753769	-43.530150753769	-43.530150753769	-43.530150753769	-43.530150753769	-43.530150753769	-43.530150753769	-43.530150753769	-43.530150753769	-43.530150753769	-43.530150753769	-43.530150753769	-43.530150753769	-43.530150753769	-43.530150753769	-43.530150753769	-43.530150753769	-43.530150753769	-43.530150753769	-43.530150753769	-43.530150753769	-43.530150753769	-43.530150753769	-43.530150753769	-43.530150753769	-43.530150753769	-43.530150753769	-43.530150753769	-43.530150753769	-43.530150753769	-43.530150753769	-43.530150753769	-43.530150753769	-43.530150753769	-43.530150753769	-43.530150753769	-43.530150753769	-43.530150753769	-43.530150753769	-43.530150753769	-43.530150753769	-43.530150753769	-43.530150753769	-43.530150753769	-43.530150753769	-43.530150753769	-43.530150753769	-43.530150753769	-43.530150753769	-43.530150753769	-43.530150753769	-43.530150753769	-43.530150753769	-43.530150753769	-43.530150753769	-43.530150753769	-43.530150753769	-43.530150753769	-43.530150753769	-43.530150753769	-43.530150753769	-43.530150753769	-43.530150753769	-43.530150753769	-43.530150753769	-43.530150753769	-43.530150753769	-43.530150753769	-43.530150753769	-43.530150753769	-43.530150753769	-43.530150753769	-43.530150753769	-43.530150753769	-43.530150753769	-43.530150753769	-43.530150753769	-43.530150753769	-43.530150753769	-43.530150753769	-43.530150753769	-43.530150753769	-43.530150753769	-43.530150753769	-43.530150753769	-43.530150753769
-43.032663316583	-43.032663316583	-43.032663316583	-43.032663316583	-43.032663316583	-43.032663316583	-43.032663316583	-43.032663316583	-43.032663316583	-43.032663316583	-43.032663316583	-43.032663316583	-43.032663316583	-43.032663316583	-43.032663316583	-43.032663316583	-43.032663316583	-43.032663316583	-43.032663316583	-43.032663316583	-43.032663316583	-43.032663316583	-43.032663316583	-43.032663316583	-43.032663316583	-43.032663316583	-43.032663316583	-43.032663316583	-43.032663316583	-43.032663316583	-43.032663316583	-43.032663316583	-43.032663316583	-43.032663316583	-43.032663316583	-43.032663316583	-43.032663316583	-43.032663316583	-43.032663316583	-43.032663316583	-43.032663316583	-43.032663316583	-43.032663316583	-43.032663316583	-43.032663316583	-43.032663316583	-43.032663316583	-43.032663316583	-43.032663316583	-43.032663316583	-43.032663316583	-43.032663316583	-43.032663316583	-43.032663316583	-43.032663316583	-43.032663316583	-43.032663316583	-43.032663316583	-43.032663316583	-43.032663316583	-43.032663316583	-43.032663316583	-43.032663316583	-43.032663316583	-43.032663316583	-43.032663316583	-43.032663316583	-43.032663316583	-43.032663316583	-43.032663316583	-43.032663316583	-43.032663316583	-43.032663316583	-43.032663316583	-43.032663316583	-43.032663316583	-43.032663316583	-43.032663316583	-43.032663316583	-43.032663316583	-43.032663316583	-43.032663316583	-43.032663316583	-43.032663316583	-43.032663316583	-43.032663316583	-43.032663316583	-43.032663316583	-43.032663316583	-43.032663316583	-43.032663316583	-43.032663316583	-43.032663316583	-43.032663316583	-43.032663316583	-43.032663316583	-43.032663316583	-43.032663316583	-43.032663316583	-43.032663316583	-43.032663316583	-43.032663316583	-43.032663316583	-43.032663316583	-43.032663316583	-43.032663316583	-43.032663316583	-43.032663316583	-43.032663316583	-43.032663316583	-43.032663316583	-43.032663316583	-43.032663316583	-43.032663316583	-43.032663316583	-43.032663316583	-43.032663316583	-43.032663316583	-43.032663316583	-43.032663316583	-43.032663316583	-43.032663316583	-43.032663316583	-43.032663316583	-43.032663316583	-43.032663316583	-43.032663316583	-43.032663316583	-43.032663316583	-43.032663316583	-43.032663316583	-43.032663316583	-43.032663316583	-43.032663316583	-43.032663316583	-43.032663316583	-43.032663316583	-43.032663316583	-43.032663316583	-43.032663316583	-43.032663316583	-43.032663316583	-43.032663316583	-43.032663316583	-43.032663316583	-43.032663316583	-43.032663316583	-43.032663316583	-43.032663316583	-43.032663316583	-43.032663316583	-43.032663316583	-43.032663316583	-43.032663316583	-43.032663316583	-43.032663316583	-43.032663316583	-43.032663316583	-43.032663316583	-43.032663316583	-43.032663316583	-43.032663316583	-43.032663316583	-43.032663316583	-43.032663316583	-43.032663316583	-43.032663316583	-43.032663316583	-43.032663316583	-43.032663316583	-43.032663316583	-43.032663316583	-43.032663316583	-43.032663316583	-43.032663316583	-43.032663316583	-43.032663316583	-43.032663316583	-43.032663316583	-43.032663316583	-43.032663316583	-43.032663316583	-43.032663316583	-43.032663316583	-43.032663316583	-43.032663316583	-43.032663316583	-43.032663316583	-43.032663316583	-43.032663316583	-43.032663316583	-43.032663316583	-43.032663316583	-43.032663316583	-43.032663316583	-43.032663316583	-43.032663316583	-43.032663316583	-43.032663316583	-43.032663316583
-42.535175879397	-42.535175879397	-42.535175879397	-42.535175879397	-42.535175879397	-42.535175879397	-42.535175879397	-42.535175879397	-42.535175879397	-42.535175879397	-42.535175879397	-42.535175879397	-42.535175879397	-42.535175879397	-42.535175879397	-42.535175879397	-42.535175879397	-42.535175879397	-42.535175879397	-42.535175879397	-42.535175879397	-42.535175879397	-42.535175879397	-42.535175879397	-42.535175879397	-42.535175879397	-42.535175879397	-42.535175879397	-42.535175879397	-42.535175879397	-42.535175879397	-42.535175879397	-42.535175879397	-42.535175879397	-42.535175879397	-42.535175879397	-42.535175879397	-42.535175879397	-42.535175879397	-42.535175879397	-42.535175879397	-42.535175879397	-42.535175879397	-42.535175879397	-42.535175879397	-42.535175879397	-42.535175879397	-42.535175879397	-42.535175879397	-42.535175879397	-42.535175879397	-42.535175879397	-42.535175879397	-42.535175879397	-42.535175879397	-42.535175879397	-42.535175879397	-42.535175879397	-42.535175879397	-42.535175879397	-42.535175879397	-42.535175879397	-42.535175879397	-42.535175879397	-42.535175879397	-42.535175879397	-42.535175879397	-42.535175879397	-42.535175879397	-42.535175879397	-42.535175879397	-42.535175879397	-42.535175879397	-42.535175879397	-42.535175879397	-42.535175879397	-42.535175879397	-42.535175879397	-42.535175879397	-42.535175879397	-42.535175879397	-42.535175879397	-42.535175879397	-42.535175879397	-42.535175879397	-42.535175879397	-42.535175879397	-42.535175879397	-42.535175879397	-42.535175879397	-42.535175879397	-42.535175879397	-42.535175879397	-42.535175879397	-42.535175879397	-42.535175879397	-42.535175879397	-42.535175879397	-42.535175879397	-42.535175879397	-42.535175879397	-42.535175879397	-42.535175879397	-42.535175879397	-42.535175879397	-42.535175879397	-42.535175879397	-42.535175879397	-42.535175879397	-42.535175879397	-42.535175879397	-42.535175879397	-42.535175879397	-42.535175879397	-42.535175879397	-42.535175879397	-42.535175879397	-42.535175879397	-42.535175879397	-42.535175879397	-42.535175879397	-42.535175879397	-42.535175879397	-42.535175879397	-42.535175879397	-42.535175879397	-42.535175879397	-42.535175879397	-42.535175879397	-42.535175879397	-42.535175879397	-42.535175879397	-42.535175879397	-42.535175879397	-42.535175879397	-42.535175879397	-42.535175879397	-42.535175879397	-42.535175879397	-42.535175879397	-42.535175879397	-42.535175879397	-42.535175879397	-42.535175879397	-42.535175879397	-42.535175879397	-42.535175879397	-42.535175879397	-42.535175879397	-42.535175879397	-42.535175879397	-42.535175879397	-42.535175879397	-42.535175879397	-42.535175879397	-42.535175879397	-42.535175879397	-42.535175879397	-42.535175879397	-42.535175879397	-42.535175879397	-42.535175879397	-42.535175879397	-42.535175879397	-42.535175879397	-42.535175879397	-42.535175879397	-42.535175879397	-42.535175879397	-42.535175879397	-42.535175879397	-42.535175879397	-42.535175879397	-42.535175879397	-42.535175879397	-42.535175879397	-42.535175879397	-42.535175879397	-42.535175879397	-42.535175879397	-42.535175879397	-42.535175879397	-42.535175879397	-42.535175879397	-42.535175879397	-42.535175879397	-42.535175879397	-42.535175879397	-42.535175879397	-42.535175879397	-42.535175879397	-42.535175879397	-42.535175879397	-42.535175879397	-42.535175879397	-42.535175879397	-42.535175879397	-42.535175879397	-42.535175879397	-42.535175879397
-42.037688442211	-42.037688442211	-42.037688442211	-42.037688442211	-42.037688442211	-42.037688442211	-42.037688442211	-42.037688442211	-42.037688442211	-42.037688442211	-42.037688442211	-42.037688442211	-42.037688442211	-42.037688442211	-42.037688442211	-42.037688442211	-42.037688442211	-42.037688442211	-42.037688442211	-42.037688442211	-42.037688442211	-42.037688442211	-42.037688442211	-42.037688442211	-42.037688442211	-42.037688442211	-42.037688442211	-42.037688442211	-42.037688442211	-42.037688442211	-42.037688442211	-42.037688442211	-42.037688442211	-42.037688442211	-42.037688442211	-42.037688442211	-42.037688442211	-42.037688442211	-42.037688442211	-42.037688442211	-42.037688442211	-42.037688442211	-42.037688442211	-42.037688442211	-42.037688442211	-42.037688442211	-42.037688442211	-42.037688442211	-42.037688442211	-42.037688442211	-42.037688442211	-42.037688442211	-42.037688442211	-42.037688442211	-42.037688442211	-42.037688442211	-42.037688442211	-42.037688442211	-42.037688442211	-42.037688442211	-42.037688442211	-42.037688442211	-42.037688442211	-42.037688442211	-42.037688442211	-42.037688442211	-42.037688442211	-42.037688442211	-42.037688442211	-42.037688442211	-42.037688442211	-42.037688442211	-42.037688442211	-42.037688442211	-42.037688442211	-42.037688442211	-42.037688442211	-42.037688442211	-42.037688442211	-42.037688442211	-42.037688442211	-42.037688442211	-42.037688442211	-42.037688442211	-42.037688442211	-42.037688442211	-42.037688442211	-42.037688442211	-42.037688442211	-42.037688442211	-42.037688442211	-42.037688442211	-42.037688442211	-42.037688442211	-42.037688442211	-42.037688442211	-42.037688442211	-42.037688442211	-42.037688442211	-42.037688442211	-42.037688442211	-42.037688442211	-42.037688442211	-42.037688442211	-42.037688442211	-42.037688442211	-42.037688442211	-42.037688442211	-42.037688442211	-42.037688442211	-42.037688442211	-42.037688442211	-42.037688442211	-42.037688442211	-42.037688442211	-42.037688442211	-42.037688442211	-42.037688442211	-42.037688442211	-42.037688442211	-42.037688442211	-42.037688442211	-42.037688442211	-42.037688442211	-42.037688442211	-42.037688442211	-42.037688442211	-42.037688442211	-42.037688442211	-42.037688442211	-42.037688442211	-42.037688442211	-42.037688442211	-42.037688442211	-42.037688442211	-42.037688442211	-42.037688442211	-42.037688442211	-42.037688442211	-42.037688442211	-42.037688442211	-42.037688442211	-42.037688442211	-42.037688442211	-42.037688442211	-42.037688442211	-42.037688442211	-42.037688442211	-42.037688442211	-42.037688442211	-42.037688442211	-42.037688442211	-42.037688442211	-42.037688442211	-42.037688442211	-42.037688442211	-42.037688442211	-42.037688442211	-42.037688442211	-42.037688442211	-42.037688442211	-42.037688442211	-42.037688442211	-42.037688442211	-42.037688442211	-42.037688442211	-42.037688442211	-42.037688442211	-42.037688442211	-42.037688442211	-42.037688442211	-42.037688442211	-42.037688442211	-42.037688442211	-42.037688442211	-42.037688442211	-42.037688442211	-42.037688442211	-42.037688442211	-42.037688442211	-42.037688442211	-42.037688442211	-42.037688442211	-42.037688442211	-42.037688442211	-42.037688442211	-42.037688442211	-42.037688442211	-42.037688442211	-42.037688442211	-42.037688442211	-42.037688442211	-42.037688442211	-42.037688442211	-42.037688442211	-42.037688442211	-42.037688442211	-42.037688442211	-42.037688442211	-42.037688442211
-41.540201005025	-41.540201005025	-41.540201005025	-41.540201005025	-41.540201005025	-41.540201005025	-41.540201005025	-41.540201005025	-41.540201005025	-41.540201005025	-41.540201005025	-41.540201005025	-41.540201005025	-41.540201005025	-41.540201005025	-41.540201005025	-41.540201005025	-41.540201005025	-41.540201005025	-41.540201005025	-41.540201005025	-41.540201005025	-41.540201005025	-41.540201005025	-41.540201005025	-41.540201005025	-41.540201005025	-41.540201005025	-41.540201005025	-41.540201005025	-41.540201005025	-41.540201005025	-41.540201005025	-41.540201005025	-41.540201005025	-41.540201005025	-41.540201005025	-41.540201005025	-41.540201005025	-41.540201005025	-41.540201005025	-41.540201005025	-41.540201005025	-41.540201005025	-41.540201005025	-41.540201005025	-41.540201005025	-41.540201005025	-41.540201005025	-41.540201005025	-41.540201005025	-41.540201005025	-41.540201005025	-41.540201005025	-41.540201005025	-41.540201005025	-41.540201005025	-41.540201005025	-41.540201005025	-41.540201005025	-41.540201005025	-41.540201005025	-41.540201005025	-41.540201005025	-41.540201005025	-41.540201005025	-41.540201005025	-41.540201005025	-41.540201005025	-41.540201005025	-41.540201005025	-41.540201005025	-41.540201005025	-41.540201005025	-41.540201005025	-41.540201005025	-41.540201005025	-41.540201005025	-41.540201005025	-41.540201005025	-41.540201005025	-41.540201005025	-41.540201005025	-41.540201005025	-41.540201005025	-41.540201005025	-41.540201005025	-41.540201005025	-41.540201005025	-41.540201005025	-41.540201005025	-41.540201005025	-41.540201005025	-41.540201005025	-41.540201005025	-41.540201005025	-41.540201005025	-41.540201005025	-41.540201005025	-41.540201005025	-41.540201005025	-41.540201005025	-41.540201005025	-41.540201005025	-41.540201005025	-41.540201005025	-41.540201005025	-41.540201005025	-41.540201005025	-41.540201005025	-41.540201005025	-41.540201005025	-41.540201005025	-41.540201005025	-41.540201005025	-41.540201005025	-41.540201005025	-41.540201005025	-41.540201005025	-41.540201005025	-41.540201005025	-41.540201005025	-41.540201005025	-41.540201005025	-41.540201005025	-41.540201005025	-41.540201005025	-41.540201005025	-41.540201005025	-41.540201005025	-41.540201005025	-41.540201005025	-41.540201005025	-41.540201005025	-41.540201005025	-41.540201005025	-41.540201005025	-41.540201005025	-41.540201005025	-41.540201005025	-41.540201005025	-41.540201005025	-41.540201005025	-41.540201005025	-41.540201005025	-41.540201005025	-41.540201005025	-41.540201005025	-41.540201005025	-41.540201005025	-41.540201005025	-41.540201005025	-41.540201005025	-41.540201005025	-41.540201005025	-41.540201005025	-41.540201005025	-41.540201005025	-41.540201005025	-41.540201005025	-41.540201005025	-41.540201005025	-41.540201005025	-41.540201005025	-41.540201005025	-41.540201005025	-41.540201005025	-41.540201005025	-41.540201005025	-41.540201005025	-41.540201005025	-41.540201005025	-41.540201005025	-41.540201005025	-41.540201005025	-41.540201005025	-41.540201005025	-41.540201005025	-41.540201005025	-41.540201005025	-41.540201005025	-41.540201005025	-41.540201005025	-41.540201005025	-41.540201005025	-41.540201005025	-41.540201005025	-41.540201005025	-41.540201005025	-41.540201005025	-41.540201005025	-41.540201005025	-41.540201005025	-41.540201005025	-41.540201005025	-41.540201005025	-41.540201005025	-41.540201005025	-41.540201005025	-41.540201005025
-41.042713567839	-41.042713567839	-41.042713567839	-41.042713567839	-41.042713567839	-41.042713567839	-41.042713567839	-41.042713567839	-41.042713567839	-41.042713567839	-41.042713567839	-41.042713567839	-41.042713567839	-41.042713567839	-41.042713567839	-41.042713567839	-41.042713567839	-41.042713567839	-41.042713567839	-41.042713567839	-41.042713567839	-41.042713567839	-41.042713567839	-41.042713567839	-41.042713567839	-41.042713567839	-41.042713567839	-41.042713567839	-41.042713567839	-41.042713567839	-41.042713567839	-41.042713567839	-41.042713567839	-41.042713567839	-41.042713567839	-41.042713567839	-41.042713567839	-41.042713567839	-41.042713567839	-41.042713567839	-41.042713567839	-41.042713567839	-41.042713567839	-41.042713567839	-41.042713567839	-41.042713567839	-41.042713567839	-41.042713567839	-41.042713567839	-41.042713567839	-41.042713567839	-41.042713567839	-41.042713567839	-41.042713567839	-41.042713567839	-41.042713567839	-41.042713567839	-41.042713567839	-41.042713567839	-41.042713567839	-41.042713567839	-41.042713567839	-41.042713567839	-41.042713567839	-41.042713567839	-41.042713567839	-41.042713567839	-41.042713567839	-41.042713567839	-41.042713567839	-41.042713567839	-41.042713567839	-41.042713567839	-41.042713567839	-41.042713567839	-41.042713567839	-41.042713567839	-41.042713567839	-41.042713567839	-41.042713567839	-41.042713567839	-41.042713567839	-41.042713567839	-41.042713567839	-41.042713567839	-41.042713567839	-41.042713567839	-41.042713567839	-41.042713567839	-41.042713567839	-41.042713567839	-41.042713567839	-41.042713567839	-41.042713567839	-41.042713567839	-41.042713567839	-41.042713567839	-41.042713567839	-41.042713567839	-41.042713567839	-41.042713567839	-41.042713567839	-41.042713567839	-41.042713567839	-41.042713567839	-41.042713567839	-41.042713567839	-41.042713567839	-41.042713567839	-41.042713567839	-41.042713567839	-41.042713567839	-41.042713567839	-41.042713567839	-41.042713567839	-41.042713567839	-41.042713567839	-41.042713567839	-41.042713567839	-41.042713567839	-41.042713567839	-41.042713567839	-41.042713567839	-41.042713567839	-41.042713567839	-41.042713567839	-41.042713567839	-41.042713567839	-41.042713567839	-41.042713567839	-41.042713567839	-41.042713567839	-41.042713567839	-41.042713567839	-41.042713567839	-41.042713567839	-41.042713567839	-41.042713567839	-41.042713567839	-41.042713567839	-41.042713567839	-41.042713567839	-41.042713567839	-41.042713567839	-41.042713567839	-41.042713567839	-41.042713567839	-41.042713567839	-41.042713567839	-41.042713567839	-41.042713567839	-41.042713567839	-41.042713567839	-41.042713567839	-41.042713567839	-41.042713567839	-41.042713567839	-41.042713567839	-41.042713567839	-41.042713567839	-41.042713567839	-41.042713567839	-41.042713567839	-41.042713567839	-41.042713567839	-41.042713567839	-41.042713567839	-41.042713567839	-41.042713567839	-41.042713567839	-41.042713567839	-41.042713567839	-41.042713567839	-41.042713567839	-41.042713567839	-41.042713567839	-41.042713567839	-41.042713567839	-41.042713567839	-41.042713567839	-41.042713567839	-41.042713567839	-41.042713567839	-41.042713567839	-41.042713567839	-41.042713567839	-41.042713567839	-41.042713567839	-41.042713567839	-41.042713567839	-41.042713567839	-41.042713567839	-41.042713567839	-41.042713567839	-41.042713567839	-41.042713567839	-41.042713567839	-41.042713567839	-41.042713567839	-41.042713567839
-40.545226130653	-40.545226130653	-40.545226130653	-40.545226130653	-40.545226130653	-40.545226130653	-40.545226130653	-40.545226130653	-40.545226130653	-40.545226130653	-40.545226130653	-40.545226130653	-40.545226130653	-40.545226130653	-40.545226130653	-40.545226130653	-40.545226130653	-40.545226130653	-40.545226130653	-40.545226130653	-40.545226130653	-40.545226130653	-40.545226130653	-40.545226130653	-40.545226130653	-40.545226130653	-40.545226130653	-40.545226130653	-40.545226130653	-40.545226130653	-40.545226130653	-40.545226130653	-40.545226130653	-40.545226130653	-40.545226130653	-40.545226130653	-40.545226130653	-40.545226130653	-40.545226130653	-40.545226130653	-40.545226130653	-40.545226130653	-40.545226130653	-40.545226130653	-40.545226130653	-40.545226130653	-40.545226130653	-40.545226130653	-40.545226130653	-40.545226130653	-40.545226130653	-40.545226130653	-40.545226130653	-40.545226130653	-40.545226130653	-40.545226130653	-40.545226130653	-40.545226130653	-40.545226130653	-40.545226130653	-40.545226130653	-40.545226130653	-40.545226130653	-40.545226130653	-40.545226130653	-40.545226130653	-40.545226130653	-40.545226130653	-40.545226130653	-40.545226130653	-40.545226130653	-40.545226130653	-40.545226130653	-40.545226130653	-40.545226130653	-40.545226130653	-40.545226130653	-40.545226130653	-40.545226130653	-40.545226130653	-40.545226130653	-40.545226130653	-40.545226130653	-40.545226130653	-40.545226130653	-40.545226130653	-40.545226130653	-40.545226130653	-40.545226130653	-40.545226130653	-40.545226130653	-40.545226130653	-40.545226130653	-40.545226130653	-40.545226130653	-40.545226130653	-40.545226130653	-40.545226130653	-40.545226130653	-40.545226130653	-40.545226130653	-40.545226130653	-40.545226130653	-40.545226130653	-40.545226130653	-40.545226130653	-40.545226130653	-40.545226130653	-40.545226130653	-40.545226130653	-40.545226130653	-40.545226130653	-40.545226130653	-40.545226130653	-40.545226130653	-40.545226130653	-40.545226130653	-40.545226130653	-40.545226130653	-40.545226130653	-40.545226130653	-40.545226130653	-40.545226130653	-40.545226130653	-40.545226130653	-40.545226130653	-40.545226130653	-40.545226130653	-40.545226130653	-40.545226130653	-40.545226130653	-40.545226130653	-40.545226130653	-40.545226130653	-40.545226130653	-40.545226130653	-40.545226130653	-40.545226130653	-40.545226130653	-40.545226130653	-40.545226130653	-40.545226130653	-40.545226130653	-40.545226130653	-40.545226130653	-40.545226130653	-40.545226130653	-40.545226130653	-40.545226130653	-40.545226130653	-40.545226130653	-40.545226130653	-40.545226130653	-40.545226130653	-40.545226130653	-40.545226130653	-40.545226130653	-40.545226130653	-40.545226130653	-40.545226130653	-40.545226130653	-40.545226130653	-40.545226130653	-40.545226130653	-40.545226130653	-40.545226130653	-40.545226130653	-40.545226130653	-40.545226130653	-40.545226130653	-40.545226130653	-40.545226130653	-40.545226130653	-40.545226130653	-40.545226130653	-40.545226130653	-40.545226130653	-40.545226130653	-40.545226130653	-40.545226130653	-40.545226130653	-40.545226130653	-40.545226130653	-40.545226130653	-40.545226130653	-40.545226130653	-40.545226130653	-40.545226130653	-40.545226130653	-40.545226130653	-40.545226130653	-40.545226130653	-40.545226130653	-40.545226130653	-40.545226130653	-40.545226130653	-40.545226130653	-40.545226130653	-40.545226130653	-40.545226130653
-40.047738693467	-40.047738693467	-40.047738693467	-40.047738693467	-40.047738693467	-40.047738693467	-40.047738693467	-40.047738693467	-40.047738693467	-40.047738693467	-40.047738693467	-40.047738693467	-40.047738693467	-40.047738693467	-40.047738693467	-40.047738693467	-40.047738693467	-40.047738693467	-40.047738693467	-40.047738693467	-40.047738693467	-40.047738693467	-40.047738693467	-40.047738693467	-40.047738693467	-40.047738693467	-40.047738693467	-40.047738693467	-40.047738693467	-40.047738693467	-40.047738693467	-40.047738693467	-40.047738693467	-40.047738693467	-40.047738693467	-40.047738693467	-40.047738693467	-40.047738693467	-40.047738693467	-40.047738693467	-40.047738693467	-40.047738693467	-40.047738693467	-40.047738693467	-40.047738693467	-40.047738693467	-40.047738693467	-40.047738693467	-40.047738693467	-40.047738693467	-40.047738693467	-40.047738693467	-40.047738693467	-40.047738693467	-40.047738693467	-40.047738693467	-40.047738693467	-40.047738693467	-40.047738693467	-40.047738693467	-40.047738693467	-40.047738693467	-40.047738693467	-40.047738693467	-40.047738693467	-40.047738693467	-40.047738693467	-40.047738693467	-40.047738693467	-40.047738693467	-40.047738693467	-40.047738693467	-40.047738693467	-40.047738693467	-40.047738693467	-40.047738693467	-40.047738693467	-40.047738693467	-40.047738693467	-40.047738693467	-40.047738693467	-40.047738693467	-40.047738693467	-40.047738693467	-40.047738693467	-40.047738693467	-40.047738693467	-40.047738693467	-40.047738693467	-40.047738693467	-40.047738693467	-40.047738693467	-40.047738693467	-40.047738693467	-40.047738693467	-40.047738693467	-40.047738693467	-40.047738693467	-40.047738693467	-40.047738693467	-40.047738693467	-40.047738693467	-40.047738693467	-40.047738693467	-40.047738693467	-40.047738693467	-40.047738693467	-40.047738693467	-40.047738693467	-40.047738693467	-40.047738693467	-40.047738693467	-40.047738693467	-40.047738693467	-40.047738693467	-40.047738693467	-40.047738693467	-40.047738693467	-40.047738693467	-40.047738693467	-40.047738693467	-40.047738693467	-40.047738693467	-40.047738693467	-40.047738693467	-40.047738693467	-40.047738693467	-40.047738693467	-40.047738693467	-40.047738693467	-40.047738693467	-40.047738693467	-40.047738693467	-40.047738693467	-40.047738693467	-40.047738693467	-40.047738693467	-40.047738693467	-40.047738693467	-40.047738693467	-40.047738693467	-40.047738693467	-40.047738693467	-40.047738693467	-40.047738693467	-40.047738693467	-40.047738693467	-40.047738693467	-40.047738693467	-40.047738693467	-40.047738693467	-40.047738693467	-40.047738693467	-40.047738693467	-40.047738693467	-40.047738693467	-40.047738693467	-40.047738693467	-40.047738693467	-40.047738693467	-40.047738693467	-40.047738693467	-40.047738693467	-40.047738693467	-40.047738693467	-40.047738693467	-40.047738693467	-40.047738693467	-40.047738693467	-40.047738693467	-40.047738693467	-40.047738693467	-40.047738693467	-40.047738693467	-40.047738693467	-40.047738693467	-40.047738693467	-40.047738693467	-40.047738693467	-40.047738693467	-40.047738693467	-40.047738693467	-40.047738693467	-40.047738693467	-40.047738693467	-40.047738693467	-40.047738693467	-40.047738693467	-40.047738693467	-40.047738693467	-40.047738693467	-40.047738693467	-40.047738693467	-40.047738693467	-40.047738693467	-40.047738693467	-40.047738693467	-40.047738693467	-40.047738693467	-40.047738693467
-39.550251256281	-39.550251256281	-39.550251256281	-39.550251256281	-39.550251256281	-39.550251256281	-39.550251256281	-39.550251256281	-39.550251256281	-39.550251256281	-39.550251256281	-39.550251256281	-39.550251256281	-39.550251256281	-39.550251256281	-39.550251256281	-39.550251256281	-39.550251256281	-39.550251256281	-39.550251256281	-39.550251256281	-39.550251256281	-39.550251256281	-39.550251256281	-39.550251256281	-39.550251256281	-39.550251256281	-39.550251256281	-39.550251256281	-39.550251256281	-39.550251256281	-39.550251256281	-39.550251256281	-39.550251256281	-39.550251256281	-39.550251256281	-39.550251256281	-39.550251256281	-39.550251256281	-39.550251256281	-39.550251256281	-39.550251256281	-39.550251256281	-39.550251256281	-39.550251256281	-39.550251256281	-39.550251256281	-39.550251256281	-39.550251256281	-39.550251256281	-39.550251256281	-39.550251256281	-39.550251256281	-39.550251256281	-39.550251256281	-39.550251256281	-39.550251256281	-39.550251256281	-39.550251256281	-39.550251256281	-39.550251256281	-39.550251256281	-39.550251256281	-39.550251256281	-39.550251256281	-39.550251256281	-39.550251256281	-39.550251256281	-39.550251256281	-39.550251256281	-39.550251256281	-39.550251256281	-39.550251256281	-39.550251256281	-39.550251256281	-39.550251256281	-39.550251256281	-39.550251256281	-39.550251256281	-39.550251256281	-39.550251256281	-39.550251256281	-39.550251256281	-39.550251256281	-39.550251256281	-39.550251256281	-39.550251256281	-39.550251256281	-39.550251256281	-39.550251256281	-39.550251256281	-39.550251256281	-39.550251256281	-39.550251256281	-39.550251256281	-39.550251256281	-39.550251256281	-39.550251256281	-39.550251256281	-39.550251256281	-39.550251256281	-39.550251256281	-39.550251256281	-39.550251256281	-39.550251256281	-39.550251256281	-39.550251256281	-39.550251256281	-39.550251256281	-39.550251256281	-39.550251256281	-39.550251256281	-39.550251256281	-39.550251256281	-39.550251256281	-39.550251256281	-39.550251256281	-39.550251256281	-39.550251256281	-39.550251256281	-39.550251256281	-39.550251256281	-39.550251256281	-39.550251256281	-39.550251256281	-39.550251256281	-39.550251256281	-39.550251256281	-39.550251256281	-39.550251256281	-39.550251256281	-39.550251256281	-39.550251256281	-39.550251256281	-39.550251256281	-39.550251256281	-39.550251256281	-39.550251256281	-39.550251256281	-39.550251256281	-39.550251256281	-39.550251256281	-39.550251256281	-39.550251256281	-39.550251256281	-39.550251256281	-39.550251256281	-39.550251256281	-39.550251256281	-39.550251256281	-39.550251256281	-39.550251256281	-39.550251256281	-39.550251256281	-39.550251256281	-39.550251256281	-39.550251256281	-39.550251256281	-39.550251256281	-39.550251256281	-39.550251256281	-39.550251256281	-39.550251256281	-39.550251256281	-39.550251256281	-39.550251256281	-39.550251256281	-39.550251256281	-39.550251256281	-39.550251256281	-39.550251256281	-39.550251256281	-39.550251256281	-39.550251256281	-39.550251256281	-39.550251256281	-39.550251256281	-39.550251256281	-39.550251256281	-39.550251256281	-39.550251256281	-39.550251256281	-39.550251256281	-39.550251256281	-39.550251256281	-39.550251256281	-39.550251256281	-39.550251256281	-39.550251256281	-39.550251256281	-39.550251256281	-39.550251256281	-39.550251256281	-39.550251256281	-39.550251256281	-39.550251256281	-39.550251256281	-39.550251256281	-39.550251256281	-39.550251256281
-39.052763819095	-39.052763819095	-39.052763819095	-39.052763819095	-39.052763819095	-39.052763819095	-39.052763819095	-39.052763819095	-39.052763819095	-39.052763819095	-39.052763819095	-39.052763819095	-39.052763819095	-39.052763819095	-39.052763819095	-39.052763819095	-39.052763819095	-39.052763819095	-39.052763819095	-39.052763819095	-39.052763819095	-39.052763819095	-39.052763819095	-39.052763819095	-39.052763819095	-39.052763819095	-39.052763819095	-39.052763819095	-39.052763819095	-39.052763819095	-39.052763819095	-39.052763819095	-39.052763819095	-39.052763819095	-39.052763819095	-39.052763819095	-39.052763819095	-39.052763819095	-39.052763819095	-39.052763819095	-39.052763819095	-39.052763819095	-39.052763819095	-39.052763819095	-39.052763819095	-39.052763819095	-39.052763819095	-39.052763819095	-39.052763819095	-39.052763819095	-39.052763819095	-39.052763819095	-39.052763819095	-39.052763819095	-39.052763819095	-39.052763819095	-39.052763819095	-39.052763819095	-39.052763819095	-39.052763819095	-39.052763819095	-39.052763819095	-39.052763819095	-39.052763819095	-39.052763819095	-39.052763819095	-39.052763819095	-39.052763819095	-39.052763819095	-39.052763819095	-39.052763819095	-39.052763819095	-39.052763819095	-39.052763819095	-39.052763819095	-39.052763819095	-39.052763819095	-39.052763819095	-39.052763819095	-39.052763819095	-39.052763819095	-39.052763819095	-39.052763819095	-39.052763819095	-39.052763819095	-39.052763819095	-39.052763819095	-39.052763819095	-39.052763819095	-39.052763819095	-39.052763819095	-39.052763819095	-39.052763819095	-39.052763819095	-39.052763819095	-39.052763819095	-39.052763819095	-39.052763819095	-39.052763819095	-39.052763819095	-39.052763819095	-39.052763819095	-39.052763819095	-39.052763819095	-39.052763819095	-39.052763819095	-39.052763819095	-39.052763819095	-39.052763819095	-39.052763819095	-39.052763819095	-39.052763819095	-39.052763819095	-39.052763819095	-39.052763819095	-39.052763819095	-39.052763819095	-39.052763819095	-39.052763819095	-39.052763819095	-39.052763819095	-39.052763819095	-39.052763819095	-39.052763819095	-39.052763819095	-39.052763819095	-39.052763819095	-39.052763819095	-39.052763819095	-39.052763819095	-39.052763819095	-39.052763819095	-39.052763819095	-39.052763819095	-39.052763819095	-39.052763819095	-39.052763819095	-39.052763819095	-39.052763819095	-39.052763819095	-39.052763819095	-39.052763819095	-39.052763819095	-39.052763819095	-39.052763819095	-39.052763819095	-39.052763819095	-39.052763819095	-39.052763819095	-39.052763819095	-39.052763819095	-39.052763819095	-39.052763819095	-39.052763819095	-39.052763819095	-39.052763819095	-39.052763819095	-39.052763819095	-39.052763819095	-39.052763819095	-39.052763819095	-39.052763819095	-39.052763819095	-39.052763819095	-39.052763819095	-39.052763819095	-39.052763819095	-39.052763819095	-39.052763819095	-39.052763819095	-39.052763819095	-39.052763819095	-39.052763819095	-39.052763819095	-39.052763819095	-39.052763819095	-39.052763819095	-39.052763819095	-39.052763819095	-39.052763819095	-39.052763819095	-39.052763819095	-39.052763819095	-39.052763819095	-39.052763819095	-39.052763819095	-39.052763819095	-39.052763819095	-39.052763819095	-39.052763819095	-39.052763819095	-39.052763819095	-39.052763819095	-39.052763819095	-39.052763819095	-39.052763819095	-39.052763819095	-39.052763819095	-39.052763819095	-39.052763819095
-38.55527638191	-38.55527638191	-38.55527638191	-38.55527638191	-38.55527638191	-38.55527638191	-38.55527638191	-38.55527638191	-38.55527638191	-38.55527638191	-38.55527638191	-38.55527638191	-38.55527638191	-38.55527638191	-38.55527638191	-38.55527638191	-38.55527638191	-38.55527638191	-38.55527638191	-38.55527638191	-38.55527638191	-38.55527638191	-38.55527638191	-38.55527638191	-38.55527638191	-38.55527638191	-38.55527638191	-38.55527638191	-38.55527638191	-38.55527638191	-38.55527638191	-38.55527638191	-38.55527638191	-38.55527638191	-38.55527638191	-38.55527638191	-38.55527638191	-38.55527638191	-38.55527638191	-38.55527638191	-38.55527638191	-38.55527638191	-38.55527638191	-38.55527638191	-38.55527638191	-38.55527638191	-38.55527638191	-38.55527638191	-38.55527638191	-38.55527638191	-38.55527638191	-38.55527638191	-38.55527638191	-38.55527638191	-38.55527638191	-38.55527638191	-38.55527638191	-38.55527638191	-38.55527638191	-38.55527638191	-38.55527638191	-38.55527638191	-38.55527638191	-38.55527638191	-38.55527638191	-38.55527638191	-38.55527638191	-38.55527638191	-38.55527638191	-38.55527638191	-38.55527638191	-38.55527638191	-38.55527638191	-38.55527638191	-38.55527638191	-38.55527638191	-38.55527638191	-38.55527638191	-38.55527638191	-38.55527638191	-38.55527638191	-38.55527638191	-38.55527638191	-38.55527638191	-38.55527638191	-38.55527638191	-38.55527638191	-38.55527638191	-38.55527638191	-38.55527638191	-38.55527638191	-38.55527638191	-38.55527638191	-38.55527638191	-38.55527638191	-38.55527638191	-38.55527638191	-38.55527638191	-38.55527638191	-38.55527638191	-38.55527638191	-38.55527638191	-38.55527638191	-38.55527638191	-38.55527638191	-38.55527638191	-38.55527638191	-38.55527638191	-38.55527638191	-38.55527638191	-38.55527638191	-38.55527638191	-38.55527638191	-38.55527638191	-38.55527638191	-38.55527638191	-38.55527638191	-38.55527638191	-38.55527638191	-38.55527638191	-38.55527638191	-38.55527638191	-38.55527638191	-38.55527638191	-38.55527638191	-38.55527638191	-38.55527638191	-38.55527638191	-38.55527638191	-38.55527638191	-38.55527638191	-38.55527638191	-38.55527638191	-38.55527638191	-38.55527638191	-38.55527638191	-38.55527638191	-38.55527638191	-38.55527638191	-38.55527638191	-38.55527638191	-38.55527638191	-38.55527638191	-38.55527638191	-38.55527638191	-38.55527638191	-38.55527638191	-38.55527638191	-38.55527638191	-38.55527638191	-38.55527638191	-38.55527638191	-38.55527638191	-38.55527638191	-38.55527638191	-38.55527638191	-38.55527638191	-38.55527638191	-38.55527638191	-38.55527638191	-38.55527638191	-38.55527638191	-38.55527638191	-38.55527638191	-38.55527638191	-38.55527638191	-38.55527638191	-38.55527638191	-38.55527638191	-38.55527638191	-38.55527638191	-38.55527638191	-38.55527638191	-38.55527638191	-38.55527638191	-38.55527638191	-38.55527638191	-38.55527638191	-38.55527638191	-38.55527638191	-38.55527638191	-38.55527638191	-38.55527638191	-38.55527638191	-38.55527638191	-38.55527638191	-38.55527638191	-38.55527638191	-38.55527638191	-38.55527638191	-38.55527638191	-38.55527638191	-38.55527638191	-38.55527638191	-38.55527638191	-38.55527638191	-38.55527638191	-38.55527638191	-38.55527638191	-38.55527638191
-38.057788944724	-38.057788944724	-38.057788944724	-38.057788944724	-38.057788944724	-38.057788944724	-38.057788944724	-38.057788944724	-38.057788944724	-38.057788944724	-38.057788944724	-38.057788944724	-38.057788944724	-38.057788944724	-38.057788944724	-38.057788944724	-38.057788944724	-38.057788944724	-38.057788944724	-38.057788944724	-38.057788944724	-38.057788944724	-38.057788944724	-38.057788944724	-38.057788944724	-38.057788944724	-38.057788944724	-38.057788944724	-38.057788944724	-38.057788944724	-38.057788944724	-38.057788944724	-38.057788944724	-38.057788944724	-38.057788944724	-38.057788944724	-38.057788944724	-38.057788944724	-38.057788944724	-38.057788944724	-38.057788944724	-38.057788944724	-38.057788944724	-38.057788944724	-38.057788944724	-38.057788944724	-38.057788944724	-38.057788944724	-38.057788944724	-38.057788944724	-38.057788944724	-38.057788944724	-38.057788944724	-38.057788944724	-38.057788944724	-38.057788944724	-38.057788944724	-38.057788944724	-38.057788944724	-38.057788944724	-38.057788944724	-38.057788944724	-38.057788944724	-38.057788944724	-38.057788944724	-38.057788944724	-38.057788944724	-38.057788944724	-38.057788944724	-38.057788944724	-38.057788944724	-38.057788944724	-38.057788944724	-38.057788944724	-38.057788944724	-38.057788944724	-38.057788944724	-38.057788944724	-38.057788944724	-38.057788944724	-38.057788944724	-38.057788944724	-38.057788944724	-38.057788944724	-38.057788944724	-38.057788944724	-38.057788944724	-38.057788944724	-38.057788944724	-38.057788944724	-38.057788944724	-38.057788944724	-38.057788944724	-38.057788944724	-38.057788944724	-38.057788944724	-38.057788944724	-38.057788944724	-38.057788944724	-38.057788944724	-38.057788944724	-38.057788944724	-38.057788944724	-38.057788944724	-38.057788944724	-38.057788944724	-38.057788944724	-38.057788944724	-38.057788944724	-38.057788944724	-38.057788944724	-38.057788944724	-38.057788944724	-38.057788944724	-38.057788944724	-38.057788944724	-38.057788944724	-38.057788944724	-38.057788944724	-38.057788944724	-38.057788944724	-38.057788944724	-38.057788944724	-38.057788944724	-38.057788944724	-38.057788944724	-38.057788944724	-38.057788944724	-38.057788944724	-38.057788944724	-38.057788944724	-38.057788944724	-38.057788944724	-38.057788944724	-38.057788944724	-38.057788944724	-38.057788944724	-38.057788944724	-38.057788944724	-38.057788944724	-38.057788944724	-38.057788944724	-38.057788944724	-38.057788944724	-38.057788944724	-38.057788944724	-38.057788944724	-38.057788944724	-38.057788944724	-38.057788944724	-38.057788944724	-38.057788944724	-38.057788944724	-38.057788944724	-38.057788944724	-38.057788944724	-38.057788944724	-38.057788944724	-38.057788944724	-38.057788944724	-38.057788944724	-38.057788944724	-38.057788944724	-38.057788944724	-38.057788944724	-38.057788944724	-38.057788944724	-38.057788944724	-38.057788944724	-38.057788944724	-38.057788944724	-38.057788944724	-38.057788944724	-38.057788944724	-38.057788944724	-38.057788944724	-38.057788944724	-38.057788944724	-38.057788944724	-38.057788944724	-38.057788944724	-38.057788944724	-38.057788944724	-38.057788944724	-38.057788944724	-38.057788944724	-38.057788944724	-38.057788944724	-38.057788944724	-38.057788944724	-38.057788944724	-38.057788944724	-38.057788944724	-38.057788944724	-38.057788944724	-38.057788944724	-38.057788944724	-38.057788944724	-38.057788944724	-38.057788944724
-37.560301507538	-37.560301507538	-37.560301507538	-37.560301507538	-37.560301507538	-37.560301507538	-37.560301507538	-37.560301507538	-37.560301507538	-37.560301507538	-37.560301507538	-37.560301507538	-37.560301507538	-37.560301507538	-37.560301507538	-37.560301507538	-37.560301507538	-37.560301507538	-37.560301507538	-37.560301507538	-37.560301507538	-37.560301507538	-37.560301507538	-37.560301507538	-37.560301507538	-37.560301507538	-37.560301507538	-37.560301507538	-37.560301507538	-37.560301507538	-37.560301507538	-37.560301507538	-37.560301507538	-37.560301507538	-37.560301507538	-37.560301507538	-37.560301507538	-37.560301507538	-37.560301507538	-37.560301507538	-37.560301507538	-37.560301507538	-37.560301507538	-37.560301507538	-37.560301507538	-37.560301507538	-37.560301507538	-37.560301507538	-37.560301507538	-37.560301507538	-37.560301507538	-37.560301507538	-37.560301507538	-37.560301507538	-37.560301507538	-37.560301507538	-37.560301507538	-37.560301507538	-37.560301507538	-37.560301507538	-37.560301507538	-37.560301507538	-37.560301507538	-37.560301507538	-37.560301507538	-37.560301507538	-37.560301507538	-37.560301507538	-37.560301507538	-37.560301507538	-37.560301507538	-37.560301507538	-37.560301507538	-37.560301507538	-37.560301507538	-37.560301507538	-37.560301507538	-37.560301507538	-37.560301507538	-37.560301507538	-37.560301507538	-37.560301507538	-37.560301507538	-37.560301507538	-37.560301507538	-37.560301507538	-37.560301507538	-37.560301507538	-37.560301507538	-37.560301507538	-37.560301507538	-37.560301507538	-37.560301507538	-37.560301507538	-37.560301507538	-37.560301507538	-37.560301507538	-37.560301507538	-37.560301507538	-37.560301507538	-37.560301507538	-37.560301507538	-37.560301507538	-37.560301507538	-37.560301507538	-37.560301507538	-37.560301507538	-37.560301507538	-37.560301507538	-37.560301507538	-37.560301507538	-37.560301507538	-37.560301507538	-37.560301507538	-37.560301507538	-37.560301507538	-37.560301507538	-37.560301507538	-37.560301507538	-37.560301507538	-37.560301507538	-37.560301507538	-37.560301507538	-37.560301507538	-37.560301507538	-37.560301507538	-37.560301507538	-37.560301507538	-37.560301507538	-37.560301507538	-37.560301507538	-37.560301507538	-37.560301507538	-37.560301507538	-37.560301507538	-37.560301507538	-37.560301507538	-37.560301507538	-37.560301507538	-37.560301507538	-37.560301507538	-37.560301507538	-37.560301507538	-37.560301507538	-37.560301507538	-37.560301507538	-37.560301507538	-37.560301507538	-37.560301507538	-37.560301507538	-37.560301507538	-37.560301507538	-37.560301507538	-37.560301507538	-37.560301507538	-37.560301507538	-37.560301507538	-37.560301507538	-37.560301507538	-37.560301507538	-37.560301507538	-37.560301507538	-37.560301507538	-37.560301507538	-37.560301507538	-37.560301507538	-37.560301507538	-37.560301507538	-37.560301507538	-37.560301507538	-37.560301507538	-37.560301507538	-37.560301507538	-37.560301507538	-37.560301507538	-37.560301507538	-37.560301507538	-37.560301507538	-37.560301507538	-37.560301507538	-37.560301507538	-37.560301507538	-37.560301507538	-37.560301507538	-37.560301507538	-37.560301507538	-37.560301507538	-37.560301507538	-37.560301507538	-37.560301507538	-37.560301507538	-37.560301507538	-37.560301507538	-37.560301507538	-37.560301507538	-37.560301507538	-37.560301507538	-37.560301507538	-37.560301507538	-37.560301507538
-37.062814070352	-37.062814070352	-37.062814070352	-37.062814070352	-37.062814070352	-37.062814070352	-37.062814070352	-37.062814070352	-37.062814070352	-37.062814070352	-37.062814070352	-37.062814070352	-37.062814070352	-37.062814070352	-37.062814070352	-37.062814070352	-37.062814070352	-37.062814070352	-37.062814070352	-37.062814070352	-37.062814070352	-37.062814070352	-37.062814070352	-37.062814070352	-37.062814070352	-37.062814070352	-37.062814070352	-37.062814070352	-37.062814070352	-37.062814070352	-37.062814070352	-37.062814070352	-37.062814070352	-37.062814070352	-37.062814070352	-37.062814070352	-37.062814070352	-37.062814070352	-37.062814070352	-37.062814070352	-37.062814070352	-37.062814070352	-37.062814070352	-37.062814070352	-37.062814070352	-37.062814070352	-37.062814070352	-37.062814070352	-37.062814070352	-37.062814070352	-37.062814070352	-37.062814070352	-37.062814070352	-37.062814070352	-37.062814070352	-37.062814070352	-37.062814070352	-37.062814070352	-37.062814070352	-37.062814070352	-37.062814070352	-37.062814070352	-37.062814070352	-37.062814070352	-37.062814070352	-37.062814070352	-37.062814070352	-37.062814070352	-37.062814070352	-37.062814070352	-37.062814070352	-37.062814070352	-37.062814070352	-37.062814070352	-37.062814070352	-37.062814070352	-37.062814070352	-37.062814070352	-37.062814070352	-37.062814070352	-37.062814070352	-37.062814070352	-37.062814070352	-37.062814070352	-37.062814070352	-37.062814070352	-37.062814070352	-37.062814070352	-37.062814070352	-37.062814070352	-37.062814070352	-37.062814070352	-37.062814070352	-37.062814070352	-37.062814070352	-37.062814070352	-37.062814070352	-37.062814070352	-37.062814070352	-37.062814070352	-37.062814070352	-37.062814070352	-37.062814070352	-37.062814070352	-37.062814070352	-37.062814070352	-37.062814070352	-37.062814070352	-37.062814070352	-37.062814070352	-37.062814070352	-37.062814070352	-37.062814070352	-37.062814070352	-37.062814070352	-37.062814070352	-37.062814070352	-37.062814070352	-37.062814070352	-37.062814070352	-37.062814070352	-37.062814070352	-37.062814070352	-37.062814070352	-37.062814070352	-37.062814070352	-37.062814070352	-37.062814070352	-37.062814070352	-37.062814070352	-37.062814070352	-37.062814070352	-37.062814070352	-37.062814070352	-37.062814070352	-37.062814070352	-37.062814070352	-37.062814070352	-37.062814070352	-37.062814070352	-37.062814070352	-37.062814070352	-37.062814070352	-37.062814070352	-37.062814070352	-37.062814070352	-37.062814070352	-37.062814070352	-37.062814070352	-37.062814070352	-37.062814070352	-37.062814070352	-37.062814070352	-37.062814070352	-37.062814070352	-37.062814070352	-37.062814070352	-37.062814070352	-37.062814070352	-37.062814070352	-37.062814070352	-37.062814070352	-37.062814070352	-37.062814070352	-37.062814070352	-37.062814070352	-37.062814070352	-37.062814070352	-37.062814070352	-37.062814070352	-37.062814070352	-37.062814070352	-37.062814070352	-37.062814070352	-37.062814070352	-37.062814070352	-37.062814070352	-37.062814070352	-37.062814070352	-37.062814070352	-37.062814070352	-37.062814070352	-37.062814070352	-37.062814070352	-37.062814070352	-37.062814070352	-37.062814070352	-37.062814070352	-37.062814070352	-37.062814070352	-37.062814070352	-37.062814070352	-37.062814070352	-37.062814070352	-37.062814070352	-37.062814070352	-37.062814070352	-37.062814070352	-37.062814070352	-37.062814070352
-36.565326633166	-36.565326633166	-36.565326633166	-36.565326633166	-36.565326633166	-36.565326633166	-36.565326633166	-36.565326633166	-36.565326633166	-36.565326633166	-36.565326633166	-36.565326633166	-36.565326633166	-36.565326633166	-36.565326633166	-36.565326633166	-36.565326633166	-36.565326633166	-36.565326633166	-36.565326633166	-36.565326633166	-36.565326633166	-36.565326633166	-36.565326633166	-36.565326633166	-36.565326633166	-36.565326633166	-36.565326633166	-36.565326633166	-36.565326633166	-36.565326633166	-36.565326633166	-36.565326633166	-36.565326633166	-36.565326633166	-36.565326633166	-36.565326633166	-36.565326633166	-36.565326633166	-36.565326633166	-36.565326633166	-36.565326633166	-36.565326633166	-36.565326633166	-36.565326633166	-36.565326633166	-36.565326633166	-36.565326633166	-36.565326633166	-36.565326633166	-36.565326633166	-36.565326633166	-36.565326633166	-36.565326633166	-36.565326633166	-36.565326633166	-36.565326633166	-36.565326633166	-36.565326633166	-36.565326633166	-36.565326633166	-36.565326633166	-36.565326633166	-36.565326633166	-36.565326633166	-36.565326633166	-36.565326633166	-36.565326633166	-36.565326633166	-36.565326633166	-36.565326633166	-36.565326633166	-36.565326633166	-36.565326633166	-36.565326633166	-36.565326633166	-36.565326633166	-36.565326633166	-36.565326633166	-36.565326633166	-36.565326633166	-36.565326633166	-36.565326633166	-36.565326633166	-36.565326633166	-36.565326633166	-36.565326633166	-36.565326633166	-36.565326633166	-36.565326633166	-36.565326633166	-36.565326633166	-36.565326633166	-36.565326633166	-36.565326633166	-36.565326633166	-36.565326633166	-36.565326633166	-36.565326633166	-36.565326633166	-36.565326633166	-36.565326633166	-36.565326633166	-36.565326633166	-36.565326633166	-36.565326633166	-36.565326633166	-36.565326633166	-36.565326633166	-36.565326633166	-36.565326633166	-36.565326633166	-36.565326633166	-36.565326633166	-36.565326633166	-36.565326633166	-36.565326633166	-36.565326633166	-36.565326633166	-36.565326633166	-36.565326633166	-36.565326633166	-36.565326633166	-36.565326633166	-36.565326633166	-36.565326633166	-36.565326633166	-36.565326633166	-36.565326633166	-36.565326633166	-36.565326633166	-36.565326633166	-36.565326633166	-36.565326633166	-36.565326633166	-36.565326633166	-36.565326633166	-36.565326633166	-36.565326633166	-36.565326633166	-36.565326633166	-36.565326633166	-36.565326633166	-36.565326633166	-36.565326633166	-36.565326633166	-36.565326633166	-36.565326633166	-36.565326633166	-36.565326633166	-36.565326633166	-36.565326633166	-36.565326633166	-36.565326633166	-36.565326633166	-36.565326633166	-36.565326633166	-36.565326633166	-36.565326633166	-36.565326633166	-36.565326633166	-36.565326633166	-36.565326633166	-36.565326633166	-36.565326633166	-36.565326633166	-36.565326633166	-36.565326633166	-36.565326633166	-36.565326633166	-36.565326633166	-36.565326633166	-36.565326633166	-36.565326633166	-36.565326633166	-36.565326633166	-36.565326633166	-36.565326633166	-36.565326633166	-36.565326633166	-36.565326633166	-36.565326633166	-36.565326633166	-36.565326633166	-36.565326633166	-36.565326633166	-36.565326633166	-36.565326633166	-36.565326633166	-36.565326633166	-36.565326633166	-36.565326633166	-36.565326633166	-36.565326633166	-36.565326633166	-36.565326633166	-36.565326633166	-36.565326633166	-36.565326633166	-36.565326633166
-36.06783919598	-36.06783919598	-36.06783919598	-36.06783919598	-36.06783919598	-36.06783919598	-36.06783919598	-36.06783919598	-36.06783919598	-36.06783919598	-36.06783919598	-36.06783919598	-36.06783919598	-36.06783919598	-36.06783919598	-36.06783919598	-36.06783919598	-36.06783919598	-36.06783919598	-36.06783919598	-36.06783919598	-36.06783919598	-36.06783919598	-36.06783919598	-36.06783919598	-36.06783919598	-36.06783919598	-36.06783919598	-36.06783919598	-36.06783919598	-36.06783919598	-36.06783919598	-36.06783919598	-36.06783919598	-36.06783919598	-36.06783919598	-36.06783919598	-36.06783919598	-36.06783919598	-36.06783919598	-36.06783919598	-36.06783919598	-36.06783919598	-36.06783919598	-36.06783919598	-36.06783919598	-36.06783919598	-36.06783919598	-36.06783919598	-36.06783919598	-36.06783919598	-36.06783919598	-36.06783919598	-36.06783919598	-36.06783919598	-36.06783919598	-36.06783919598	-36.06783919598	-36.06783919598	-36.06783919598	-36.06783919598	-36.06783919598	-36.06783919598	-36.06783919598	-36.06783919598	-36.06783919598	-36.06783919598	-36.06783919598	-36.06783919598	-36.06783919598	-36.06783919598	-36.06783919598	-36.06783919598	-36.06783919598	-36.06783919598	-36.06783919598	-36.06783919598	-36.06783919598	-36.06783919598	-36.06783919598	-36.06783919598	-36.06783919598	-36.06783919598	-36.06783919598	-36.06783919598	-36.06783919598	-36.06783919598	-36.06783919598	-36.06783919598	-36.06783919598	-36.06783919598	-36.06783919598	-36.06783919598	-36.06783919598	-36.06783919598	-36.06783919598	-36.06783919598	-36.06783919598	-36.06783919598	-36.06783919598	-36.06783919598	-36.06783919598	-36.06783919598	-36.06783919598	-36.06783919598	-36.06783919598	-36.06783919598	-36.06783919598	-36.06783919598	-36.06783919598	-36.06783919598	-36.06783919598	-36.06783919598	-36.06783919598	-36.06783919598	-36.06783919598	-36.06783919598	-36.06783919598	-36.06783919598	-36.06783919598	-36.06783919598	-36.06783919598	-36.06783919598	-36.06783919598	-36.06783919598	-36.06783919598	-36.06783919598	-36.06783919598	-36.06783919598	-36.06783919598	-36.06783919598	-36.06783919598	-36.06783919598	-36.06783919598	-36.06783919598	-36.06783919598	-36.06783919598	-36.06783919598	-36.06783919598	-36.06783919598	-36.06783919598	-36.06783919598	-36.06783919598	-36.06783919598	-36.06783919598	-36.06783919598	-36.06783919598	-36.06783919598	-36.06783919598	-36.06783919598	-36.06783919598	-36.06783919598	-36.06783919598	-36.06783919598	-36.06783919598	-36.06783919598	-36.06783919598	-36.06783919598	-36.06783919598	-36.06783919598	-36.06783919598	-36.06783919598	-36.06783919598	-36.06783919598	-36.06783919598	-36.06783919598	-36.06783919598	-36.06783919598	-36.06783919598	-36.06783919598	-36.06783919598	-36.06783919598	-36.06783919598	-36.06783919598	-36.06783919598	-36.06783919598	-36.06783919598	-36.06783919598	-36.06783919598	-36.06783919598	-36.06783919598	-36.06783919598	-36.06783919598	-36.06783919598	-36.06783919598	-36.06783919598	-36.06783919598	-36.06783919598	-36.06783919598	-36.06783919598	-36.06783919598	-36.06783919598	-36.06783919598	-36.06783919598	-36.06783919598	-36.06783919598	-36.06783919598	-36.06783919598	-36.06783919598	-36.06783919598
-35.570351758794	-35.570351758794	-35.570351758794	-35.570351758794	-35.570351758794	-35.570351758794	-35.570351758794	-35.570351758794	-35.570351758794	-35.570351758794	-35.570351758794	-35.570351758794	-35.570351758794	-35.570351758794	-35.570351758794	-35.570351758794	-35.570351758794	-35.570351758794	-35.570351758794	-35.570351758794	-35.570351758794	-35.570351758794	-35.570351758794	-35.570351758794	-35.570351758794	-35.570351758794	-35.570351758794	-35.570351758794	-35.570351758794	-35.570351758794	-35.570351758794	-35.570351758794	-35.570351758794	-35.570351758794	-35.570351758794	-35.570351758794	-35.570351758794	-35.570351758794	-35.570351758794	-35.570351758794	-35.570351758794	-35.570351758794	-35.570351758794	-35.570351758794	-35.570351758794	-35.570351758794	-35.570351758794	-35.570351758794	-35.570351758794	-35.570351758794	-35.570351758794	-35.570351758794	-35.570351758794	-35.570351758794	-35.570351758794	-35.570351758794	-35.570351758794	-35.570351758794	-35.570351758794	-35.570351758794	-35.570351758794	-35.570351758794	-35.570351758794	-35.570351758794	-35.570351758794	-35.570351758794	-35.570351758794	-35.570351758794	-35.570351758794	-35.570351758794	-35.570351758794	-35.570351758794	-35.570351758794	-35.570351758794	-35.570351758794	-35.570351758794	-35.570351758794	-35.570351758794	-35.570351758794	-35.570351758794	-35.570351758794	-35.570351758794	-35.570351758794	-35.570351758794	-35.570351758794	-35.570351758794	-35.570351758794	-35.570351758794	-35.570351758794	-35.570351758794	-35.570351758794	-35.570351758794	-35.570351758794	-35.570351758794	-35.570351758794	-35.570351758794	-35.570351758794	-35.570351758794	-35.570351758794	-35.570351758794	-35.570351758794	-35.570351758794	-35.570351758794	-35.570351758794	-35.570351758794	-35.570351758794	-35.570351758794	-35.570351758794	-35.570351758794	-35.570351758794	-35.570351758794	-35.570351758794	-35.570351758794	-35.570351758794	-35.570351758794	-35.570351758794	-35.570351758794	-35.570351758794	-35.570351758794	-35.570351758794	-35.570351758794	-35.570351758794	-35.570351758794	-35.570351758794	-35.570351758794	-35.570351758794	-35.570351758794	-35.570351758794	-35.570351758794	-35.570351758794	-35.570351758794	-35.570351758794	-35.570351758794	-35.570351758794	-35.570351758794	-35.570351758794	-35.570351758794	-35.570351758794	-35.570351758794	-35.570351758794	-35.570351758794	-35.570351758794	-35.570351758794	-35.570351758794	-35.570351758794	-35.570351758794	-35.570351758794	-35.570351758794	-35.570351758794	-35.570351758794	-35.570351758794	-35.570351758794	-35.570351758794	-35.570351758794	-35.570351758794	-35.570351758794	-35.570351758794	-35.570351758794	-35.570351758794	-35.570351758794	-35.570351758794	-35.570351758794	-35.570351758794	-35.570351758794	-35.570351758794	-35.570351758794	-35.570351758794	-35.570351758794	-35.570351758794	-35.570351758794	-35.570351758794	-35.570351758794	-35.570351758794	-35.570351758794	-35.570351758794	-35.570351758794	-35.570351758794	-35.570351758794	-35.570351758794	-35.570351758794	-35.570351758794	-35.570351758794	-35.570351758794	-35.570351758794	-35.570351758794	-35.570351758794	-35.570351758794	-35.570351758794	-35.570351758794	-35.570351758794	-35.570351758794	-35.570351758794	-35.570351758794	-35.570351758794	-35.570351758794	-35.570351758794	-35.570351758794	-35.570351758794	-35.570351758794	-35.570351758794
-35.072864321608	-35.072864321608	-35.072864321608	-35.072864321608	-35.072864321608	-35.072864321608	-35.072864321608	-35.072864321608	-35.072864321608	-35.072864321608	-35.072864321608	-35.072864321608	-35.072864321608	-35.072864321608	-35.072864321608	-35.072864321608	-35.072864321608	-35.072864321608	-35.072864321608	-35.072864321608	-35.072864321608	-35.072864321608	-35.072864321608	-35.072864321608	-35.072864321608	-35.072864321608	-35.072864321608	-35.072864321608	-35.072864321608	-35.072864321608	-35.072864321608	-35.072864321608	-35.072864321608	-35.072864321608	-35.072864321608	-35.072864321608	-35.072864321608	-35.072864321608	-35.072864321608	-35.072864321608	-35.072864321608	-35.072864321608	-35.072864321608	-35.072864321608	-35.072864321608	-35.072864321608	-35.072864321608	-35.072864321608	-35.072864321608	-35.072864321608	-35.072864321608	-35.072864321608	-35.072864321608	-35.072864321608	-35.072864321608	-35.072864321608	-35.072864321608	-35.072864321608	-35.072864321608	-35.072864321608	-35.072864321608	-35.072864321608	-35.072864321608	-35.072864321608	-35.072864321608	-35.072864321608	-35.072864321608	-35.072864321608	-35.072864321608	-35.072864321608	-35.072864321608	-35.072864321608	-35.072864321608	-35.072864321608	-35.072864321608	-35.072864321608	-35.072864321608	-35.072864321608	-35.072864321608	-35.072864321608	-35.072864321608	-35.072864321608	-35.072864321608	-35.072864321608	-35.072864321608	-35.072864321608	-35.072864321608	-35.072864321608	-35.072864321608	-35.072864321608	-35.072864321608	-35.072864321608	-35.072864321608	-35.072864321608	-35.072864321608	-35.072864321608	-35.072864321608	-35.072864321608	-35.072864321608	-35.072864321608	-35.072864321608	-35.072864321608	-35.072864321608	-35.072864321608	-35.072864321608	-35.072864321608	-35.072864321608	-35.072864321608	-35.072864321608	-35.072864321608	-35.072864321608	-35.072864321608	-35.072864321608	-35.072864321608	-35.072864321608	-35.072864321608	-35.072864321608	-35.072864321608	-35.072864321608	-35.072864321608	-35.072864321608	-35.072864321608	-35.072864321608	-35.072864321608	-35.072864321608	-35.072864321608	-35.072864321608	-35.072864321608	-35.072864321608	-35.072864321608	-35.072864321608	-35.072864321608	-35.072864321608	-35.072864321608	-35.072864321608	-35.072864321608	-35.072864321608	-35.072864321608	-35.072864321608	-35.072864321608	-35.072864321608	-35.072864321608	-35.072864321608	-35.072864321608	-35.072864321608	-35.072864321608	-35.072864321608	-35.072864321608	-35.072864321608	-35.072864321608	-35.072864321608	-35.072864321608	-35.072864321608	-35.072864321608	-35.072864321608	-35.072864321608	-35.072864321608	-35.072864321608	-35.072864321608	-35.072864321608	-35.072864321608	-35.072864321608	-35.072864321608	-35.072864321608	-35.072864321608	-35.072864321608	-35.072864321608	-35.072864321608	-35.072864321608	-35.072864321608	-35.072864321608	-35.072864321608	-35.072864321608	-35.072864321608	-35.072864321608	-35.072864321608	-35.072864321608	-35.072864321608	-35.072864321608	-35.072864321608	-35.072864321608	-35.072864321608	-35.072864321608	-35.072864321608	-35.072864321608	-35.072864321608	-35.072864321608	-35.072864321608	-35.072864321608	-35.072864321608	-35.072864321608	-35.072864321608	-35.072864321608	-35.072864321608	-35.072864321608	-35.072864321608	-35.072864321608	-35.072864321608	-35.072864321608	-35.072864321608
-34.575376884422	-34.575376884422	-34.575376884422	-34.575376884422	-34.575376884422	-34.575376884422	-34.575376884422	-34.575376884422	-34.575376884422	-34.575376884422	-34.575376884422	-34.575376884422	-34.575376884422	-34.575376884422	-34.575376884422	-34.575376884422	-34.575376884422	-34.575376884422	-34.575376884422	-34.575376884422	-34.575376884422	-34.575376884422	-34.575376884422	-34.575376884422	-34.575376884422	-34.575376884422	-34.575376884422	-34.575376884422	-34.575376884422	-34.575376884422	-34.575376884422	-34.575376884422	-34.575376884422	-34.575376884422	-34.575376884422	-34.575376884422	-34.575376884422	-34.575376884422	-34.575376884422	-34.575376884422	-34.575376884422	-34.575376884422	-34.575376884422	-34.575376884422	-34.575376884422	-34.575376884422	-34.575376884422	-34.575376884422	-34.575376884422	-34.575376884422	-34.575376884422	-34.575376884422	-34.575376884422	-34.575376884422	-34.575376884422	-34.575376884422	-34.575376884422	-34.575376884422	-34.575376884422	-34.575376884422	-34.575376884422	-34.575376884422	-34.575376884422	-34.575376884422	-34.575376884422	-34.575376884422	-34.575376884422	-34.575376884422	-34.575376884422	-34.575376884422	-34.575376884422	-34.575376884422	-34.575376884422	-34.575376884422	-34.575376884422	-34.575376884422	-34.575376884422	-34.575376884422	-34.575376884422	-34.575376884422	-34.575376884422	-34.575376884422	-34.575376884422	-34.575376884422	-34.575376884422	-34.575376884422	-34.575376884422	-34.575376884422	-34.575376884422	-34.575376884422	-34.575376884422	-34.575376884422	-34.575376884422	-34.575376884422	-34.575376884422	-34.575376884422	-34.575376884422	-34.575376884422	-34.575376884422	-34.575376884422	-34.575376884422	-34.575376884422	-34.575376884422	-34.575376884422	-34.575376884422	-34.575376884422	-34.575376884422	-34.575376884422	-34.575376884422	-34.575376884422	-34.575376884422	-34.575376884422	-34.575376884422	-34.575376884422	-34.575376884422	-34.575376884422	-34.575376884422	-34.575376884422	-34.575376884422	-34.575376884422	-34.575376884422	-34.575376884422	-34.575376884422	-34.575376884422	-34.575376884422	-34.575376884422	-34.575376884422	-34.575376884422	-34.575376884422	-34.575376884422	-34.575376884422	-34.575376884422	-34.575376884422	-34.575376884422	-34.575376884422	-34.575376884422	-34.575376884422	-34.575376884422	-34.575376884422	-34.575376884422	-34.575376884422	-34.575376884422	-34.575376884422	-34.575376884422	-34.575376884422	-34.575376884422	-34.575376884422	-34.575376884422	-34.575376884422	-34.575376884422	-34.575376884422	-34.575376884422	-34.575376884422	-34.575376884422	-34.575376884422	-34.575376884422	-34.575376884422	-34.575376884422	-34.575376884422	-34.575376884422	-34.575376884422	-34.575376884422	-34.575376884422	-34.575376884422	-34.575376884422	-34.575376884422	-34.575376884422	-34.575376884422	-34.575376884422	-34.575376884422	-34.575376884422	-34.575376884422	-34.575376884422	-34.575376884422	-34.575376884422	-34.575376884422	-34.575376884422	-34.575376884422	-34.575376884422	-34.575376884422	-34.575376884422	-34.575376884422	-34.575376884422	-34.575376884422	-34.575376884422	-34.575376884422	-34.575376884422	-34.575376884422	-34.575376884422	-34.575376884422	-34.575376884422	-34.575376884422	-34.575376884422	-34.575376884422	-34.575376884422	-34.575376884422	-34.575376884422	-34.575376884422	-34.575376884422	-34.575376884422
-34.077889447236	-34.077889447236	-34.077889447236	-34.077889447236	-34.077889447236	-34.077889447236	-34.077889447236	-34.077889447236	-34.077889447236	-34.077889447236	-34.077889447236	-34.077889447236	-34.077889447236	-34.077889447236	-34.077889447236	-34.077889447236	-34.077889447236	-34.077889447236	-34.077889447236	-34.077889447236	-34.077889447236	-34.077889447236	-34.077889447236	-34.077889447236	-34.077889447236	-34.077889447236	-34.077889447236	-34.077889447236	-34.077889447236	-34.077889447236	-34.077889447236	-34.077889447236	-34.077889447236	-34.077889447236	-34.077889447236	-34.077889447236	-34.077889447236	-34.077889447236	-34.077889447236	-34.077889447236	-34.077889447236	-34.077889447236	-34.077889447236	-34.077889447236	-34.077889447236	-34.077889447236	-34.077889447236	-34.077889447236	-34.077889447236	-34.077889447236	-34.077889447236	-34.077889447236	-34.077889447236	-34.077889447236	-34.077889447236	-34.077889447236	-34.077889447236	-34.077889447236	-34.077889447236	-34.077889447236	-34.077889447236	-34.077889447236	-34.077889447236	-34.077889447236	-34.077889447236	-34.077889447236	-34.077889447236	-34.077889447236	-34.077889447236	-34.077889447236	-34.077889447236	-34.077889447236	-34.077889447236	-34.077889447236	-34.077889447236	-34.077889447236	-34.077889447236	-34.077889447236	-34.077889447236	-34.077889447236	-34.077889447236	-34.077889447236	-34.077889447236	-34.077889447236	-34.077889447236	-34.077889447236	-34.077889447236	-34.077889447236	-34.077889447236	-34.077889447236	-34.077889447236	-34.077889447236	-34.077889447236	-34.077889447236	-34.077889447236	-34.077889447236	-34.077889447236	-34.077889447236	-34.077889447236	-34.077889447236	-34.077889447236	-34.077889447236	-34.077889447236	-34.077889447236	-34.077889447236	-34.077889447236	-34.077889447236	-34.077889447236	-34.077889447236	-34.077889447236	-34.077889447236	-34.077889447236	-34.077889447236	-34.077889447236	-34.077889447236	-34.077889447236	-34.077889447236	-34.077889447236	-34.077889447236	-34.077889447236	-34.077889447236	-34.077889447236	-34.077889447236	-34.077889447236	-34.077889447236	-34.077889447236	-34.077889447236	-34.077889447236	-34.077889447236	-34.077889447236	-34.077889447236	-34.077889447236	-34.077889447236	-34.077889447236	-34.077889447236	-34.077889447236	-34.077889447236	-34.077889447236	-34.077889447236	-34.077889447236	-34.077889447236	-34.077889447236	-34.077889447236	-34.077889447236	-34.077889447236	-34.077889447236	-34.077889447236	-34.077889447236	-34.077889447236	-34.077889447236	-34.077889447236	-34.077889447236	-34.077889447236	-34.077889447236	-34.077889447236	-34.077889447236	-34.077889447236	-34.077889447236	-34.077889447236	-34.077889447236	-34.077889447236	-34.077889447236	-34.077889447236	-34.077889447236	-34.077889447236	-34.077889447236	-34.077889447236	-34.077889447236	-34.077889447236	-34.077889447236	-34.077889447236	-34.077889447236	-34.077889447236	-34.077889447236	-34.077889447236	-34.077889447236	-34.077889447236	-34.077889447236	-34.077889447236	-34.077889447236	-34.077889447236	-34.077889447236	-34.077889447236	-34.077889447236	-34.077889447236	-34.077889447236	-34.077889447236	-34.077889447236	-34.077889447236	-34.077889447236	-34.077889447236	-34.077889447236	-34.077889447236	-34.077889447236	-34.077889447236	-34.077889447236	-34.077889447236	-34.077889447236	-34.077889447236	-34.077889447236
-33.58040201005	-33.58040201005	-33.58040201005	-33.58040201005	-33.58040201005	-33.58040201005	-33.58040201005	-33.58040201005	-33.58040201005	-33.58040201005	-33.58040201005	-33.58040201005	-33.58040201005	-33.58040201005	-33.58040201005	-33.58040201005	-33.58040201005	-33.58040201005	-33.58040201005	-33.58040201005	-33.58040201005	-33.58040201005	-33.58040201005	-33.58040201005	-33.58040201005	-33.58040201005	-33.58040201005	-33.58040201005	-33.58040201005	-33.58040201005	-33.58040201005	-33.58040201005	-33.58040201005	-33.58040201005	-33.58040201005	-33.58040201005	-33.58040201005	-33.58040201005	-33.58040201005	-33.58040201005	-33.58040201005	-33.58040201005	-33.58040201005	-33.58040201005	-33.58040201005	-33.58040201005	-33.58040201005	-33.58040201005	-33.58040201005	-33.58040201005	-33.58040201005	-33.58040201005	-33.58040201005	-33.58040201005	-33.58040201005	-33.58040201005	-33.58040201005	-33.58040201005	-33.58040201005	-33.58040201005	-33.58040201005	-33.58040201005	-33.58040201005	-33.58040201005	-33.58040201005	-33.58040201005	-33.58040201005	-33.58040201005	-33.58040201005	-33.58040201005	-33.58040201005	-33.58040201005	-33.58040201005	-33.58040201005	-33.58040201005	-33.58040201005	-33.58040201005	-33.58040201005	-33.58040201005	-33.58040201005	-33.58040201005	-33.58040201005	-33.58040201005	-33.58040201005	-33.58040201005	-33.58040201005	-33.58040201005	-33.58040201005	-33.58040201005	-33.58040201005	-33.58040201005	-33.58040201005	-33.58040201005	-33.58040201005	-33.58040201005	-33.58040201005	-33.58040201005	-33.58040201005	-33.58040201005	-33.58040201005	-33.58040201005	-33.58040201005	-33.58040201005	-33.58040201005	-33.58040201005	-33.58040201005	-33.58040201005	-33.58040201005	-33.58040201005	-33.58040201005	-33.58040201005	-33.58040201005	-33.58040201005	-33.58040201005	-33.58040201005	-33.58040201005	-33.58040201005	-33.58040201005	-33.58040201005	-33.58040201005	-33.58040201005	-33.58040201005	-33.58040201005	-33.58040201005	-33.58040201005	-33.58040201005	-33.58040201005	-33.58040201005	-33.58040201005	-33.58040201005	-33.58040201005	-33.58040201005	-33.58040201005	-33.58040201005	-33.58040201005	-33.58040201005	-33.58040201005	-33.58040201005	-33.58040201005	-33.58040201005	-33.58040201005	-33.58040201005	-33.58040201005	-33.58040201005	-33.58040201005	-33.58040201005	-33.58040201005	-33.58040201005	-33.58040201005	-33.58040201005	-33.58040201005	-33.58040201005	-33.58040201005	-33.58040201005	-33.58040201005	-33.58040201005	-33.58040201005	-33.58040201005	-33.58040201005	-33.58040201005	-33.58040201005	-33.58040201005	-33.58040201005	-33.58040201005	-33.58040201005	-33.58040201005	-33.58040201005	-33.58040201005	-33.58040201005	-33.58040201005	-33.58040201005	-33.58040201005	-33.58040201005	-33.58040201005	-33.58040201005	-33.58040201005	-33.58040201005	-33.58040201005	-33.58040201005	-33.58040201005	-33.58040201005	-33.58040201005	-33.58040201005	-33.58040201005	-33.58040201005	-33.58040201005	-33.58040201005	-33.58040201005	-33.58040201005	-33.58040201005	-33.58040201005	-33.58040201005	-33.58040201005	-33.58040201005	-33.58040201005	-33.58040201005	-33.58040201005	-33.58040201005	-33.58040201005	-33.58040201005
-33.082914572864	-33.082914572864	-33.082914572864	-33.082914572864	-33.082914572864	-33.082914572864	-33.082914572864	-33.082914572864	-33.082914572864	-33.082914572864	-33.082914572864	-33.082914572864	-33.082914572864	-33.082914572864	-33.082914572864	-33.082914572864	-33.082914572864	-33.082914572864	-33.082914572864	-33.082914572864	-33.082914572864	-33.082914572864	-33.082914572864	-33.082914572864	-33.082914572864	-33.082914572864	-33.082914572864	-33.082914572864	-33.082914572864	-33.082914572864	-33.082914572864	-33.082914572864	-33.082914572864	-33.082914572864	-33.082914572864	-33.082914572864	-33.082914572864	-33.082914572864	-33.082914572864	-33.082914572864	-33.082914572864	-33.082914572864	-33.082914572864	-33.082914572864	-33.082914572864	-33.082914572864	-33.082914572864	-33.082914572864	-33.082914572864	-33.082914572864	-33.082914572864	-33.082914572864	-33.082914572864	-33.082914572864	-33.082914572864	-33.082914572864	-33.082914572864	-33.082914572864	-33.082914572864	-33.082914572864	-33.082914572864	-33.082914572864	-33.082914572864	-33.082914572864	-33.082914572864	-33.082914572864	-33.082914572864	-33.082914572864	-33.082914572864	-33.082914572864	-33.082914572864	-33.082914572864	-33.082914572864	-33.082914572864	-33.082914572864	-33.082914572864	-33.082914572864	-33.082914572864	-33.082914572864	-33.082914572864	-33.082914572864	-33.082914572864	-33.082914572864	-33.082914572864	-33.082914572864	-33.082914572864	-33.082914572864	-33.082914572864	-33.082914572864	-33.082914572864	-33.082914572864	-33.082914572864	-33.082914572864	-33.082914572864	-33.082914572864	-33.082914572864	-33.082914572864	-33.082914572864	-33.082914572864	-33.082914572864	-33.082914572864	-33.082914572864	-33.082914572864	-33.082914572864	-33.082914572864	-33.082914572864	-33.082914572864	-33.082914572864	-33.082914572864	-33.082914572864	-33.082914572864	-33.082914572864	-33.082914572864	-33.082914572864	-33.082914572864	-33.082914572864	-33.082914572864	-33.082914572864	-33.082914572864	-33.082914572864	-33.082914572864	-33.082914572864	-33.082914572864	-33.082914572864	-33.082914572864	-33.082914572864	-33.082914572864	-33.082914572864	-33.082914572864	-33.082914572864	-33.082914572864	-33.082914572864	-33.082914572864	-33.082914572864	-33.082914572864	-33.082914572864	-33.082914572864	-33.082914572864	-33.082914572864	-33.082914572864	-33.082914572864	-33.082914572864	-33.082914572864	-33.082914572864	-33.082914572864	-33.082914572864	-33.082914572864	-33.082914572864	-33.082914572864	-33.082914572864	-33.082914572864	-33.082914572864	-33.082914572864	-33.082914572864	-33.082914572864	-33.082914572864	-33.082914572864	-33.082914572864	-33.082914572864	-33.082914572864	-33.082914572864	-33.082914572864	-33.082914572864	-33.082914572864	-33.082914572864	-33.082914572864	-33.082914572864	-33.082914572864	-33.082914572864	-33.082914572864	-33.082914572864	-33.082914572864	-33.082914572864	-33.082914572864	-33.082914572864	-33.082914572864	-33.082914572864	-33.082914572864	-33.082914572864	-33.082914572864	-33.082914572864	-33.082914572864	-33.082914572864	-33.082914572864	-33.082914572864	-33.082914572864	-33.082914572864	-33.082914572864	-33.082914572864	-33.082914572864	-33.082914572864	-33.082914572864	-33.082914572864	-33.082914572864	-33.082914572864	-33.082914572864	-33.082914572864	-33.082914572864	-33.082914572864	-33.082914572864
-32.585427135678	-32.585427135678	-32.585427135678	-32.585427135678	-32.585427135678	-32.585427135678	-32.585427135678	-32.585427135678	-32.585427135678	-32.585427135678	-32.585427135678	-32.585427135678	-32.585427135678	-32.585427135678	-32.585427135678	-32.585427135678	-32.585427135678	-32.585427135678	-32.585427135678	-32.585427135678	-32.585427135678	-32.585427135678	-32.585427135678	-32.585427135678	-32.585427135678	-32.585427135678	-32.585427135678	-32.585427135678	-32.585427135678	-32.585427135678	-32.585427135678	-32.585427135678	-32.585427135678	-32.585427135678	-32.585427135678	-32.585427135678	-32.585427135678	-32.585427135678	-32.585427135678	-32.585427135678	-32.585427135678	-32.585427135678	-32.585427135678	-32.585427135678	-32.585427135678	-32.585427135678	-32.585427135678	-32.585427135678	-32.585427135678	-32.585427135678	-32.585427135678	-32.585427135678	-32.585427135678	-32.585427135678	-32.585427135678	-32.585427135678	-32.585427135678	-32.585427135678	-32.585427135678	-32.585427135678	-32.585427135678	-32.585427135678	-32.585427135678	-32.585427135678	-32.585427135678	-32.585427135678	-32.585427135678	-32.585427135678	-32.585427135678	-32.585427135678	-32.585427135678	-32.585427135678	-32.585427135678	-32.585427135678	-32.585427135678	-32.585427135678	-32.585427135678	-32.585427135678	-32.585427135678	-32.585427135678	-32.585427135678	-32.585427135678	-32.585427135678	-32.585427135678	-32.585427135678	-32.585427135678	-32.585427135678	-32.585427135678	-32.585427135678	-32.585427135678	-32.585427135678	-32.585427135678	-32.585427135678	-32.585427135678	-32.585427135678	-32.585427135678	-32.585427135678	-32.585427135678	-32.585427135678	-32.585427135678	-32.585427135678	-32.585427135678	-32.585427135678	-32.585427135678	-32.585427135678	-32.585427135678	-32.585427135678	-32.585427135678	-32.585427135678	-32.585427135678	-32.585427135678	-32.585427135678	-32.585427135678	-32.585427135678	-32.585427135678	-32.585427135678	-32.585427135678	-32.585427135678	-32.585427135678	-32.585427135678	-32.585427135678	-32.585427135678	-32.585427135678	-32.585427135678	-32.585427135678	-32.585427135678	-32.585427135678	-32.585427135678	-32.585427135678	-32.585427135678	-32.585427135678	-32.585427135678	-32.585427135678	-32.585427135678	-32.585427135678	-32.585427135678	-32.585427135678	-32.585427135678	-32.585427135678	-32.585427135678	-32.585427135678	-32.585427135678	-32.585427135678	-32.585427135678	-32.585427135678	-32.585427135678	-32.585427135678	-32.585427135678	-32.585427135678	-32.585427135678	-32.585427135678	-32.585427135678	-32.585427135678	-32.585427135678	-32.585427135678	-32.585427135678	-32.585427135678	-32.585427135678	-32.585427135678	-32.585427135678	-32.585427135678	-32.585427135678	-32.585427135678	-32.585427135678	-32.585427135678	-32.585427135678	-32.585427135678	-32.585427135678	-32.585427135678	-32.585427135678	-32.585427135678	-32.585427135678	-32.585427135678	-32.585427135678	-32.585427135678	-32.585427135678	-32.585427135678	-32.585427135678	-32.585427135678	-32.585427135678	-32.585427135678	-32.585427135678	-32.585427135678	-32.585427135678	-32.585427135678	-32.585427135678	-32.585427135678	-32.585427135678	-32.585427135678	-32.585427135678	-32.585427135678	-32.585427135678	-32.585427135678	-32.585427135678	-32.585427135678	-32.585427135678	-32.585427135678	-32.585427135678	-32.585427135678	-32.585427135678
-32.087939698492	-32.087939698492	-32.087939698492	-32.087939698492	-32.087939698492	-32.087939698492	-32.087939698492	-32.087939698492	-32.087939698492	-32.087939698492	-32.087939698492	-32.087939698492	-32.087939698492	-32.087939698492	-32.087939698492	-32.087939698492	-32.087939698492	-32.087939698492	-32.087939698492	-32.087939698492	-32.087939698492	-32.087939698492	-32.087939698492	-32.087939698492	-32.087939698492	-32.087939698492	-32.087939698492	-32.087939698492	-32.087939698492	-32.087939698492	-32.087939698492	-32.087939698492	-32.087939698492	-32.087939698492	-32.087939698492	-32.087939698492	-32.087939698492	-32.087939698492	-32.087939698492	-32.087939698492	-32.087939698492	-32.087939698492	-32.087939698492	-32.087939698492	-32.087939698492	-32.087939698492	-32.087939698492	-32.087939698492	-32.087939698492	-32.087939698492	-32.087939698492	-32.087939698492	-32.087939698492	-32.087939698492	-32.087939698492	-32.087939698492	-32.087939698492	-32.087939698492	-32.087939698492	-32.087939698492	-32.087939698492	-32.087939698492	-32.087939698492	-32.087939698492	-32.087939698492	-32.087939698492	-32.087939698492	-32.087939698492	-32.087939698492	-32.087939698492	-32.087939698492	-32.087939698492	-32.087939698492	-32.087939698492	-32.087939698492	-32.087939698492	-32.087939698492	-32.087939698492	-32.087939698492	-32.087939698492	-32.087939698492	-32.087939698492	-32.087939698492	-32.087939698492	-32.087939698492	-32.087939698492	-32.087939698492	-32.087939698492	-32.087939698492	-32.087939698492	-32.087939698492	-32.087939698492	-32.087939698492	-32.087939698492	-32.087939698492	-32.087939698492	-32.087939698492	-32.087939698492	-32.087939698492	-32.087939698492	-32.087939698492	-32.087939698492	-32.087939698492	-32.087939698492	-32.087939698492	-32.087939698492	-32.087939698492	-32.087939698492	-32.087939698492	-32.087939698492	-32.087939698492	-32.087939698492	-32.087939698492	-32.087939698492	-32.087939698492	-32.087939698492	-32.087939698492	-32.087939698492	-32.087939698492	-32.087939698492	-32.087939698492	-32.087939698492	-32.087939698492	-32.087939698492	-32.087939698492	-32.087939698492	-32.087939698492	-32.087939698492	-32.087939698492	-32.087939698492	-32.087939698492	-32.087939698492	-32.087939698492	-32.087939698492	-32.087939698492	-32.087939698492	-32.087939698492	-32.087939698492	-32.087939698492	-32.087939698492	-32.087939698492	-32.087939698492	-32.087939698492	-32.087939698492	-32.087939698492	-32.087939698492	-32.087939698492	-32.087939698492	-32.087939698492	-32.087939698492	-32.087939698492	-32.087939698492	-32.087939698492	-32.087939698492	-32.087939698492	-32.087939698492	-32.087939698492	-32.087939698492	-32.087939698492	-32.087939698492	-32.087939698492	-32.087939698492	-32.087939698492	-32.087939698492	-32.087939698492	-32.087939698492	-32.087939698492	-32.087939698492	-32.087939698492	-32.087939698492	-32.087939698492	-32.087939698492	-32.087939698492	-32.087939698492	-32.087939698492	-32.087939698492	-32.087939698492	-32.087939698492	-32.087939698492	-32.087939698492	-32.087939698492	-32.087939698492	-32.087939698492	-32.087939698492	-32.087939698492	-32.087939698492	-32.087939698492	-32.087939698492	-32.087939698492	-32.087939698492	-32.087939698492	-32.087939698492	-32.087939698492	-32.087939698492	-32.087939698492	-32.087939698492	-32.087939698492	-32.087939698492	-32.087939698492	-32.087939698492
-31.590452261307	-31.590452261307	-31.590452261307	-31.590452261307	-31.590452261307	-31.590452261307	-31.590452261307	-31.590452261307	-31.590452261307	-31.590452261307	-31.590452261307	-31.590452261307	-31.590452261307	-31.590452261307	-31.590452261307	-31.590452261307	-31.590452261307	-31.590452261307	-31.590452261307	-31.590452261307	-31.590452261307	-31.590452261307	-31.590452261307	-31.590452261307	-31.590452261307	-31.590452261307	-31.590452261307	-31.590452261307	-31.590452261307	-31.590452261307	-31.590452261307	-31.590452261307	-31.590452261307	-31.590452261307	-31.590452261307	-31.590452261307	-31.590452261307	-31.590452261307	-31.590452261307	-31.590452261307	-31.590452261307	-31.590452261307	-31.590452261307	-31.590452261307	-31.590452261307	-31.590452261307	-31.590452261307	-31.590452261307	-31.590452261307	-31.590452261307	-31.590452261307	-31.590452261307	-31.590452261307	-31.590452261307	-31.590452261307	-31.590452261307	-31.590452261307	-31.590452261307	-31.590452261307	-31.590452261307	-31.590452261307	-31.590452261307	-31.590452261307	-31.590452261307	-31.590452261307	-31.590452261307	-31.590452261307	-31.590452261307	-31.590452261307	-31.590452261307	-31.590452261307	-31.590452261307	-31.590452261307	-31.590452261307	-31.590452261307	-31.590452261307	-31.590452261307	-31.590452261307	-31.590452261307	-31.590452261307	-31.590452261307	-31.590452261307	-31.590452261307	-31.590452261307	-31.590452261307	-31.590452261307	-31.590452261307	-31.590452261307	-31.590452261307	-31.590452261307	-31.590452261307	-31.590452261307	-31.590452261307	-31.590452261307	-31.590452261307	-31.590452261307	-31.590452261307	-31.590452261307	-31.590452261307	-31.590452261307	-31.590452261307	-31.590452261307	-31.590452261307	-31.590452261307	-31.590452261307	-31.590452261307	-31.590452261307	-31.590452261307	-31.590452261307	-31.590452261307	-31.590452261307	-31.590452261307	-31.590452261307	-31.590452261307	-31.590452261307	-31.590452261307	-31.590452261307	-31.590452261307	-31.590452261307	-31.590452261307	-31.590452261307	-31.590452261307	-31.590452261307	-31.590452261307	-31.590452261307	-31.590452261307	-31.590452261307	-31.590452261307	-31.590452261307	-31.590452261307	-31.590452261307	-31.590452261307	-31.590452261307	-31.590452261307	-31.590452261307	-31.590452261307	-31.590452261307	-31.590452261307	-31.590452261307	-31.590452261307	-31.590452261307	-31.590452261307	-31.590452261307	-31.590452261307	-31.590452261307	-31.590452261307	-31.590452261307	-31.590452261307	-31.590452261307	-31.590452261307	-31.590452261307	-31.590452261307	-31.590452261307	-31.590452261307	-31.590452261307	-31.590452261307	-31.590452261307	-31.590452261307	-31.590452261307	-31.590452261307	-31.590452261307	-31.590452261307	-31.590452261307	-31.590452261307	-31.590452261307	-31.590452261307	-31.590452261307	-31.590452261307	-31.590452261307	-31.590452261307	-31.590452261307	-31.590452261307	-31.590452261307	-31.590452261307	-31.590452261307	-31.590452261307	-31.590452261307	-31.590452261307	-31.590452261307	-31.590452261307	-31.590452261307	-31.590452261307	-31.590452261307	-31.590452261307	-31.590452261307	-31.590452261307	-31.590452261307	-31.590452261307	-31.590452261307	-31.590452261307	-31.590452261307	-31.590452261307	-31.590452261307	-31.590452261307	-31.590452261307	-31.590452261307	-31.590452261307	-31.590452261307	-31.590452261307	-31.590452261307
-31.092964824121	-31.092964824121	-31.092964824121	-31.092964824121	-31.092964824121	-31.092964824121	-31.092964824121	-31.092964824121	-31.092964824121	-31.092964824121	-31.092964824121	-31.092964824121	-31.092964824121	-31.092964824121	-31.092964824121	-31.092964824121	-31.092964824121	-31.092964824121	-31.092964824121	-31.092964824121	-31.092964824121	-31.092964824121	-31.092964824121	-31.092964824121	-31.092964824121	-31.092964824121	-31.092964824121	-31.092964824121	-31.092964824121	-31.092964824121	-31.092964824121	-31.092964824121	-31.092964824121	-31.092964824121	-31.092964824121	-31.092964824121	-31.092964824121	-31.092964824121	-31.092964824121	-31.092964824121	-31.092964824121	-31.092964824121	-31.092964824121	-31.092964824121	-31.092964824121	-31.092964824121	-31.092964824121	-31.092964824121	-31.092964824121	-31.092964824121	-31.092964824121	-31.092964824121	-31.092964824121	-31.092964824121	-31.092964824121	-31.092964824121	-31.092964824121	-31.092964824121	-31.092964824121	-31.092964824121	-31.092964824121	-31.092964824121	-31.092964824121	-31.092964824121	-31.092964824121	-31.092964824121	-31.092964824121	-31.092964824121	-31.092964824121	-31.092964824121	-31.092964824121	-31.092964824121	-31.092964824121	-31.092964824121	-31.092964824121	-31.092964824121	-31.092964824121	-31.092964824121	-31.092964824121	-31.092964824121	-31.092964824121	-31.092964824121	-31.092964824121	-31.092964824121	-31.092964824121	-31.092964824121	-31.092964824121	-31.092964824121	-31.092964824121	-31.092964824121	-31.092964824121	-31.092964824121	-31.092964824121	-31.092964824121	-31.092964824121	-31.092964824121	-31.092964824121	-31.092964824121	-31.092964824121	-31.092964824121	-31.092964824121	-31.092964824121	-31.092964824121	-31.092964824121	-31.092964824121	-31.092964824121	-31.092964824121	-31.092964824121	-31.092964824121	-31.092964824121	-31.092964824121	-31.092964824121	-31.092964824121	-31.092964824121	-31.092964824121	-31.092964824121	-31.092964824121	-31.092964824121	-31.092964824121	-31.092964824121	-31.092964824121	-31.092964824121	-31.092964824121	-31.092964824121	-31.092964824121	-31.092964824121	-31.092964824121	-31.092964824121	-31.092964824121	-31.092964824121	-31.092964824121	-31.092964824121	-31.092964824121	-31.092964824121	-31.092964824121	-31.092964824121	-31.092964824121	-31.092964824121	-31.092964824121	-31.092964824121	-31.092964824121	-31.092964824121	-31.092964824121	-31.092964824121	-31.092964824121	-31.092964824121	-31.092964824121	-31.092964824121	-31.092964824121	-31.092964824121	-31.092964824121	-31.092964824121	-31.092964824121	-31.092964824121	-31.092964824121	-31.092964824121	-31.092964824121	-31.092964824121	-31.092964824121	-31.092964824121	-31.092964824121	-31.092964824121	-31.092964824121	-31.092964824121	-31.092964824121	-31.092964824121	-31.092964824121	-31.092964824121	-31.092964824121	-31.092964824121	-31.092964824121	-31.092964824121	-31.092964824121	-31.092964824121	-31.092964824121	-31.092964824121	-31.092964824121	-31.092964824121	-31.092964824121	-31.092964824121	-31.092964824121	-31.092964824121	-31.092964824121	-31.092964824121	-31.092964824121	-31.092964824121	-31.092964824121	-31.092964824121	-31.092964824121	-31.092964824121	-31.092964824121	-31.092964824121	-31.092964824121	-31.092964824121	-31.092964824121	-31.092964824121	-31.092964824121	-31.092964824121	-31.092964824121	-31.092964824121
-30.595477386935	-30.595477386935	-30.595477386935	-30.595477386935	-30.595477386935	-30.595477386935	-30.595477386935	-30.595477386935	-30.595477386935	-30.595477386935	-30.595477386935	-30.595477386935	-30.595477386935	-30.595477386935	-30.595477386935	-30.595477386935	-30.595477386935	-30.595477386935	-30.595477386935	-30.595477386935	-30.595477386935	-30.595477386935	-30.595477386935	-30.595477386935	-30.595477386935	-30.595477386935	-30.595477386935	-30.595477386935	-30.595477386935	-30.595477386935	-30.595477386935	-30.595477386935	-30.595477386935	-30.595477386935	-30.595477386935	-30.595477386935	-30.595477386935	-30.595477386935	-30.595477386935	-30.595477386935	-30.595477386935	-30.595477386935	-30.595477386935	-30.595477386935	-30.595477386935	-30.595477386935	-30.595477386935	-30.595477386935	-30.595477386935	-30.595477386935	-30.595477386935	-30.595477386935	-30.595477386935	-30.595477386935	-30.595477386935	-30.595477386935	-30.595477386935	-30.595477386935	-30.595477386935	-30.595477386935	-30.595477386935	-30.595477386935	-30.595477386935	-30.595477386935	-30.595477386935	-30.595477386935	-30.595477386935	-30.595477386935	-30.595477386935	-30.595477386935	-30.595477386935	-30.595477386935	-30.595477386935	-30.595477386935	-30.595477386935	-30.595477386935	-30.595477386935	-30.595477386935	-30.595477386935	-30.595477386935	-30.595477386935	-30.595477386935	-30.595477386935	-30.595477386935	-30.595477386935	-30.595477386935	-30.595477386935	-30.595477386935	-30.595477386935	-30.595477386935	-30.595477386935	-30.595477386935	-30.595477386935	-30.595477386935	-30.595477386935	-30.595477386935	-30.595477386935	-30.595477386935	-30.595477386935	-30.595477386935	-30.595477386935	-30.595477386935	-30.595477386935	-30.595477386935	-30.595477386935	-30.595477386935	-30.595477386935	-30.595477386935	-30.595477386935	-30.595477386935	-30.595477386935	-30.595477386935	-30.595477386935	-30.595477386935	-30.595477386935	-30.595477386935	-30.595477386935	-30.595477386935	-30.595477386935	-30.595477386935	-30.595477386935	-30.595477386935	-30.595477386935	-30.595477386935	-30.595477386935	-30.595477386935	-30.595477386935	-30.595477386935	-30.595477386935	-30.595477386935	-30.595477386935	-30.595477386935	-30.595477386935	-30.595477386935	-30.595477386935	-30.595477386935	-30.595477386935	-30.595477386935	-30.595477386935	-30.595477386935	-30.595477386935	-30.595477386935	-30.595477386935	-30.595477386935	-30.595477386935	-30.595477386935	-30.595477386935	-30.595477386935	-30.595477386935	-30.595477386935	-30.595477386935	-30.595477386935	-30.595477386935	-30.595477386935	-30.595477386935	-30.595477386935	-30.595477386935	-30.595477386935	-30.595477386935	-30.595477386935	-30.595477386935	-30.595477386935	-30.595477386935	-30.595477386935	-30.595477386935	-30.595477386935	-30.595477386935	-30.595477386935	-30.595477386935	-30.595477386935	-30.595477386935	-30.595477386935	-30.595477386935	-30.595477386935	-30.595477386935	-30.595477386935	-30.595477386935	-30.595477386935	-30.595477386935	-30.595477386935	-30.595477386935	-30.595477386935	-30.595477386935	-30.595477386935	-30.595477386935	-30.595477386935	-30.595477386935	-30.595477386935	-30.595477386935	-30.595477386935	-30.595477386935	-30.595477386935	-30.595477386935	-30.595477386935	-30.595477386935	-30.595477386935	-30.595477386935	-30.595477386935	-30.595477386935	-30.595477386935
-30.097989949749	-30.097989949749	-30.097989949749	-30.097989949749	-30.097989949749	-30.097989949749	-30.097989949749	-30.097989949749	-30.097989949749	-30.097989949749	-30.097989949749	-30.097989949749	-30.097989949749	-30.097989949749	-30.097989949749	-30.097989949749	-30.097989949749	-30.097989949749	-30.097989949749	-30.097989949749	-30.097989949749	-30.097989949749	-30.097989949749	-30.097989949749	-30.097989949749	-30.097989949749	-30.097989949749	-30.097989949749	-30.097989949749	-30.097989949749	-30.097989949749	-30.097989949749	-30.097989949749	-30.097989949749	-30.097989949749	-30.097989949749	-30.097989949749	-30.097989949749	-30.097989949749	-30.097989949749	-30.097989949749	-30.097989949749	-30.097989949749	-30.097989949749	-30.097989949749	-30.097989949749	-30.097989949749	-30.097989949749	-30.097989949749	-30.097989949749	-30.097989949749	-30.097989949749	-30.097989949749	-30.097989949749	-30.097989949749	-30.097989949749	-30.097989949749	-30.097989949749	-30.097989949749	-30.097989949749	-30.097989949749	-30.097989949749	-30.097989949749	-30.097989949749	-30.097989949749	-30.097989949749	-30.097989949749	-30.097989949749	-30.097989949749	-30.097989949749	-30.097989949749	-30.097989949749	-30.097989949749	-30.097989949749	-30.097989949749	-30.097989949749	-30.097989949749	-30.097989949749	-30.097989949749	-30.097989949749	-30.097989949749	-30.097989949749	-30.097989949749	-30.097989949749	-30.097989949749	-30.097989949749	-30.097989949749	-30.097989949749	-30.097989949749	-30.097989949749	-30.097989949749	-30.097989949749	-30.097989949749	-30.097989949749	-30.097989949749	-30.097989949749	-30.097989949749	-30.097989949749	-30.097989949749	-30.097989949749	-30.097989949749	-30.097989949749	-30.097989949749	-30.097989949749	-30.097989949749	-30.097989949749	-30.097989949749	-30.097989949749	-30.097989949749	-30.097989949749	-30.097989949749	-30.097989949749	-30.097989949749	-30.097989949749	-30.097989949749	-30.097989949749	-30.097989949749	-30.097989949749	-30.097989949749	-30.097989949749	-30.097989949749	-30.097989949749	-30.097989949749	-30.097989949749	-30.097989949749	-30.097989949749	-30.097989949749	-30.097989949749	-30.097989949749	-30.097989949749	-30.097989949749	-30.097989949749	-30.097989949749	-30.097989949749	-30.097989949749	-30.097989949749	-30.097989949749	-30.097989949749	-30.097989949749	-30.097989949749	-30.097989949749	-30.097989949749	-30.097989949749	-30.097989949749	-30.097989949749	-30.097989949749	-30.097989949749	-30.097989949749	-30.097989949749	-30.097989949749	-30.097989949749	-30.097989949749	-30.097989949749	-30.097989949749	-30.097989949749	-30.097989949749	-30.097989949749	-30.097989949749	-30.097989949749	-30.097989949749	-30.097989949749	-30.097989949749	-30.097989949749	-30.097989949749	-30.097989949749	-30.097989949749	-30.097989949749	-30.097989949749	-30.097989949749	-30.097989949749	-30.097989949749	-30.097989949749	-30.097989949749	-30.097989949749	-30.097989949749	-30.097989949749	-30.097989949749	-30.097989949749	-30.097989949749	-30.097989949749	-30.097989949749	-30.097989949749	-30.097989949749	-30.097989949749	-30.097989949749	-30.097989949749	-30.097989949749	-30.097989949749	-30.097989949749	-30.097989949749	-30.097989949749	-30.097989949749	-30.097989949749	-30.097989949749	-30.097989949749	-30.097989949749	-30.097989949749	-30.097989949749	-30.097989949749	-30.097989949749
-29.600502512563	-29.600502512563	-29.600502512563	-29.600502512563	-29.600502512563	-29.600502512563	-29.600502512563	-29.600502512563	-29.600502512563	-29.600502512563	-29.600502512563	-29.600502512563	-29.600502512563	-29.600502512563	-29.600502512563	-29.600502512563	-29.600502512563	-29.600502512563	-29.600502512563	-29.600502512563	-29.600502512563	-29.600502512563	-29.600502512563	-29.600502512563	-29.600502512563	-29.600502512563	-29.600502512563	-29.600502512563	-29.600502512563	-29.600502512563	-29.600502512563	-29.600502512563	-29.600502512563	-29.600502512563	-29.600502512563	-29.600502512563	-29.600502512563	-29.600502512563	-29.600502512563	-29.600502512563	-29.600502512563	-29.600502512563	-29.600502512563	-29.600502512563	-29.600502512563	-29.600502512563	-29.600502512563	-29.600502512563	-29.600502512563	-29.600502512563	-29.600502512563	-29.600502512563	-29.600502512563	-29.600502512563	-29.600502512563	-29.600502512563	-29.600502512563	-29.600502512563	-29.600502512563	-29.600502512563	-29.600502512563	-29.600502512563	-29.600502512563	-29.600502512563	-29.600502512563	-29.600502512563	-29.600502512563	-29.600502512563	-29.600502512563	-29.600502512563	-29.600502512563	-29.600502512563	-29.600502512563	-29.600502512563	-29.600502512563	-29.600502512563	-29.600502512563	-29.600502512563	-29.600502512563	-29.600502512563	-29.600502512563	-29.600502512563	-29.600502512563	-29.600502512563	-29.600502512563	-29.600502512563	-29.600502512563	-29.600502512563	-29.600502512563	-29.600502512563	-29.600502512563	-29.600502512563	-29.600502512563	-29.600502512563	-29.600502512563	-29.600502512563	-29.600502512563	-29.600502512563	-29.600502512563	-29.600502512563	-29.600502512563	-29.600502512563	-29.600502512563	-29.600502512563	-29.600502512563	-29.600502512563	-29.600502512563	-29.600502512563	-29.600502512563	-29.600502512563	-29.600502512563	-29.600502512563	-29.600502512563	-29.600502512563	-29.600502512563	-29.600502512563	-29.600502512563	-29.600502512563	-29.600502512563	-29.600502512563	-29.600502512563	-29.600502512563	-29.600502512563	-29.600502512563	-29.600502512563	-29.600502512563	-29.600502512563	-29.600502512563	-29.600502512563	-29.600502512563	-29.600502512563	-29.600502512563	-29.600502512563	-29.600502512563	-29.600502512563	-29.600502512563	-29.600502512563	-29.600502512563	-29.600502512563	-29.600502512563	-29.600502512563	-29.600502512563	-29.600502512563	-29.600502512563	-29.600502512563	-29.600502512563	-29.600502512563	-29.600502512563	-29.600502512563	-29.600502512563	-29.600502512563	-29.600502512563	-29.600502512563	-29.600502512563	-29.600502512563	-29.600502512563	-29.600502512563	-29.600502512563	-29.600502512563	-29.600502512563	-29.600502512563	-29.600502512563	-29.600502512563	-29.600502512563	-29.600502512563	-29.600502512563	-29.600502512563	-29.600502512563	-29.600502512563	-29.600502512563	-29.600502512563	-29.600502512563	-29.600502512563	-29.600502512563	-29.600502512563	-29.600502512563	-29.600502512563	-29.600502512563	-29.600502512563	-29.600502512563	-29.600502512563	-29.600502512563	-29.600502512563	-29.600502512563	-29.600502512563	-29.600502512563	-29.600502512563	-29.600502512563	-29.600502512563	-29.600502512563	-29.600502512563	-29.600502512563	-29.600502512563	-29.600502512563	-29.600502512563	-29.600502512563	-29.600502512563	-29.600502512563	-29.600502512563	-29.600502512563
-29.103015075377	-29.103015075377	-29.103015075377	-29.103015075377	-29.103015075377	-29.103015075377	-29.103015075377	-29.103015075377	-29.103015075377	-29.103015075377	-29.103015075377	-29.103015075377	-29.103015075377	-29.103015075377	-29.103015075377	-29.103015075377	-29.103015075377	-29.103015075377	-29.103015075377	-29.103015075377	-29.103015075377	-29.103015075377	-29.103015075377	-29.103015075377	-29.103015075377	-29.103015075377	-29.103015075377	-29.103015075377	-29.103015075377	-29.103015075377	-29.103015075377	-29.103015075377	-29.103015075377	-29.103015075377	-29.103015075377	-29.103015075377	-29.103015075377	-29.103015075377	-29.103015075377	-29.103015075377	-29.103015075377	-29.103015075377	-29.103015075377	-29.103015075377	-29.103015075377	-29.103015075377	-29.103015075377	-29.103015075377	-29.103015075377	-29.103015075377	-29.103015075377	-29.103015075377	-29.103015075377	-29.103015075377	-29.103015075377	-29.103015075377	-29.103015075377	-29.103015075377	-29.103015075377	-29.103015075377	-29.103015075377	-29.103015075377	-29.103015075377	-29.103015075377	-29.103015075377	-29.103015075377	-29.103015075377	-29.103015075377	-29.103015075377	-29.103015075377	-29.103015075377	-29.103015075377	-29.103015075377	-29.103015075377	-29.103015075377	-29.103015075377	-29.103015075377	-29.103015075377	-29.103015075377	-29.103015075377	-29.103015075377	-29.103015075377	-29.103015075377	-29.103015075377	-29.103015075377	-29.103015075377	-29.103015075377	-29.103015075377	-29.103015075377	-29.103015075377	-29.103015075377	-29.103015075377	-29.103015075377	-29.103015075377	-29.103015075377	-29.103015075377	-29.103015075377	-29.103015075377	-29.103015075377	-29.103015075377	-29.103015075377	-29.103015075377	-29.103015075377	-29.103015075377	-29.103015075377	-29.103015075377	-29.103015075377	-29.103015075377	-29.103015075377	-29.103015075377	-29.103015075377	-29.103015075377	-29.103015075377	-29.103015075377	-29.103015075377	-29.103015075377	-29.103015075377	-29.103015075377	-29.103015075377	-29.103015075377	-29.103015075377	-29.103015075377	-29.103015075377	-29.103015075377	-29.103015075377	-29.103015075377	-29.103015075377	-29.103015075377	-29.103015075377	-29.103015075377	-29.103015075377	-29.103015075377	-29.103015075377	-29.103015075377	-29.103015075377	-29.103015075377	-29.103015075377	-29.103015075377	-29.103015075377	-29.103015075377	-29.103015075377	-29.103015075377	-29.103015075377	-29.103015075377	-29.103015075377	-29.103015075377	-29.103015075377	-29.103015075377	-29.103015075377	-29.103015075377	-29.103015075377	-29.103015075377	-29.103015075377	-29.103015075377	-29.103015075377	-29.103015075377	-29.103015075377	-29.103015075377	-29.103015075377	-29.103015075377	-29.103015075377	-29.103015075377	-29.103015075377	-29.103015075377	-29.103015075377	-29.103015075377	-29.103015075377	-29.103015075377	-29.103015075377	-29.103015075377	-29.103015075377	-29.103015075377	-29.103015075377	-29.103015075377	-29.103015075377	-29.103015075377	-29.103015075377	-29.103015075377	-29.103015075377	-29.103015075377	-29.103015075377	-29.103015075377	-29.103015075377	-29.103015075377	-29.103015075377	-29.103015075377	-29.103015075377	-29.103015075377	-29.103015075377	-29.103015075377	-29.103015075377	-29.103015075377	-29.103015075377	-29.103015075377	-29.103015075377	-29.103015075377	-29.103015075377	-29.103015075377	-29.103015075377	-29.103015075377
-28.605527638191	-28.605527638191	-28.605527638191	-28.605527638191	-28.605527638191	-28.605527638191	-28.605527638191	-28.605527638191	-28.605527638191	-28.605527638191	-28.605527638191	-28.605527638191	-28.605527638191	-28.605527638191	-28.605527638191	-28.605527638191	-28.605527638191	-28.605527638191	-28.605527638191	-28.605527638191	-28.605527638191	-28.605527638191	-28.605527638191	-28.605527638191	-28.605527638191	-28.605527638191	-28.605527638191	-28.605527638191	-28.605527638191	-28.605527638191	-28.605527638191	-28.605527638191	-28.605527638191	-28.605527638191	-28.605527638191	-28.605527638191	-28.605527638191	-28.605527638191	-28.605527638191	-28.605527638191	-28.605527638191	-28.605527638191	-28.605527638191	-28.605527638191	-28.605527638191	-28.605527638191	-28.605527638191	-28.605527638191	-28.605527638191	-28.605527638191	-28.605527638191	-28.605527638191	-28.605527638191	-28.605527638191	-28.605527638191	-28.605527638191	-28.605527638191	-28.605527638191	-28.605527638191	-28.605527638191	-28.605527638191	-28.605527638191	-28.605527638191	-28.605527638191	-28.605527638191	-28.605527638191	-28.605527638191	-28.605527638191	-28.605527638191	-28.605527638191	-28.605527638191	-28.605527638191	-28.605527638191	-28.605527638191	-28.605527638191	-28.605527638191	-28.605527638191	-28.605527638191	-28.605527638191	-28.605527638191	-28.605527638191	-28.605527638191	-28.605527638191	-28.605527638191	-28.605527638191	-28.605527638191	-28.605527638191	-28.605527638191	-28.605527638191	-28.605527638191	-28.605527638191	-28.605527638191	-28.605527638191	-28.605527638191	-28.605527638191	-28.605527638191	-28.605527638191	-28.605527638191	-28.605527638191	-28.605527638191	-28.605527638191	-28.605527638191	-28.605527638191	-28.605527638191	-28.605527638191	-28.605527638191	-28.605527638191	-28.605527638191	-28.605527638191	-28.605527638191	-28.605527638191	-28.605527638191	-28.605527638191	-28.605527638191	-28.605527638191	-28.605527638191	-28.605527638191	-28.605527638191	-28.605527638191	-28.605527638191	-28.605527638191	-28.605527638191	-28.605527638191	-28.605527638191	-28.605527638191	-28.605527638191	-28.605527638191	-28.605527638191	-28.605527638191	-28.605527638191	-28.605527638191	-28.605527638191	-28.605527638191	-28.605527638191	-28.605527638191	-28.605527638191	-28.605527638191	-28.605527638191	-28.605527638191	-28.605527638191	-28.605527638191	-28.605527638191	-28.605527638191	-28.605527638191	-28.605527638191	-28.605527638191	-28.605527638191	-28.605527638191	-28.605527638191	-28.605527638191	-28.605527638191	-28.605527638191	-28.605527638191	-28.605527638191	-28.605527638191	-28.605527638191	-28.605527638191	-28.605527638191	-28.605527638191	-28.605527638191	-28.605527638191	-28.605527638191	-28.605527638191	-28.605527638191	-28.605527638191	-28.605527638191	-28.605527638191	-28.605527638191	-28.605527638191	-28.605527638191	-28.605527638191	-28.605527638191	-28.605527638191	-28.605527638191	-28.605527638191	-28.605527638191	-28.605527638191	-28.605527638191	-28.605527638191	-28.605527638191	-28.605527638191	-28.605527638191	-28.605527638191	-28.605527638191	-28.605527638191	-28.605527638191	-28.605527638191	-28.605527638191	-28.605527638191	-28.605527638191	-28.605527638191	-28.605527638191	-28.605527638191	-28.605527638191	-28.605527638191	-28.605527638191	-28.605527638191	-28.605527638191	-28.605527638191	-28.605527638191
-28.108040201005	-28.108040201005	-28.108040201005	-28.108040201005	-28.108040201005	-28.108040201005	-28.108040201005	-28.108040201005	-28.108040201005	-28.108040201005	-28.108040201005	-28.108040201005	-28.108040201005	-28.108040201005	-28.108040201005	-28.108040201005	-28.108040201005	-28.108040201005	-28.108040201005	-28.108040201005	-28.108040201005	-28.108040201005	-28.108040201005	-28.108040201005	-28.108040201005	-28.108040201005	-28.108040201005	-28.108040201005	-28.108040201005	-28.108040201005	-28.108040201005	-28.108040201005	-28.108040201005	-28.108040201005	-28.108040201005	-28.108040201005	-28.108040201005	-28.108040201005	-28.108040201005	-28.108040201005	-28.108040201005	-28.108040201005	-28.108040201005	-28.108040201005	-28.108040201005	-28.108040201005	-28.108040201005	-28.108040201005	-28.108040201005	-28.108040201005	-28.108040201005	-28.108040201005	-28.108040201005	-28.108040201005	-28.108040201005	-28.108040201005	-28.108040201005	-28.108040201005	-28.108040201005	-28.108040201005	-28.108040201005	-28.108040201005	-28.108040201005	-28.108040201005	-28.108040201005	-28.108040201005	-28.108040201005	-28.108040201005	-28.108040201005	-28.108040201005	-28.108040201005	-28.108040201005	-28.108040201005	-28.108040201005	-28.108040201005	-28.108040201005	-28.108040201005	-28.108040201005	-28.108040201005	-28.108040201005	-28.108040201005	-28.108040201005	-28.108040201005	-28.108040201005	-28.108040201005	-28.108040201005	-28.108040201005	-28.108040201005	-28.108040201005	-28.108040201005	-28.108040201005	-28.108040201005	-28.108040201005	-28.108040201005	-28.108040201005	-28.108040201005	-28.108040201005	-28.108040201005	-28.108040201005	-28.108040201005	-28.108040201005	-28.108040201005	-28.108040201005	-28.108040201005	-28.108040201005	-28.108040201005	-28.108040201005	-28.108040201005	-28.108040201005	-28.108040201005	-28.108040201005	-28.108040201005	-28.108040201005	-28.108040201005	-28.108040201005	-28.108040201005	-28.108040201005	-28.108040201005	-28.108040201005	-28.108040201005	-28.108040201005	-28.108040201005	-28.108040201005	-28.108040201005	-28.108040201005	-28.108040201005	-28.108040201005	-28.108040201005	-28.108040201005	-28.108040201005	-28.108040201005	-28.108040201005	-28.108040201005	-28.108040201005	-28.108040201005	-28.108040201005	-28.108040201005	-28.108040201005	-28.108040201005	-28.108040201005	-28.108040201005	-28.108040201005	-28.108040201005	-28.108040201005	-28.108040201005	-28.108040201005	-28.108040201005	-28.108040201005	-28.108040201005	-28.108040201005	-28.108040201005	-28.108040201005	-28.108040201005	-28.108040201005	-28.108040201005	-28.108040201005	-28.108040201005	-28.108040201005	-28.108040201005	-28.108040201005	-28.108040201005	-28.108040201005	-28.108040201005	-28.108040201005	-28.108040201005	-28.108040201005	-28.108040201005	-28.108040201005	-28.108040201005	-28.108040201005	-28.108040201005	-28.108040201005	-28.108040201005	-28.108040201005	-28.108040201005	-28.108040201005	-28.108040201005	-28.108040201005	-28.108040201005	-28.108040201005	-28.108040201005	-28.108040201005	-28.108040201005	-28.108040201005	-28.108040201005	-28.108040201005	-28.108040201005	-28.108040201005	-28.108040201005	-28.108040201005	-28.108040201005	-28.108040201005	-28.108040201005	-28.108040201005	-28.108040201005	-28.108040201005	-28.108040201005	-28.108040201005	-28.108040201005	-28.108040201005
-27.610552763819	-27.610552763819	-27.610552763819	-27.610552763819	-27.610552763819	-27.610552763819	-27.610552763819	-27.610552763819	-27.610552763819	-27.610552763819	-27.610552763819	-27.610552763819	-27.610552763819	-27.610552763819	-27.610552763819	-27.610552763819	-27.610552763819	-27.610552763819	-27.610552763819	-27.610552763819	-27.610552763819	-27.610552763819	-27.610552763819	-27.610552763819	-27.610552763819	-27.610552763819	-27.610552763819	-27.610552763819	-27.610552763819	-27.610552763819	-27.610552763819	-27.610552763819	-27.610552763819	-27.610552763819	-27.610552763819	-27.610552763819	-27.610552763819	-27.610552763819	-27.610552763819	-27.610552763819	-27.610552763819	-27.610552763819	-27.610552763819	-27.610552763819	-27.610552763819	-27.610552763819	-27.610552763819	-27.610552763819	-27.610552763819	-27.610552763819	-27.610552763819	-27.610552763819	-27.610552763819	-27.610552763819	-27.610552763819	-27.610552763819	-27.610552763819	-27.610552763819	-27.610552763819	-27.610552763819	-27.610552763819	-27.610552763819	-27.610552763819	-27.610552763819	-27.610552763819	-27.610552763819	-27.610552763819	-27.610552763819	-27.610552763819	-27.610552763819	-27.610552763819	-27.610552763819	-27.610552763819	-27.610552763819	-27.610552763819	-27.610552763819	-27.610552763819	-27.610552763819	-27.610552763819	-27.610552763819	-27.610552763819	-27.610552763819	-27.610552763819	-27.610552763819	-27.610552763819	-27.610552763819	-27.610552763819	-27.610552763819	-27.610552763819	-27.610552763819	-27.610552763819	-27.610552763819	-27.610552763819	-27.610552763819	-27.610552763819	-27.610552763819	-27.610552763819	-27.610552763819	-27.610552763819	-27.610552763819	-27.610552763819	-27.610552763819	-27.610552763819	-27.610552763819	-27.610552763819	-27.610552763819	-27.610552763819	-27.610552763819	-27.610552763819	-27.610552763819	-27.610552763819	-27.610552763819	-27.610552763819	-27.610552763819	-27.610552763819	-27.610552763819	-27.610552763819	-27.610552763819	-27.610552763819	-27.610552763819	-27.610552763819	-27.610552763819	-27.610552763819	-27.610552763819	-27.610552763819	-27.610552763819	-27.610552763819	-27.610552763819	-27.610552763819	-27.610552763819	-27.610552763819	-27.610552763819	-27.610552763819	-27.610552763819	-27.610552763819	-27.610552763819	-27.610552763819	-27.610552763819	-27.610552763819	-27.610552763819	-27.610552763819	-27.610552763819	-27.610552763819	-27.610552763819	-27.610552763819	-27.610552763819	-27.610552763819	-27.610552763819	-27.610552763819	-27.610552763819	-27.610552763819	-27.610552763819	-27.610552763819	-27.610552763819	-27.610552763819	-27.610552763819	-27.610552763819	-27.610552763819	-27.610552763819	-27.610552763819	-27.610552763819	-27.610552763819	-27.610552763819	-27.610552763819	-27.610552763819	-27.610552763819	-27.610552763819	-27.610552763819	-27.610552763819	-27.610552763819	-27.610552763819	-27.610552763819	-27.610552763819	-27.610552763819	-27.610552763819	-27.610552763819	-27.610552763819	-27.610552763819	-27.610552763819	-27.610552763819	-27.610552763819	-27.610552763819	-27.610552763819	-27.610552763819	-27.610552763819	-27.610552763819	-27.610552763819	-27.610552763819	-27.610552763819	-27.610552763819	-27.610552763819	-27.610552763819	-27.610552763819	-27.610552763819	-27.610552763819	-27.610552763819	-27.610552763819	-27.610552763819	-27.610552763819	-27.610552763819
-27.113065326633	-27.113065326633	-27.113065326633	-27.113065326633	-27.113065326633	-27.113065326633	-27.113065326633	-27.113065326633	-27.113065326633	-27.113065326633	-27.113065326633	-27.113065326633	-27.113065326633	-27.113065326633	-27.113065326633	-27.113065326633	-27.113065326633	-27.113065326633	-27.113065326633	-27.113065326633	-27.113065326633	-27.113065326633	-27.113065326633	-27.113065326633	-27.113065326633	-27.113065326633	-27.113065326633	-27.113065326633	-27.113065326633	-27.113065326633	-27.113065326633	-27.113065326633	-27.113065326633	-27.113065326633	-27.113065326633	-27.113065326633	-27.113065326633	-27.113065326633	-27.113065326633	-27.113065326633	-27.113065326633	-27.113065326633	-27.113065326633	-27.113065326633	-27.113065326633	-27.113065326633	-27.113065326633	-27.113065326633	-27.113065326633	-27.113065326633	-27.113065326633	-27.113065326633	-27.113065326633	-27.113065326633	-27.113065326633	-27.113065326633	-27.113065326633	-27.113065326633	-27.113065326633	-27.113065326633	-27.113065326633	-27.113065326633	-27.113065326633	-27.113065326633	-27.113065326633	-27.113065326633	-27.113065326633	-27.113065326633	-27.113065326633	-27.113065326633	-27.113065326633	-27.113065326633	-27.113065326633	-27.113065326633	-27.113065326633	-27.113065326633	-27.113065326633	-27.113065326633	-27.113065326633	-27.113065326633	-27.113065326633	-27.113065326633	-27.113065326633	-27.113065326633	-27.113065326633	-27.113065326633	-27.113065326633	-27.113065326633	-27.113065326633	-27.113065326633	-27.113065326633	-27.113065326633	-27.113065326633	-27.113065326633	-27.113065326633	-27.113065326633	-27.113065326633	-27.113065326633	-27.113065326633	-27.113065326633	-27.113065326633	-27.113065326633	-27.113065326633	-27.113065326633	-27.113065326633	-27.113065326633	-27.113065326633	-27.113065326633	-27.113065326633	-27.113065326633	-27.113065326633	-27.113065326633	-27.113065326633	-27.113065326633	-27.113065326633	-27.113065326633	-27.113065326633	-27.113065326633	-27.113065326633	-27.113065326633	-27.113065326633	-27.113065326633	-27.113065326633	-27.113065326633	-27.113065326633	-27.113065326633	-27.113065326633	-27.113065326633	-27.113065326633	-27.113065326633	-27.113065326633	-27.113065326633	-27.113065326633	-27.113065326633	-27.113065326633	-27.113065326633	-27.113065326633	-27.113065326633	-27.113065326633	-27.113065326633	-27.113065326633	-27.113065326633	-27.113065326633	-27.113065326633	-27.113065326633	-27.113065326633	-27.113065326633	-27.113065326633	-27.113065326633	-27.113065326633	-27.113065326633	-27.113065326633	-27.113065326633	-27.113065326633	-27.113065326633	-27.113065326633	-27.113065326633	-27.113065326633	-27.113065326633	-27.113065326633	-27.113065326633	-27.113065326633	-27.113065326633	-27.113065326633	-27.113065326633	-27.113065326633	-27.113065326633	-27.113065326633	-27.113065326633	-27.113065326633	-27.113065326633	-27.113065326633	-27.113065326633	-27.113065326633	-27.113065326633	-27.113065326633	-27.113065326633	-27.113065326633	-27.113065326633	-27.113065326633	-27.113065326633	-27.113065326633	-27.113065326633	-27.113065326633	-27.113065326633	-27.113065326633	-27.113065326633	-27.113065326633	-27.113065326633	-27.113065326633	-27.113065326633	-27.113065326633	-27.113065326633	-27.113065326633	-27.113065326633	-27.113065326633	-27.113065326633	-27.113065326633	-27.113065326633	-27.113065326633
-26.615577889447	-26.615577889447	-26.615577889447	-26.615577889447	-26.615577889447	-26.615577889447	-26.615577889447	-26.615577889447	-26.615577889447	-26.615577889447	-26.615577889447	-26.615577889447	-26.615577889447	-26.615577889447	-26.615577889447	-26.615577889447	-26.615577889447	-26.615577889447	-26.615577889447	-26.615577889447	-26.615577889447	-26.615577889447	-26.615577889447	-26.615577889447	-26.615577889447	-26.615577889447	-26.615577889447	-26.615577889447	-26.615577889447	-26.615577889447	-26.615577889447	-26.615577889447	-26.615577889447	-26.615577889447	-26.615577889447	-26.615577889447	-26.615577889447	-26.615577889447	-26.615577889447	-26.615577889447	-26.615577889447	-26.615577889447	-26.615577889447	-26.615577889447	-26.615577889447	-26.615577889447	-26.615577889447	-26.615577889447	-26.615577889447	-26.615577889447	-26.615577889447	-26.615577889447	-26.615577889447	-26.615577889447	-26.615577889447	-26.615577889447	-26.615577889447	-26.615577889447	-26.615577889447	-26.615577889447	-26.615577889447	-26.615577889447	-26.615577889447	-26.615577889447	-26.615577889447	-26.615577889447	-26.615577889447	-26.615577889447	-26.615577889447	-26.615577889447	-26.615577889447	-26.615577889447	-26.615577889447	-26.615577889447	-26.615577889447	-26.615577889447	-26.615577889447	-26.615577889447	-26.615577889447	-26.615577889447	-26.615577889447	-26.615577889447	-26.615577889447	-26.615577889447	-26.615577889447	-26.615577889447	-26.615577889447	-26.615577889447	-26.615577889447	-26.615577889447	-26.615577889447	-26.615577889447	-26.615577889447	-26.615577889447	-26.615577889447	-26.615577889447	-26.615577889447	-26.615577889447	-26.615577889447	-26.615577889447	-26.615577889447	-26.615577889447	-26.615577889447	-26.615577889447	-26.615577889447	-26.615577889447	-26.615577889447	-26.615577889447	-26.615577889447	-26.615577889447	-26.615577889447	-26.615577889447	-26.615577889447	-26.615577889447	-26.615577889447	-26.615577889447	-26.615577889447	-26.615577889447	-26.615577889447	-26.615577889447	-26.615577889447	-26.615577889447	-26.615577889447	-26.615577889447	-26.615577889447	-26.615577889447	-26.615577889447	-26.615577889447	-26.615577889447	-26.615577889447	-26.615577889447	-26.615577889447	-26.615577889447	-26.615577889447	-26.615577889447	-26.615577889447	-26.615577889447	-26.615577889447	-26.615577889447	-26.615577889447	-26.615577889447	-26.615577889447	-26.615577889447	-26.615577889447	-26.615577889447	-26.615577889447	-26.615577889447	-26.615577889447	-26.615577889447	-26.615577889447	-26.615577889447	-26.615577889447	-26.615577889447	-26.615577889447	-26.615577889447	-26.615577889447	-26.615577889447	-26.615577889447	-26.615577889447	-26.615577889447	-26.615577889447	-26.615577889447	-26.615577889447	-26.615577889447	-26.615577889447	-26.615577889447	-26.615577889447	-26.615577889447	-26.615577889447	-26.615577889447	-26.615577889447	-26.615577889447	-26.615577889447	-26.615577889447	-26.615577889447	-26.615577889447	-26.615577889447	-26.615577889447	-26.615577889447	-26.615577889447	-26.615577889447	-26.615577889447	-26.615577889447	-26.615577889447	-26.615577889447	-26.615577889447	-26.615577889447	-26.615577889447	-26.615577889447	-26.615577889447	-26.615577889447	-26.615577889447	-26.615577889447	-26.615577889447	-26.615577889447	-26.615577889447	-26.615577889447	-26.615577889447	-26.615577889447	-26.615577889447
-26.118090452261	-26.118090452261	-26.118090452261	-26.118090452261	-26.118090452261	-26.118090452261	-26.118090452261	-26.118090452261	-26.118090452261	-26.118090452261	-26.118090452261	-26.118090452261	-26.118090452261	-26.118090452261	-26.118090452261	-26.118090452261	-26.118090452261	-26.118090452261	-26.118090452261	-26.118090452261	-26.118090452261	-26.118090452261	-26.118090452261	-26.118090452261	-26.118090452261	-26.118090452261	-26.118090452261	-26.118090452261	-26.118090452261	-26.118090452261	-26.118090452261	-26.118090452261	-26.118090452261	-26.118090452261	-26.118090452261	-26.118090452261	-26.118090452261	-26.118090452261	-26.118090452261	-26.118090452261	-26.118090452261	-26.118090452261	-26.118090452261	-26.118090452261	-26.118090452261	-26.118090452261	-26.118090452261	-26.118090452261	-26.118090452261	-26.118090452261	-26.118090452261	-26.118090452261	-26.118090452261	-26.118090452261	-26.118090452261	-26.118090452261	-26.118090452261	-26.118090452261	-26.118090452261	-26.118090452261	-26.118090452261	-26.118090452261	-26.118090452261	-26.118090452261	-26.118090452261	-26.118090452261	-26.118090452261	-26.118090452261	-26.118090452261	-26.118090452261	-26.118090452261	-26.118090452261	-26.118090452261	-26.118090452261	-26.118090452261	-26.118090452261	-26.118090452261	-26.118090452261	-26.118090452261	-26.118090452261	-26.118090452261	-26.118090452261	-26.118090452261	-26.118090452261	-26.118090452261	-26.118090452261	-26.118090452261	-26.118090452261	-26.118090452261	-26.118090452261	-26.118090452261	-26.118090452261	-26.118090452261	-26.118090452261	-26.118090452261	-26.118090452261	-26.118090452261	-26.118090452261	-26.118090452261	-26.118090452261	-26.118090452261	-26.118090452261	-26.118090452261	-26.118090452261	-26.118090452261	-26.118090452261	-26.118090452261	-26.118090452261	-26.118090452261	-26.118090452261	-26.118090452261	-26.118090452261	-26.118090452261	-26.118090452261	-26.118090452261	-26.118090452261	-26.118090452261	-26.118090452261	-26.118090452261	-26.118090452261	-26.118090452261	-26.118090452261	-26.118090452261	-26.118090452261	-26.118090452261	-26.118090452261	-26.118090452261	-26.118090452261	-26.118090452261	-26.118090452261	-26.118090452261	-26.118090452261	-26.118090452261	-26.118090452261	-26.118090452261	-26.118090452261	-26.118090452261	-26.118090452261	-26.118090452261	-26.118090452261	-26.118090452261	-26.118090452261	-26.118090452261	-26.118090452261	-26.118090452261	-26.118090452261	-26.118090452261	-26.118090452261	-26.118090452261	-26.118090452261	-26.118090452261	-26.118090452261	-26.118090452261	-26.118090452261	-26.118090452261	-26.118090452261	-26.118090452261	-26.118090452261	-26.118090452261	-26.118090452261	-26.118090452261	-26.118090452261	-26.118090452261	-26.118090452261	-26.118090452261	-26.118090452261	-26.118090452261	-26.118090452261	-26.118090452261	-26.118090452261	-26.118090452261	-26.118090452261	-26.118090452261	-26.118090452261	-26.118090452261	-26.118090452261	-26.118090452261	-26.118090452261	-26.118090452261	-26.118090452261	-26.118090452261	-26.118090452261	-26.118090452261	-26.118090452261	-26.118090452261	-26.118090452261	-26.118090452261	-26.118090452261	-26.118090452261	-26.118090452261	-26.118090452261	-26.118090452261	-26.118090452261	-26.118090452261	-26.118090452261	-26.118090452261	-26.118090452261	-26.118090452261	-26.118090452261	-26.118090452261
-25.620603015075	-25.620603015075	-25.620603015075	-25.620603015075	-25.620603015075	-25.620603015075	-25.620603015075	-25.620603015075	-25.620603015075	-25.620603015075	-25.620603015075	-25.620603015075	-25.620603015075	-25.620603015075	-25.620603015075	-25.620603015075	-25.620603015075	-25.620603015075	-25.620603015075	-25.620603015075	-25.620603015075	-25.620603015075	-25.620603015075	-25.620603015075	-25.620603015075	-25.620603015075	-25.620603015075	-25.620603015075	-25.620603015075	-25.620603015075	-25.620603015075	-25.620603015075	-25.620603015075	-25.620603015075	-25.620603015075	-25.620603015075	-25.620603015075	-25.620603015075	-25.620603015075	-25.620603015075	-25.620603015075	-25.620603015075	-25.620603015075	-25.620603015075	-25.620603015075	-25.620603015075	-25.620603015075	-25.620603015075	-25.620603015075	-25.620603015075	-25.620603015075	-25.620603015075	-25.620603015075	-25.620603015075	-25.620603015075	-25.620603015075	-25.620603015075	-25.620603015075	-25.620603015075	-25.620603015075	-25.620603015075	-25.620603015075	-25.620603015075	-25.620603015075	-25.620603015075	-25.620603015075	-25.620603015075	-25.620603015075	-25.620603015075	-25.620603015075	-25.620603015075	-25.620603015075	-25.620603015075	-25.620603015075	-25.620603015075	-25.620603015075	-25.620603015075	-25.620603015075	-25.620603015075	-25.620603015075	-25.620603015075	-25.620603015075	-25.620603015075	-25.620603015075	-25.620603015075	-25.620603015075	-25.620603015075	-25.620603015075	-25.620603015075	-25.620603015075	-25.620603015075	-25.620603015075	-25.620603015075	-25.620603015075	-25.620603015075	-25.620603015075	-25.620603015075	-25.620603015075	-25.620603015075	-25.620603015075	-25.620603015075	-25.620603015075	-25.620603015075	-25.620603015075	-25.620603015075	-25.620603015075	-25.620603015075	-25.620603015075	-25.620603015075	-25.620603015075	-25.620603015075	-25.620603015075	-25.620603015075	-25.620603015075	-25.620603015075	-25.620603015075	-25.620603015075	-25.620603015075	-25.620603015075	-25.620603015075	-25.620603015075	-25.620603015075	-25.620603015075	-25.620603015075	-25.620603015075	-25.620603015075	-25.620603015075	-25.620603015075	-25.620603015075	-25.620603015075	-25.620603015075	-25.620603015075	-25.620603015075	-25.620603015075	-25.620603015075	-25.620603015075	-25.620603015075	-25.620603015075	-25.620603015075	-25.620603015075	-25.620603015075	-25.620603015075	-25.620603015075	-25.620603015075	-25.620603015075	-25.620603015075	-25.620603015075	-25.620603015075	-25.620603015075	-25.620603015075	-25.620603015075	-25.620603015075	-25.620603015075	-25.620603015075	-25.620603015075	-25.620603015075	-25.620603015075	-25.620603015075	-25.620603015075	-25.620603015075	-25.620603015075	-25.620603015075	-25.620603015075	-25.620603015075	-25.620603015075	-25.620603015075	-25.620603015075	-25.620603015075	-25.620603015075	-25.620603015075	-25.620603015075	-25.620603015075	-25.620603015075	-25.620603015075	-25.620603015075	-25.620603015075	-25.620603015075	-25.620603015075	-25.620603015075	-25.620603015075	-25.620603015075	-25.620603015075	-25.620603015075	-25.620603015075	-25.620603015075	-25.620603015075	-25.620603015075	-25.620603015075	-25.620603015075	-25.620603015075	-25.620603015075	-25.620603015075	-25.620603015075	-25.620603015075	-25.620603015075	-25.620603015075	-25.620603015075	-25.620603015075	-25.620603015075	-25.620603015075
-25.123115577889	-25.123115577889	-25.123115577889	-25.123115577889	-25.123115577889	-25.123115577889	-25.123115577889	-25.123115577889	-25.123115577889	-25.123115577889	-25.123115577889	-25.123115577889	-25.123115577889	-25.123115577889	-25.123115577889	-25.123115577889	-25.123115577889	-25.123115577889	-25.123115577889	-25.123115577889	-25.123115577889	-25.123115577889	-25.123115577889	-25.123115577889	-25.123115577889	-25.123115577889	-25.123115577889	-25.123115577889	-25.123115577889	-25.123115577889	-25.123115577889	-25.123115577889	-25.123115577889	-25.123115577889	-25.123115577889	-25.123115577889	-25.123115577889	-25.123115577889	-25.123115577889	-25.123115577889	-25.123115577889	-25.123115577889	-25.123115577889	-25.123115577889	-25.123115577889	-25.123115577889	-25.123115577889	-25.123115577889	-25.123115577889	-25.123115577889	-25.123115577889	-25.123115577889	-25.123115577889	-25.123115577889	-25.123115577889	-25.123115577889	-25.123115577889	-25.123115577889	-25.123115577889	-25.123115577889	-25.123115577889	-25.123115577889	-25.123115577889	-25.123115577889	-25.123115577889	-25.123115577889	-25.123115577889	-25.123115577889	-25.123115577889	-25.123115577889	-25.123115577889	-25.123115577889	-25.123115577889	-25.123115577889	-25.123115577889	-25.123115577889	-25.123115577889	-25.123115577889	-25.123115577889	-25.123115577889	-25.123115577889	-25.123115577889	-25.123115577889	-25.123115577889	-25.123115577889	-25.123115577889	-25.123115577889	-25.123115577889	-25.123115577889	-25.123115577889	-25.123115577889	-25.123115577889	-25.123115577889	-25.123115577889	-25.123115577889	-25.123115577889	-25.123115577889	-25.123115577889	-25.123115577889	-25.123115577889	-25.123115577889	-25.123115577889	-25.123115577889	-25.123115577889	-25.123115577889	-25.123115577889	-25.123115577889	-25.123115577889	-25.123115577889	-25.123115577889	-25.123115577889	-25.123115577889	-25.123115577889	-25.123115577889	-25.123115577889	-25.123115577889	-25.123115577889	-25.123115577889	-25.123115577889	-25.123115577889	-25.123115577889	-25.123115577889	-25.123115577889	-25.123115577889	-25.123115577889	-25.123115577889	-25.123115577889	-25.123115577889	-25.123115577889	-25.123115577889	-25.123115577889	-25.123115577889	-25.123115577889	-25.123115577889	-25.123115577889	-25.123115577889	-25.123115577889	-25.123115577889	-25.123115577889	-25.123115577889	-25.123115577889	-25.123115577889	-25.123115577889	-25.123115577889	-25.123115577889	-25.123115577889	-25.123115577889	-25.123115577889	-25.123115577889	-25.123115577889	-25.123115577889	-25.123115577889	-25.123115577889	-25.123115577889	-25.123115577889	-25.123115577889	-25.123115577889	-25.123115577889	-25.123115577889	-25.123115577889	-25.123115577889	-25.123115577889	-25.123115577889	-25.123115577889	-25.123115577889	-25.123115577889	-25.123115577889	-25.123115577889	-25.123115577889	-25.123115577889	-25.123115577889	-25.123115577889	-25.123115577889	-25.123115577889	-25.123115577889	-25.123115577889	-25.123115577889	-25.123115577889	-25.123115577889	-25.123115577889	-25.123115577889	-25.123115577889	-25.123115577889	-25.123115577889	-25.123115577889	-25.123115577889	-25.123115577889	-25.123115577889	-25.123115577889	-25.123115577889	-25.123115577889	-25.123115577889	-25.123115577889	-25.123115577889	-25.123115577889	-25.123115577889	-25.123115577889	-25.123115577889	-25.123115577889	-25.123115577889
-24.625628140704	-24.625628140704	-24.625628140704	-24.625628140704	-24.625628140704	-24.625628140704	-24.625628140704	-24.625628140704	-24.625628140704	-24.625628140704	-24.625628140704	-24.625628140704	-24.625628140704	-24.625628140704	-24.625628140704	-24.625628140704	-24.625628140704	-24.625628140704	-24.625628140704	-24.625628140704	-24.625628140704	-24.625628140704	-24.625628140704	-24.625628140704	-24.625628140704	-24.625628140704	-24.625628140704	-24.625628140704	-24.625628140704	-24.625628140704	-24.625628140704	-24.625628140704	-24.625628140704	-24.625628140704	-24.625628140704	-24.625628140704	-24.625628140704	-24.625628140704	-24.625628140704	-24.625628140704	-24.625628140704	-24.625628140704	-24.625628140704	-24.625628140704	-24.625628140704	-24.625628140704	-24.625628140704	-24.625628140704	-24.625628140704	-24.625628140704	-24.625628140704	-24.625628140704	-24.625628140704	-24.625628140704	-24.625628140704	-24.625628140704	-24.625628140704	-24.625628140704	-24.625628140704	-24.625628140704	-24.625628140704	-24.625628140704	-24.625628140704	-24.625628140704	-24.625628140704	-24.625628140704	-24.625628140704	-24.625628140704	-24.625628140704	-24.625628140704	-24.625628140704	-24.625628140704	-24.625628140704	-24.625628140704	-24.625628140704	-24.625628140704	-24.625628140704	-24.625628140704	-24.625628140704	-24.625628140704	-24.625628140704	-24.625628140704	-24.625628140704	-24.625628140704	-24.625628140704	-24.625628140704	-24.625628140704	-24.625628140704	-24.625628140704	-24.625628140704	-24.625628140704	-24.625628140704	-24.625628140704	-24.625628140704	-24.625628140704	-24.625628140704	-24.625628140704	-24.625628140704	-24.625628140704	-24.625628140704	-24.625628140704	-24.625628140704	-24.625628140704	-24.625628140704	-24.625628140704	-24.625628140704	-24.625628140704	-24.625628140704	-24.625628140704	-24.625628140704	-24.625628140704	-24.625628140704	-24.625628140704	-24.625628140704	-24.625628140704	-24.625628140704	-24.625628140704	-24.625628140704	-24.625628140704	-24.625628140704	-24.625628140704	-24.625628140704	-24.625628140704	-24.625628140704	-24.625628140704	-24.625628140704	-24.625628140704	-24.625628140704	-24.625628140704	-24.625628140704	-24.625628140704	-24.625628140704	-24.625628140704	-24.625628140704	-24.625628140704	-24.625628140704	-24.625628140704	-24.625628140704	-24.625628140704	-24.625628140704	-24.625628140704	-24.625628140704	-24.625628140704	-24.625628140704	-24.625628140704	-24.625628140704	-24.625628140704	-24.625628140704	-24.625628140704	-24.625628140704	-24.625628140704	-24.625628140704	-24.625628140704	-24.625628140704	-24.625628140704	-24.625628140704	-24.625628140704	-24.625628140704	-24.625628140704	-24.625628140704	-24.625628140704	-24.625628140704	-24.625628140704	-24.625628140704	-24.625628140704	-24.625628140704	-24.625628140704	-24.625628140704	-24.625628140704	-24.625628140704	-24.625628140704	-24.625628140704	-24.625628140704	-24.625628140704	-24.625628140704	-24.625628140704	-24.625628140704	-24.625628140704	-24.625628140704	-24.625628140704	-24.625628140704	-24.625628140704	-24.625628140704	-24.625628140704	-24.625628140704	-24.625628140704	-24.625628140704	-24.625628140704	-24.625628140704	-24.625628140704	-24.625628140704	-24.625628140704	-24.625628140704	-24.625628140704	-24.625628140704	-24.625628140704	-24.625628140704	-24.625628140704	-24.625628140704	-24.625628140704
-24.128140703518	-24.128140703518	-24.128140703518	-24.128140703518	-24.128140703518	-24.128140703518	-24.128140703518	-24.128140703518	-24.128140703518	-24.128140703518	-24.128140703518	-24.128140703518	-24.128140703518	-24.128140703518	-24.128140703518	-24.128140703518	-24.128140703518	-24.128140703518	-24.128140703518	-24.128140703518	-24.128140703518	-24.128140703518	-24.128140703518	-24.128140703518	-24.128140703518	-24.128140703518	-24.128140703518	-24.128140703518	-24.128140703518	-24.128140703518	-24.128140703518	-24.128140703518	-24.128140703518	-24.128140703518	-24.128140703518	-24.128140703518	-24.128140703518	-24.128140703518	-24.128140703518	-24.128140703518	-24.128140703518	-24.128140703518	-24.128140703518	-24.128140703518	-24.128140703518	-24.128140703518	-24.128140703518	-24.128140703518	-24.128140703518	-24.128140703518	-24.128140703518	-24.128140703518	-24.128140703518	-24.128140703518	-24.128140703518	-24.128140703518	-24.128140703518	-24.128140703518	-24.128140703518	-24.128140703518	-24.128140703518	-24.128140703518	-24.128140703518	-24.128140703518	-24.128140703518	-24.128140703518	-24.128140703518	-24.128140703518	-24.128140703518	-24.128140703518	-24.128140703518	-24.128140703518	-24.128140703518	-24.128140703518	-24.128140703518	-24.128140703518	-24.128140703518	-24.128140703518	-24.128140703518	-24.128140703518	-24.128140703518	-24.128140703518	-24.128140703518	-24.128140703518	-24.128140703518	-24.128140703518	-24.128140703518	-24.128140703518	-24.128140703518	-24.128140703518	-24.128140703518	-24.128140703518	-24.128140703518	-24.128140703518	-24.128140703518	-24.128140703518	-24.128140703518	-24.128140703518	-24.128140703518	-24.128140703518	-24.128140703518	-24.128140703518	-24.128140703518	-24.128140703518	-24.128140703518	-24.128140703518	-24.128140703518	-24.128140703518	-24.128140703518	-24.128140703518	-24.128140703518	-24.128140703518	-24.128140703518	-24.128140703518	-24.128140703518	-24.128140703518	-24.128140703518	-24.128140703518	-24.128140703518	-24.128140703518	-24.128140703518	-24.128140703518	-24.128140703518	-24.128140703518	-24.128140703518	-24.128140703518	-24.128140703518	-24.128140703518	-24.128140703518	-24.128140703518	-24.128140703518	-24.128140703518	-24.128140703518	-24.128140703518	-24.128140703518	-24.128140703518	-24.128140703518	-24.128140703518	-24.128140703518	-24.128140703518	-24.128140703518	-24.128140703518	-24.128140703518	-24.128140703518	-24.128140703518	-24.128140703518	-24.128140703518	-24.128140703518	-24.128140703518	-24.128140703518	-24.128140703518	-24.128140703518	-24.128140703518	-24.128140703518	-24.128140703518	-24.128140703518	-24.128140703518	-24.128140703518	-24.128140703518	-24.128140703518	-24.128140703518	-24.128140703518	-24.128140703518	-24.128140703518	-24.128140703518	-24.128140703518	-24.128140703518	-24.128140703518	-24.128140703518	-24.128140703518	-24.128140703518	-24.128140703518	-24.128140703518	-24.128140703518	-24.128140703518	-24.128140703518	-24.128140703518	-24.128140703518	-24.128140703518	-24.128140703518	-24.128140703518	-24.128140703518	-24.128140703518	-24.128140703518	-24.128140703518	-24.128140703518	-24.128140703518	-24.128140703518	-24.128140703518	-24.128140703518	-24.128140703518	-24.128140703518	-24.128140703518	-24.128140703518	-24.128140703518	-24.128140703518	-24.128140703518	-24.128140703518	-24.128140703518	-24.128140703518
-23.630653266332	-23.630653266332	-23.630653266332	-23.630653266332	-23.630653266332	-23.630653266332	-23.630653266332	-23.630653266332	-23.630653266332	-23.630653266332	-23.630653266332	-23.630653266332	-23.630653266332	-23.630653266332	-23.630653266332	-23.630653266332	-23.630653266332	-23.630653266332	-23.630653266332	-23.630653266332	-23.630653266332	-23.630653266332	-23.630653266332	-23.630653266332	-23.630653266332	-23.630653266332	-23.630653266332	-23.630653266332	-23.630653266332	-23.630653266332	-23.630653266332	-23.630653266332	-23.630653266332	-23.630653266332	-23.630653266332	-23.630653266332	-23.630653266332	-23.630653266332	-23.630653266332	-23.630653266332	-23.630653266332	-23.630653266332	-23.630653266332	-23.630653266332	-23.630653266332	-23.630653266332	-23.630653266332	-23.630653266332	-23.630653266332	-23.630653266332	-23.630653266332	-23.630653266332	-23.630653266332	-23.630653266332	-23.630653266332	-23.630653266332	-23.630653266332	-23.630653266332	-23.630653266332	-23.630653266332	-23.630653266332	-23.630653266332	-23.630653266332	-23.630653266332	-23.630653266332	-23.630653266332	-23.630653266332	-23.630653266332	-23.630653266332	-23.630653266332	-23.630653266332	-23.630653266332	-23.630653266332	-23.630653266332	-23.630653266332	-23.630653266332	-23.630653266332	-23.630653266332	-23.630653266332	-23.630653266332	-23.630653266332	-23.630653266332	-23.630653266332	-23.630653266332	-23.630653266332	-23.630653266332	-23.630653266332	-23.630653266332	-23.630653266332	-23.630653266332	-23.630653266332	-23.630653266332	-23.630653266332	-23.630653266332	-23.630653266332	-23.630653266332	-23.630653266332	-23.630653266332	-23.630653266332	-23.630653266332	-23.630653266332	-23.630653266332	-23.630653266332	-23.630653266332	-23.630653266332	-23.630653266332	-23.630653266332	-23.630653266332	-23.630653266332	-23.630653266332	-23.630653266332	-23.630653266332	-23.630653266332	-23.630653266332	-23.630653266332	-23.630653266332	-23.630653266332	-23.630653266332	-23.630653266332	-23.630653266332	-23.630653266332	-23.630653266332	-23.630653266332	-23.630653266332	-23.630653266332	-23.630653266332	-23.630653266332	-23.630653266332	-23.630653266332	-23.630653266332	-23.630653266332	-23.630653266332	-23.630653266332	-23.630653266332	-23.630653266332	-23.630653266332	-23.630653266332	-23.630653266332	-23.630653266332	-23.630653266332	-23.630653266332	-23.630653266332	-23.630653266332	-23.630653266332	-23.630653266332	-23.630653266332	-23.630653266332	-23.630653266332	-23.630653266332	-23.630653266332	-23.630653266332	-23.630653266332	-23.630653266332	-23.630653266332	-23.630653266332	-23.630653266332	-23.630653266332	-23.630653266332	-23.630653266332	-23.630653266332	-23.630653266332	-23.630653266332	-23.630653266332	-23.630653266332	-23.630653266332	-23.630653266332	-23.630653266332	-23.630653266332	-23.630653266332	-23.630653266332	-23.630653266332	-23.630653266332	-23.630653266332	-23.630653266332	-23.630653266332	-23.630653266332	-23.630653266332	-23.630653266332	-23.630653266332	-23.630653266332	-23.630653266332	-23.630653266332	-23.630653266332	-23.630653266332	-23.630653266332	-23.630653266332	-23.630653266332	-23.630653266332	-23.630653266332	-23.630653266332	-23.630653266332	-23.630653266332	-23.630653266332	-23.630653266332	-23.630653266332	-23.630653266332	-23.630653266332	-23.630653266332	-23.630653266332	-23.630653266332
-23.133165829146	-23.133165829146	-23.133165829146	-23.133165829146	-23.133165829146	-23.133165829146	-23.133165829146	-23.133165829146	-23.133165829146	-23.133165829146	-23.133165829146	-23.133165829146	-23.133165829146	-23.133165829146	-23.133165829146	-23.133165829146	-23.133165829146	-23.133165829146	-23.133165829146	-23.133165829146	-23.133165829146	-23.133165829146	-23.133165829146	-23.133165829146	-23.133165829146	-23.133165829146	-23.133165829146	-23.133165829146	-23.133165829146	-23.133165829146	-23.133165829146	-23.133165829146	-23.133165829146	-23.133165829146	-23.133165829146	-23.133165829146	-23.133165829146	-23.133165829146	-23.133165829146	-23.133165829146	-23.133165829146	-23.133165829146	-23.133165829146	-23.133165829146	-23.133165829146	-23.133165829146	-23.133165829146	-23.133165829146	-23.133165829146	-23.133165829146	-23.133165829146	-23.133165829146	-23.133165829146	-23.133165829146	-23.133165829146	-23.133165829146	-23.133165829146	-23.133165829146	-23.133165829146	-23.133165829146	-23.133165829146	-23.133165829146	-23.133165829146	-23.133165829146	-23.133165829146	-23.133165829146	-23.133165829146	-23.133165829146	-23.133165829146	-23.133165829146	-23.133165829146	-23.133165829146	-23.133165829146	-23.133165829146	-23.133165829146	-23.133165829146	-23.133165829146	-23.133165829146	-23.133165829146	-23.133165829146	-23.133165829146	-23.133165829146	-23.133165829146	-23.133165829146	-23.133165829146	-23.133165829146	-23.133165829146	-23.133165829146	-23.133165829146	-23.133165829146	-23.133165829146	-23.133165829146	-23.133165829146	-23.133165829146	-23.133165829146	-23.133165829146	-23.133165829146	-23.133165829146	-23.133165829146	-23.133165829146	-23.133165829146	-23.133165829146	-23.133165829146	-23.133165829146	-23.133165829146	-23.133165829146	-23.133165829146	-23.133165829146	-23.133165829146	-23.133165829146	-23.133165829146	-23.133165829146	-23.133165829146	-23.133165829146	-23.133165829146	-23.133165829146	-23.133165829146	-23.133165829146	-23.133165829146	-23.133165829146	-23.133165829146	-23.133165829146	-23.133165829146	-23.133165829146	-23.133165829146	-23.133165829146	-23.133165829146	-23.133165829146	-23.133165829146	-23.133165829146	-23.133165829146	-23.133165829146	-23.133165829146	-23.133165829146	-23.133165829146	-23.133165829146	-23.133165829146	-23.133165829146	-23.133165829146	-23.133165829146	-23.133165829146	-23.133165829146	-23.133165829146	-23.133165829146	-23.133165829146	-23.133165829146	-23.133165829146	-23.133165829146	-23.133165829146	-23.133165829146	-23.133165829146	-23.133165829146	-23.133165829146	-23.133165829146	-23.133165829146	-23.133165829146	-23.133165829146	-23.133165829146	-23.133165829146	-23.133165829146	-23.133165829146	-23.133165829146	-23.133165829146	-23.133165829146	-23.133165829146	-23.133165829146	-23.133165829146	-23.133165829146	-23.133165829146	-23.133165829146	-23.133165829146	-23.133165829146	-23.133165829146	-23.133165829146	-23.133165829146	-23.133165829146	-23.133165829146	-23.133165829146	-23.133165829146	-23.133165829146	-23.133165829146	-23.133165829146	-23.133165829146	-23.133165829146	-23.133165829146	-23.133165829146	-23.133165829146	-23.133165829146	-23.133165829146	-23.133165829146	-23.133165829146	-23.133165829146	-23.133165829146	-23.133165829146	-23.133165829146	-23.133165829146	-23.133165829146	-23.133165829146	-23.133165829146	-23.133165829146
-22.63567839196	-22.63567839196	-22.63567839196	-22.63567839196	-22.63567839196	-22.63567839196	-22.63567839196	-22.63567839196	-22.63567839196	-22.63567839196	-22.63567839196	-22.63567839196	-22.63567839196	-22.63567839196	-22.63567839196	-22.63567839196	-22.63567839196	-22.63567839196	-22.63567839196	-22.63567839196	-22.63567839196	-22.63567839196	-22.63567839196	-22.63567839196	-22.63567839196	-22.63567839196	-22.63567839196	-22.63567839196	-22.63567839196	-22.63567839196	-22.63567839196	-22.63567839196	-22.63567839196	-22.63567839196	-22.63567839196	-22.63567839196	-22.63567839196	-22.63567839196	-22.63567839196	-22.63567839196	-22.63567839196	-22.63567839196	-22.63567839196	-22.63567839196	-22.63567839196	-22.63567839196	-22.63567839196	-22.63567839196	-22.63567839196	-22.63567839196	-22.63567839196	-22.63567839196	-22.63567839196	-22.63567839196	-22.63567839196	-22.63567839196	-22.63567839196	-22.63567839196	-22.63567839196	-22.63567839196	-22.63567839196	-22.63567839196	-22.63567839196	-22.63567839196	-22.63567839196	-22.63567839196	-22.63567839196	-22.63567839196	-22.63567839196	-22.63567839196	-22.63567839196	-22.63567839196	-22.63567839196	-22.63567839196	-22.63567839196	-22.63567839196	-22.63567839196	-22.63567839196	-22.63567839196	-22.63567839196	-22.63567839196	-22.63567839196	-22.63567839196	-22.63567839196	-22.63567839196	-22.63567839196	-22.63567839196	-22.63567839196	-22.63567839196	-22.63567839196	-22.63567839196	-22.63567839196	-22.63567839196	-22.63567839196	-22.63567839196	-22.63567839196	-22.63567839196	-22.63567839196	-22.63567839196	-22.63567839196	-22.63567839196	-22.63567839196	-22.63567839196	-22.63567839196	-22.63567839196	-22.63567839196	-22.63567839196	-22.63567839196	-22.63567839196	-22.63567839196	-22.63567839196	-22.63567839196	-22.63567839196	-22.63567839196	-22.63567839196	-22.63567839196	-22.63567839196	-22.63567839196	-22.63567839196	-22.63567839196	-22.63567839196	-22.63567839196	-22.63567839196	-22.63567839196	-22.63567839196	-22.63567839196	-22.63567839196	-22.63567839196	-22.63567839196	-22.63567839196	-22.63567839196	-22.63567839196	-22.63567839196	-22.63567839196	-22.63567839196	-22.63567839196	-22.63567839196	-22.63567839196	-22.63567839196	-22.63567839196	-22.63567839196	-22.63567839196	-22.63567839196	-22.63567839196	-22.63567839196	-22.63567839196	-22.63567839196	-22.63567839196	-22.63567839196	-22.63567839196	-22.63567839196	-22.63567839196	-22.63567839196	-22.63567839196	-22.63567839196	-22.63567839196	-22.63567839196	-22.63567839196	-22.63567839196	-22.63567839196	-22.63567839196	-22.63567839196	-22.63567839196	-22.63567839196	-22.63567839196	-22.63567839196	-22.63567839196	-22.63567839196	-22.63567839196	-22.63567839196	-22.63567839196	-22.63567839196	-22.63567839196	-22.63567839196	-22.63567839196	-22.63567839196	-22.63567839196	-22.63567839196	-22.63567839196	-22.63567839196	-22.63567839196	-22.63567839196	-22.63567839196	-22.63567839196	-22.63567839196	-22.63567839196	-22.63567839196	-22.63567839196	-22.63567839196	-22.63567839196	-22.63567839196	-22.63567839196	-22.63567839196	-22.63567839196	-22.63567839196	-22.63567839196	-22.63567839196	-22.63567839196	-22.63567839196	-22.63567839196
-22.138190954774	-22.138190954774	-22.138190954774	-22.138190954774	-22.138190954774	-22.138190954774	-22.138190954774	-22.138190954774	-22.138190954774	-22.138190954774	-22.138190954774	-22.138190954774	-22.138190954774	-22.138190954774	-22.138190954774	-22.138190954774	-22.138190954774	-22.138190954774	-22.138190954774	-22.138190954774	-22.138190954774	-22.138190954774	-22.138190954774	-22.138190954774	-22.138190954774	-22.138190954774	-22.138190954774	-22.138190954774	-22.138190954774	-22.138190954774	-22.138190954774	-22.138190954774	-22.138190954774	-22.138190954774	-22.138190954774	-22.138190954774	-22.138190954774	-22.138190954774	-22.138190954774	-22.138190954774	-22.138190954774	-22.138190954774	-22.138190954774	-22.138190954774	-22.138190954774	-22.138190954774	-22.138190954774	-22.138190954774	-22.138190954774	-22.138190954774	-22.138190954774	-22.138190954774	-22.138190954774	-22.138190954774	-22.138190954774	-22.138190954774	-22.138190954774	-22.138190954774	-22.138190954774	-22.138190954774	-22.138190954774	-22.138190954774	-22.138190954774	-22.138190954774	-22.138190954774	-22.138190954774	-22.138190954774	-22.138190954774	-22.138190954774	-22.138190954774	-22.138190954774	-22.138190954774	-22.138190954774	-22.138190954774	-22.138190954774	-22.138190954774	-22.138190954774	-22.138190954774	-22.138190954774	-22.138190954774	-22.138190954774	-22.138190954774	-22.138190954774	-22.138190954774	-22.138190954774	-22.138190954774	-22.138190954774	-22.138190954774	-22.138190954774	-22.138190954774	-22.138190954774	-22.138190954774	-22.138190954774	-22.138190954774	-22.138190954774	-22.138190954774	-22.138190954774	-22.138190954774	-22.138190954774	-22.138190954774	-22.138190954774	-22.138190954774	-22.138190954774	-22.138190954774	-22.138190954774	-22.138190954774	-22.138190954774	-22.138190954774	-22.138190954774	-22.138190954774	-22.138190954774	-22.138190954774	-22.138190954774	-22.138190954774	-22.138190954774	-22.138190954774	-22.138190954774	-22.138190954774	-22.138190954774	-22.138190954774	-22.138190954774	-22.138190954774	-22.138190954774	-22.138190954774	-22.138190954774	-22.138190954774	-22.138190954774	-22.138190954774	-22.138190954774	-22.138190954774	-22.138190954774	-22.138190954774	-22.138190954774	-22.138190954774	-22.138190954774	-22.138190954774	-22.138190954774	-22.138190954774	-22.138190954774	-22.138190954774	-22.138190954774	-22.138190954774	-22.138190954774	-22.138190954774	-22.138190954774	-22.138190954774	-22.138190954774	-22.138190954774	-22.138190954774	-22.138190954774	-22.138190954774	-22.138190954774	-22.138190954774	-22.138190954774	-22.138190954774	-22.138190954774	-22.138190954774	-22.138190954774	-22.138190954774	-22.138190954774	-22.138190954774	-22.138190954774	-22.138190954774	-22.138190954774	-22.138190954774	-22.138190954774	-22.138190954774	-22.138190954774	-22.138190954774	-22.138190954774	-22.138190954774	-22.138190954774	-22.138190954774	-22.138190954774	-22.138190954774	-22.138190954774	-22.138190954774	-22.138190954774	-22.138190954774	-22.138190954774	-22.138190954774	-22.138190954774	-22.138190954774	-22.138190954774	-22.138190954774	-22.138190954774	-22.138190954774	-22.138190954774	-22.138190954774	-22.138190954774	-22.138190954774	-22.138190954774	-22.138190954774	-22.138190954774	-22.138190954774	-22.138190954774	-22.138190954774	-22.138190954774	-22.138190954774	-22.138190954774
-21.640703517588	-21.640703517588	-21.640703517588	-21.640703517588	-21.640703517588	-21.640703517588	-21.640703517588	-21.640703517588	-21.640703517588	-21.640703517588	-21.640703517588	-21.640703517588	-21.640703517588	-21.640703517588	-21.640703517588	-21.640703517588	-21.640703517588	-21.640703517588	-21.640703517588	-21.640703517588	-21.640703517588	-21.640703517588	-21.640703517588	-21.640703517588	-21.640703517588	-21.640703517588	-21.640703517588	-21.640703517588	-21.640703517588	-21.640703517588	-21.640703517588	-21.640703517588	-21.640703517588	-21.640703517588	-21.640703517588	-21.640703517588	-21.640703517588	-21.640703517588	-21.640703517588	-21.640703517588	-21.640703517588	-21.640703517588	-21.640703517588	-21.640703517588	-21.640703517588	-21.640703517588	-21.640703517588	-21.640703517588	-21.640703517588	-21.640703517588	-21.640703517588	-21.640703517588	-21.640703517588	-21.640703517588	-21.640703517588	-21.640703517588	-21.640703517588	-21.640703517588	-21.640703517588	-21.640703517588	-21.640703517588	-21.640703517588	-21.640703517588	-21.640703517588	-21.640703517588	-21.640703517588	-21.640703517588	-21.640703517588	-21.640703517588	-21.640703517588	-21.640703517588	-21.640703517588	-21.640703517588	-21.640703517588	-21.640703517588	-21.640703517588	-21.640703517588	-21.640703517588	-21.640703517588	-21.640703517588	-21.640703517588	-21.640703517588	-21.640703517588	-21.640703517588	-21.640703517588	-21.640703517588	-21.640703517588	-21.640703517588	-21.640703517588	-21.640703517588	-21.640703517588	-21.640703517588	-21.640703517588	-21.640703517588	-21.640703517588	-21.640703517588	-21.640703517588	-21.640703517588	-21.640703517588	-21.640703517588	-21.640703517588	-21.640703517588	-21.640703517588	-21.640703517588	-21.640703517588	-21.640703517588	-21.640703517588	-21.640703517588	-21.640703517588	-21.640703517588	-21.640703517588	-21.640703517588	-21.640703517588	-21.640703517588	-21.640703517588	-21.640703517588	-21.640703517588	-21.640703517588	-21.640703517588	-21.640703517588	-21.640703517588	-21.640703517588	-21.640703517588	-21.640703517588	-21.640703517588	-21.640703517588	-21.640703517588	-21.640703517588	-21.640703517588	-21.640703517588	-21.640703517588	-21.640703517588	-21.640703517588	-21.640703517588	-21.640703517588	-21.640703517588	-21.640703517588	-21.640703517588	-21.640703517588	-21.640703517588	-21.640703517588	-21.640703517588	-21.640703517588	-21.640703517588	-21.640703517588	-21.640703517588	-21.640703517588	-21.640703517588	-21.640703517588	-21.640703517588	-21.640703517588	-21.640703517588	-21.640703517588	-21.640703517588	-21.640703517588	-21.640703517588	-21.640703517588	-21.640703517588	-21.640703517588	-21.640703517588	-21.640703517588	-21.640703517588	-21.640703517588	-21.640703517588	-21.640703517588	-21.640703517588	-21.640703517588	-21.640703517588	-21.640703517588	-21.640703517588	-21.640703517588	-21.640703517588	-21.640703517588	-21.640703517588	-21.640703517588	-21.640703517588	-21.640703517588	-21.640703517588	-21.640703517588	-21.640703517588	-21.640703517588	-21.640703517588	-21.640703517588	-21.640703517588	-21.640703517588	-21.640703517588	-21.640703517588	-21.640703517588	-21.640703517588	-21.640703517588	-21.640703517588	-21.640703517588	-21.640703517588	-21.640703517588	-21.640703517588	-21.640703517588	-21.640703517588	-21.640703517588	-21.640703517588	-21.640703517588
-21.143216080402	-21.143216080402	-21.143216080402	-21.143216080402	-21.143216080402	-21.143216080402	-21.143216080402	-21.143216080402	-21.143216080402	-21.143216080402	-21.143216080402	-21.143216080402	-21.143216080402	-21.143216080402	-21.143216080402	-21.143216080402	-21.143216080402	-21.143216080402	-21.143216080402	-21.143216080402	-21.143216080402	-21.143216080402	-21.143216080402	-21.143216080402	-21.143216080402	-21.143216080402	-21.143216080402	-21.143216080402	-21.143216080402	-21.143216080402	-21.143216080402	-21.143216080402	-21.143216080402	-21.143216080402	-21.143216080402	-21.143216080402	-21.143216080402	-21.143216080402	-21.143216080402	-21.143216080402	-21.143216080402	-21.143216080402	-21.143216080402	-21.143216080402	-21.143216080402	-21.143216080402	-21.143216080402	-21.143216080402	-21.143216080402	-21.143216080402	-21.143216080402	-21.143216080402	-21.143216080402	-21.143216080402	-21.143216080402	-21.143216080402	-21.143216080402	-21.143216080402	-21.143216080402	-21.143216080402	-21.143216080402	-21.143216080402	-21.143216080402	-21.143216080402	-21.143216080402	-21.143216080402	-21.143216080402	-21.143216080402	-21.143216080402	-21.143216080402	-21.143216080402	-21.143216080402	-21.143216080402	-21.143216080402	-21.143216080402	-21.143216080402	-21.143216080402	-21.143216080402	-21.143216080402	-21.143216080402	-21.143216080402	-21.143216080402	-21.143216080402	-21.143216080402	-21.143216080402	-21.143216080402	-21.143216080402	-21.143216080402	-21.143216080402	-21.143216080402	-21.143216080402	-21.143216080402	-21.143216080402	-21.143216080402	-21.143216080402	-21.143216080402	-21.143216080402	-21.143216080402	-21.143216080402	-21.143216080402	-21.143216080402	-21.143216080402	-21.143216080402	-21.143216080402	-21.143216080402	-21.143216080402	-21.143216080402	-21.143216080402	-21.143216080402	-21.143216080402	-21.143216080402	-21.143216080402	-21.143216080402	-21.143216080402	-21.143216080402	-21.143216080402	-21.143216080402	-21.143216080402	-21.143216080402	-21.143216080402	-21.143216080402	-21.143216080402	-21.143216080402	-21.143216080402	-21.143216080402	-21.143216080402	-21.143216080402	-21.143216080402	-21.143216080402	-21.143216080402	-21.143216080402	-21.143216080402	-21.143216080402	-21.143216080402	-21.143216080402	-21.143216080402	-21.143216080402	-21.143216080402	-21.143216080402	-21.143216080402	-21.143216080402	-21.143216080402	-21.143216080402	-21.143216080402	-21.143216080402	-21.143216080402	-21.143216080402	-21.143216080402	-21.143216080402	-21.143216080402	-21.143216080402	-21.143216080402	-21.143216080402	-21.143216080402	-21.143216080402	-21.143216080402	-21.143216080402	-21.143216080402	-21.143216080402	-21.143216080402	-21.143216080402	-21.143216080402	-21.143216080402	-21.143216080402	-21.143216080402	-21.143216080402	-21.143216080402	-21.143216080402	-21.143216080402	-21.143216080402	-21.143216080402	-21.143216080402	-21.143216080402	-21.143216080402	-21.143216080402	-21.143216080402	-21.143216080402	-21.143216080402	-21.143216080402	-21.143216080402	-21.143216080402	-21.143216080402	-21.143216080402	-21.143216080402	-21.143216080402	-21.143216080402	-21.143216080402	-21.143216080402	-21.143216080402	-21.143216080402	-21.143216080402	-21.143216080402	-21.143216080402	-21.143216080402	-21.143216080402	-21.143216080402	-21.143216080402	-21.143216080402	-21.143216080402	-21.143216080402
-20.645728643216	-20.645728643216	-20.645728643216	-20.645728643216	-20.645728643216	-20.645728643216	-20.645728643216	-20.645728643216	-20.645728643216	-20.645728643216	-20.645728643216	-20.645728643216	-20.645728643216	-20.645728643216	-20.645728643216	-20.645728643216	-20.645728643216	-20.645728643216	-20.645728643216	-20.645728643216	-20.645728643216	-20.645728643216	-20.645728643216	-20.645728643216	-20.645728643216	-20.645728643216	-20.645728643216	-20.645728643216	-20.645728643216	-20.645728643216	-20.645728643216	-20.645728643216	-20.645728643216	-20.645728643216	-20.645728643216	-20.645728643216	-20.645728643216	-20.645728643216	-20.645728643216	-20.645728643216	-20.645728643216	-20.645728643216	-20.645728643216	-20.645728643216	-20.645728643216	-20.645728643216	-20.645728643216	-20.645728643216	-20.645728643216	-20.645728643216	-20.645728643216	-20.645728643216	-20.645728643216	-20.645728643216	-20.645728643216	-20.645728643216	-20.645728643216	-20.645728643216	-20.645728643216	-20.645728643216	-20.645728643216	-20.645728643216	-20.645728643216	-20.645728643216	-20.645728643216	-20.645728643216	-20.645728643216	-20.645728643216	-20.645728643216	-20.645728643216	-20.645728643216	-20.645728643216	-20.645728643216	-20.645728643216	-20.645728643216	-20.645728643216	-20.645728643216	-20.645728643216	-20.645728643216	-20.645728643216	-20.645728643216	-20.645728643216	-20.645728643216	-20.645728643216	-20.645728643216	-20.645728643216	-20.645728643216	-20.645728643216	-20.645728643216	-20.645728643216	-20.645728643216	-20.645728643216	-20.645728643216	-20.645728643216	-20.645728643216	-20.645728643216	-20.645728643216	-20.645728643216	-20.645728643216	-20.645728643216	-20.645728643216	-20.645728643216	-20.645728643216	-20.645728643216	-20.645728643216	-20.645728643216	-20.645728643216	-20.645728643216	-20.645728643216	-20.645728643216	-20.645728643216	-20.645728643216	-20.645728643216	-20.645728643216	-20.645728643216	-20.645728643216	-20.645728643216	-20.645728643216	-20.645728643216	-20.645728643216	-20.645728643216	-20.645728643216	-20.645728643216	-20.645728643216	-20.645728643216	-20.645728643216	-20.645728643216	-20.645728643216	-20.645728643216	-20.645728643216	-20.645728643216	-20.645728643216	-20.645728643216	-20.645728643216	-20.645728643216	-20.645728643216	-20.645728643216	-20.645728643216	-20.645728643216	-20.645728643216	-20.645728643216	-20.645728643216	-20.645728643216	-20.645728643216	-20.645728643216	-20.645728643216	-20.645728643216	-20.645728643216	-20.645728643216	-20.645728643216	-20.645728643216	-20.645728643216	-20.645728643216	-20.645728643216	-20.645728643216	-20.645728643216	-20.645728643216	-20.645728643216	-20.645728643216	-20.645728643216	-20.645728643216	-20.645728643216	-20.645728643216	-20.645728643216	-20.645728643216	-20.645728643216	-20.645728643216	-20.645728643216	-20.645728643216	-20.645728643216	-20.645728643216	-20.645728643216	-20.645728643216	-20.645728643216	-20.645728643216	-20.645728643216	-20.645728643216	-20.645728643216	-20.645728643216	-20.645728643216	-20.645728643216	-20.645728643216	-20.645728643216	-20.645728643216	-20.645728643216	-20.645728643216	-20.645728643216	-20.645728643216	-20.645728643216	-20.645728643216	-20.645728643216	-20.645728643216	-20.645728643216	-20.645728643216	-20.645728643216	-20.645728643216	-20.645728643216	-20.645728643216	-20.645728643216	-20.645728643216
-20.14824120603	-20.14824120603	-20.14824120603	-20.14824120603	-20.14824120603	-20.14824120603	-20.14824120603	-20.14824120603	-20.14824120603	-20.14824120603	-20.14824120603	-20.14824120603	-20.14824120603	-20.14824120603	-20.14824120603	-20.14824120603	-20.14824120603	-20.14824120603	-20.14824120603	-20.14824120603	-20.14824120603	-20.14824120603	-20.14824120603	-20.14824120603	-20.14824120603	-20.14824120603	-20.14824120603	-20.14824120603	-20.14824120603	-20.14824120603	-20.14824120603	-20.14824120603	-20.14824120603	-20.14824120603	-20.14824120603	-20.14824120603	-20.14824120603	-20.14824120603	-20.14824120603	-20.14824120603	-20.14824120603	-20.14824120603	-20.14824120603	-20.14824120603	-20.14824120603	-20.14824120603	-20.14824120603	-20.14824120603	-20.14824120603	-20.14824120603	-20.14824120603	-20.14824120603	-20.14824120603	-20.14824120603	-20.14824120603	-20.14824120603	-20.14824120603	-20.14824120603	-20.14824120603	-20.14824120603	-20.14824120603	-20.14824120603	-20.14824120603	-20.14824120603	-20.14824120603	-20.14824120603	-20.14824120603	-20.14824120603	-20.14824120603	-20.14824120603	-20.14824120603	-20.14824120603	-20.14824120603	-20.14824120603	-20.14824120603	-20.14824120603	-20.14824120603	-20.14824120603	-20.14824120603	-20.14824120603	-20.14824120603	-20.14824120603	-20.14824120603	-20.14824120603	-20.14824120603	-20.14824120603	-20.14824120603	-20.14824120603	-20.14824120603	-20.14824120603	-20.14824120603	-20.14824120603	-20.14824120603	-20.14824120603	-20.14824120603	-20.14824120603	-20.14824120603	-20.14824120603	-20.14824120603	-20.14824120603	-20.14824120603	-20.14824120603	-20.14824120603	-20.14824120603	-20.14824120603	-20.14824120603	-20.14824120603	-20.14824120603	-20.14824120603	-20.14824120603	-20.14824120603	-20.14824120603	-20.14824120603	-20.14824120603	-20.14824120603	-20.14824120603	-20.14824120603	-20.14824120603	-20.14824120603	-20.14824120603	-20.14824120603	-20.14824120603	-20.14824120603	-20.14824120603	-20.14824120603	-20.14824120603	-20.14824120603	-20.14824120603	-20.14824120603	-20.14824120603	-20.14824120603	-20.14824120603	-20.14824120603	-20.14824120603	-20.14824120603	-20.14824120603	-20.14824120603	-20.14824120603	-20.14824120603	-20.14824120603	-20.14824120603	-20.14824120603	-20.14824120603	-20.14824120603	-20.14824120603	-20.14824120603	-20.14824120603	-20.14824120603	-20.14824120603	-20.14824120603	-20.14824120603	-20.14824120603	-20.14824120603	-20.14824120603	-20.14824120603	-20.14824120603	-20.14824120603	-20.14824120603	-20.14824120603	-20.14824120603	-20.14824120603	-20.14824120603	-20.14824120603	-20.14824120603	-20.14824120603	-20.14824120603	-20.14824120603	-20.14824120603	-20.14824120603	-20.14824120603	-20.14824120603	-20.14824120603	-20.14824120603	-20.14824120603	-20.14824120603	-20.14824120603	-20.14824120603	-20.14824120603	-20.14824120603	-20.14824120603	-20.14824120603	-20.14824120603	-20.14824120603	-20.14824120603	-20.14824120603	-20.14824120603	-20.14824120603	-20.14824120603	-20.14824120603	-20.14824120603	-20.14824120603	-20.14824120603	-20.14824120603	-20.14824120603	-20.14824120603	-20.14824120603	-20.14824120603	-20.14824120603	-20.14824120603	-20.14824120603
-19.650753768844	-19.650753768844	-19.650753768844	-19.650753768844	-19.650753768844	-19.650753768844	-19.650753768844	-19.650753768844	-19.650753768844	-19.650753768844	-19.650753768844	-19.650753768844	-19.650753768844	-19.650753768844	-19.650753768844	-19.650753768844	-19.650753768844	-19.650753768844	-19.650753768844	-19.650753768844	-19.650753768844	-19.650753768844	-19.650753768844	-19.650753768844	-19.650753768844	-19.650753768844	-19.650753768844	-19.650753768844	-19.650753768844	-19.650753768844	-19.650753768844	-19.650753768844	-19.650753768844	-19.650753768844	-19.650753768844	-19.650753768844	-19.650753768844	-19.650753768844	-19.650753768844	-19.650753768844	-19.650753768844	-19.650753768844	-19.650753768844	-19.650753768844	-19.650753768844	-19.650753768844	-19.650753768844	-19.650753768844	-19.650753768844	-19.650753768844	-19.650753768844	-19.650753768844	-19.650753768844	-19.650753768844	-19.650753768844	-19.650753768844	-19.650753768844	-19.650753768844	-19.650753768844	-19.650753768844	-19.650753768844	-19.650753768844	-19.650753768844	-19.650753768844	-19.650753768844	-19.650753768844	-19.650753768844	-19.650753768844	-19.650753768844	-19.650753768844	-19.650753768844	-19.650753768844	-19.650753768844	-19.650753768844	-19.650753768844	-19.650753768844	-19.650753768844	-19.650753768844	-19.650753768844	-19.650753768844	-19.650753768844	-19.650753768844	-19.650753768844	-19.650753768844	-19.650753768844	-19.650753768844	-19.650753768844	-19.650753768844	-19.650753768844	-19.650753768844	-19.650753768844	-19.650753768844	-19.650753768844	-19.650753768844	-19.650753768844	-19.650753768844	-19.650753768844	-19.650753768844	-19.650753768844	-19.650753768844	-19.650753768844	-19.650753768844	-19.650753768844	-19.650753768844	-19.650753768844	-19.650753768844	-19.650753768844	-19.650753768844	-19.650753768844	-19.650753768844	-19.650753768844	-19.650753768844	-19.650753768844	-19.650753768844	-19.650753768844	-19.650753768844	-19.650753768844	-19.650753768844	-19.650753768844	-19.650753768844	-19.650753768844	-19.650753768844	-19.650753768844	-19.650753768844	-19.650753768844	-19.650753768844	-19.650753768844	-19.650753768844	-19.650753768844	-19.650753768844	-19.650753768844	-19.650753768844	-19.650753768844	-19.650753768844	-19.650753768844	-19.650753768844	-19.650753768844	-19.650753768844	-19.650753768844	-19.650753768844	-19.650753768844	-19.650753768844	-19.650753768844	-19.650753768844	-19.650753768844	-19.650753768844	-19.650753768844	-19.650753768844	-19.650753768844	-19.650753768844	-19.650753768844	-19.650753768844	-19.650753768844	-19.650753768844	-19.650753768844	-19.650753768844	-19.650753768844	-19.650753768844	-19.650753768844	-19.650753768844	-19.650753768844	-19.650753768844	-19.650753768844	-19.650753768844	-19.650753768844	-19.650753768844	-19.650753768844	-19.650753768844	-19.650753768844	-19.650753768844	-19.650753768844	-19.650753768844	-19.650753768844	-19.650753768844	-19.650753768844	-19.650753768844	-19.650753768844	-19.650753768844	-19.650753768844	-19.650753768844	-19.650753768844	-19.650753768844	-19.650753768844	-19.650753768844	-19.650753768844	-19.650753768844	-19.650753768844	-19.650753768844	-19.650753768844	-19.650753768844	-19.650753768844	-19.650753768844	-19.650753768844	-19.650753768844	-19.650753768844	-19.650753768844	-19.650753768844	-19.650753768844	-19.650753768844	-19.650753768844
-19.153266331658	-19.153266331658	-19.153266331658	-19.153266331658	-19.153266331658	-19.153266331658	-19.153266331658	-19.153266331658	-19.153266331658	-19.153266331658	-19.153266331658	-19.153266331658	-19.153266331658	-19.153266331658	-19.153266331658	-19.153266331658	-19.153266331658	-19.153266331658	-19.153266331658	-19.153266331658	-19.153266331658	-19.153266331658	-19.153266331658	-19.153266331658	-19.153266331658	-19.153266331658	-19.153266331658	-19.153266331658	-19.153266331658	-19.153266331658	-19.153266331658	-19.153266331658	-19.153266331658	-19.153266331658	-19.153266331658	-19.153266331658	-19.153266331658	-19.153266331658	-19.153266331658	-19.153266331658	-19.153266331658	-19.153266331658	-19.153266331658	-19.153266331658	-19.153266331658	-19.153266331658	-19.153266331658	-19.153266331658	-19.153266331658	-19.153266331658	-19.153266331658	-19.153266331658	-19.153266331658	-19.153266331658	-19.153266331658	-19.153266331658	-19.153266331658	-19.153266331658	-19.153266331658	-19.153266331658	-19.153266331658	-19.153266331658	-19.153266331658	-19.153266331658	-19.153266331658	-19.153266331658	-19.153266331658	-19.153266331658	-19.153266331658	-19.153266331658	-19.153266331658	-19.153266331658	-19.153266331658	-19.153266331658	-19.153266331658	-19.153266331658	-19.153266331658	-19.153266331658	-19.153266331658	-19.153266331658	-19.153266331658	-19.153266331658	-19.153266331658	-19.153266331658	-19.153266331658	-19.153266331658	-19.153266331658	-19.153266331658	-19.153266331658	-19.153266331658	-19.153266331658	-19.153266331658	-19.153266331658	-19.153266331658	-19.153266331658	-19.153266331658	-19.153266331658	-19.153266331658	-19.153266331658	-19.153266331658	-19.153266331658	-19.153266331658	-19.153266331658	-19.153266331658	-19.153266331658	-19.153266331658	-19.153266331658	-19.153266331658	-19.153266331658	-19.153266331658	-19.153266331658	-19.153266331658	-19.153266331658	-19.153266331658	-19.153266331658	-19.153266331658	-19.153266331658	-19.153266331658	-19.153266331658	-19.153266331658	-19.153266331658	-19.153266331658	-19.153266331658	-19.153266331658	-19.153266331658	-19.153266331658	-19.153266331658	-19.153266331658	-19.153266331658	-19.153266331658	-19.153266331658	-19.153266331658	-19.153266331658	-19.153266331658	-19.153266331658	-19.153266331658	-19.153266331658	-19.153266331658	-19.153266331658	-19.153266331658	-19.153266331658	-19.153266331658	-19.153266331658	-19.153266331658	-19.153266331658	-19.153266331658	-19.153266331658	-19.153266331658	-19.153266331658	-19.153266331658	-19.153266331658	-19.153266331658	-19.153266331658	-19.153266331658	-19.153266331658	-19.153266331658	-19.153266331658	-19.153266331658	-19.153266331658	-19.153266331658	-19.153266331658	-19.153266331658	-19.153266331658	-19.153266331658	-19.153266331658	-19.153266331658	-19.153266331658	-19.153266331658	-19.153266331658	-19.153266331658	-19.153266331658	-19.153266331658	-19.153266331658	-19.153266331658	-19.153266331658	-19.153266331658	-19.153266331658	-19.153266331658	-19.153266331658	-19.153266331658	-19.153266331658	-19.153266331658	-19.153266331658	-19.153266331658	-19.153266331658	-19.153266331658	-19.153266331658	-19.153266331658	-19.153266331658	-19.153266331658	-19.153266331658	-19.153266331658	-19.153266331658	-19.153266331658	-19.153266331658	-19.153266331658	-19.153266331658	-19.153266331658	-19.153266331658	-19.153266331658
-18.655778894472	-18.655778894472	-18.655778894472	-18.655778894472	-18.655778894472	-18.655778894472	-18.655778894472	-18.655778894472	-18.655778894472	-18.655778894472	-18.655778894472	-18.655778894472	-18.655778894472	-18.655778894472	-18.655778894472	-18.655778894472	-18.655778894472	-18.655778894472	-18.655778894472	-18.655778894472	-18.655778894472	-18.655778894472	-18.655778894472	-18.655778894472	-18.655778894472	-18.655778894472	-18.655778894472	-18.655778894472	-18.655778894472	-18.655778894472	-18.655778894472	-18.655778894472	-18.655778894472	-18.655778894472	-18.655778894472	-18.655778894472	-18.655778894472	-18.655778894472	-18.655778894472	-18.655778894472	-18.655778894472	-18.655778894472	-18.655778894472	-18.655778894472	-18.655778894472	-18.655778894472	-18.655778894472	-18.655778894472	-18.655778894472	-18.655778894472	-18.655778894472	-18.655778894472	-18.655778894472	-18.655778894472	-18.655778894472	-18.655778894472	-18.655778894472	-18.655778894472	-18.655778894472	-18.655778894472	-18.655778894472	-18.655778894472	-18.655778894472	-18.655778894472	-18.655778894472	-18.655778894472	-18.655778894472	-18.655778894472	-18.655778894472	-18.655778894472	-18.655778894472	-18.655778894472	-18.655778894472	-18.655778894472	-18.655778894472	-18.655778894472	-18.655778894472	-18.655778894472	-18.655778894472	-18.655778894472	-18.655778894472	-18.655778894472	-18.655778894472	-18.655778894472	-18.655778894472	-18.655778894472	-18.655778894472	-18.655778894472	-18.655778894472	-18.655778894472	-18.655778894472	-18.655778894472	-18.655778894472	-18.655778894472	-18.655778894472	-18.655778894472	-18.655778894472	-18.655778894472	-18.655778894472	-18.655778894472	-18.655778894472	-18.655778894472	-18.655778894472	-18.655778894472	-18.655778894472	-18.655778894472	-18.655778894472	-18.655778894472	-18.655778894472	-18.655778894472	-18.655778894472	-18.655778894472	-18.655778894472	-18.655778894472	-18.655778894472	-18.655778894472	-18.655778894472	-18.655778894472	-18.655778894472	-18.655778894472	-18.655778894472	-18.655778894472	-18.655778894472	-18.655778894472	-18.655778894472	-18.655778894472	-18.655778894472	-18.655778894472	-18.655778894472	-18.655778894472	-18.655778894472	-18.655778894472	-18.655778894472	-18.655778894472	-18.655778894472	-18.655778894472	-18.655778894472	-18.655778894472	-18.655778894472	-18.655778894472	-18.655778894472	-18.655778894472	-18.655778894472	-18.655778894472	-18.655778894472	-18.655778894472	-18.655778894472	-18.655778894472	-18.655778894472	-18.655778894472	-18.655778894472	-18.655778894472	-18.655778894472	-18.655778894472	-18.655778894472	-18.655778894472	-18.655778894472	-18.655778894472	-18.655778894472	-18.655778894472	-18.655778894472	-18.655778894472	-18.655778894472	-18.655778894472	-18.655778894472	-18.655778894472	-18.655778894472	-18.655778894472	-18.655778894472	-18.655778894472	-18.655778894472	-18.655778894472	-18.655778894472	-18.655778894472	-18.655778894472	-18.655778894472	-18.655778894472	-18.655778894472	-18.655778894472	-18.655778894472	-18.655778894472	-18.655778894472	-18.655778894472	-18.655778894472	-18.655778894472	-18.655778894472	-18.655778894472	-18.655778894472	-18.655778894472	-18.655778894472	-18.655778894472	-18.655778894472	-18.655778894472	-18.655778894472	-18.655778894472	-18.655778894472	-18.655778894472	-18.655778894472	-18.655778894472	-18.655778894472
-18.158291457286	-18.158291457286	-18.158291457286	-18.158291457286	-18.158291457286	-18.158291457286	-18.158291457286	-18.158291457286	-18.158291457286	-18.158291457286	-18.158291457286	-18.158291457286	-18.158291457286	-18.158291457286	-18.158291457286	-18.158291457286	-18.158291457286	-18.158291457286	-18.158291457286	-18.158291457286	-18.158291457286	-18.158291457286	-18.158291457286	-18.158291457286	-18.158291457286	-18.158291457286	-18.158291457286	-18.158291457286	-18.158291457286	-18.158291457286	-18.158291457286	-18.158291457286	-18.158291457286	-18.158291457286	-18.158291457286	-18.158291457286	-18.158291457286	-18.158291457286	-18.158291457286	-18.158291457286	-18.158291457286	-18.158291457286	-18.158291457286	-18.158291457286	-18.158291457286	-18.158291457286	-18.158291457286	-18.158291457286	-18.158291457286	-18.158291457286	-18.158291457286	-18.158291457286	-18.158291457286	-18.158291457286	-18.158291457286	-18.158291457286	-18.158291457286	-18.158291457286	-18.158291457286	-18.158291457286	-18.158291457286	-18.158291457286	-18.158291457286	-18.158291457286	-18.158291457286	-18.158291457286	-18.158291457286	-18.158291457286	-18.158291457286	-18.158291457286	-18.158291457286	-18.158291457286	-18.158291457286	-18.158291457286	-18.158291457286	-18.158291457286	-18.158291457286	-18.158291457286	-18.158291457286	-18.158291457286	-18.158291457286	-18.158291457286	-18.158291457286	-18.158291457286	-18.158291457286	-18.158291457286	-18.158291457286	-18.158291457286	-18.158291457286	-18.158291457286	-18.158291457286	-18.158291457286	-18.158291457286	-18.158291457286	-18.158291457286	-18.158291457286	-18.158291457286	-18.158291457286	-18.158291457286	-18.158291457286	-18.158291457286	-18.158291457286	-18.158291457286	-18.158291457286	-18.158291457286	-18.158291457286	-18.158291457286	-18.158291457286	-18.158291457286	-18.158291457286	-18.158291457286	-18.158291457286	-18.158291457286	-18.158291457286	-18.158291457286	-18.158291457286	-18.158291457286	-18.158291457286	-18.158291457286	-18.158291457286	-18.158291457286	-18.158291457286	-18.158291457286	-18.158291457286	-18.158291457286	-18.158291457286	-18.158291457286	-18.158291457286	-18.158291457286	-18.158291457286	-18.158291457286	-18.158291457286	-18.158291457286	-18.158291457286	-18.158291457286	-18.158291457286	-18.158291457286	-18.158291457286	-18.158291457286	-18.158291457286	-18.158291457286	-18.158291457286	-18.158291457286	-18.158291457286	-18.158291457286	-18.158291457286	-18.158291457286	-18.158291457286	-18.158291457286	-18.158291457286	-18.158291457286	-18.158291457286	-18.158291457286	-18.158291457286	-18.158291457286	-18.158291457286	-18.158291457286	-18.158291457286	-18.158291457286	-18.158291457286	-18.158291457286	-18.158291457286	-18.158291457286	-18.158291457286	-18.158291457286	-18.158291457286	-18.158291457286	-18.158291457286	-18.158291457286	-18.158291457286	-18.158291457286	-18.158291457286	-18.158291457286	-18.158291457286	-18.158291457286	-18.158291457286	-18.158291457286	-18.158291457286	-18.158291457286	-18.158291457286	-18.158291457286	-18.158291457286	-18.158291457286	-18.158291457286	-18.158291457286	-18.158291457286	-18.158291457286	-18.158291457286	-18.158291457286	-18.158291457286	-18.158291457286	-18.158291457286	-18.158291457286	-18.158291457286	-18.158291457286	-18.158291457286	-18.158291457286	-18.158291457286	-18.158291457286	-18.158291457286
-17.660804020101	-17.660804020101	-17.660804020101	-17.660804020101	-17.660804020101	-17.660804020101	-17.660804020101	-17.660804020101	-17.660804020101	-17.660804020101	-17.660804020101	-17.660804020101	-17.660804020101	-17.660804020101	-17.660804020101	-17.660804020101	-17.660804020101	-17.660804020101	-17.660804020101	-17.660804020101	-17.660804020101	-17.660804020101	-17.660804020101	-17.660804020101	-17.660804020101	-17.660804020101	-17.660804020101	-17.660804020101	-17.660804020101	-17.660804020101	-17.660804020101	-17.660804020101	-17.660804020101	-17.660804020101	-17.660804020101	-17.660804020101	-17.660804020101	-17.660804020101	-17.660804020101	-17.660804020101	-17.660804020101	-17.660804020101	-17.660804020101	-17.660804020101	-17.660804020101	-17.660804020101	-17.660804020101	-17.660804020101	-17.660804020101	-17.660804020101	-17.660804020101	-17.660804020101	-17.660804020101	-17.660804020101	-17.660804020101	-17.660804020101	-17.660804020101	-17.660804020101	-17.660804020101	-17.660804020101	-17.660804020101	-17.660804020101	-17.660804020101	-17.660804020101	-17.660804020101	-17.660804020101	-17.660804020101	-17.660804020101	-17.660804020101	-17.660804020101	-17.660804020101	-17.660804020101	-17.660804020101	-17.660804020101	-17.660804020101	-17.660804020101	-17.660804020101	-17.660804020101	-17.660804020101	-17.660804020101	-17.660804020101	-17.660804020101	-17.660804020101	-17.660804020101	-17.660804020101	-17.660804020101	-17.660804020101	-17.660804020101	-17.660804020101	-17.660804020101	-17.660804020101	-17.660804020101	-17.660804020101	-17.660804020101	-17.660804020101	-17.660804020101	-17.660804020101	-17.660804020101	-17.660804020101	-17.660804020101	-17.660804020101	-17.660804020101	-17.660804020101	-17.660804020101	-17.660804020101	-17.660804020101	-17.660804020101	-17.660804020101	-17.660804020101	-17.660804020101	-17.660804020101	-17.660804020101	-17.660804020101	-17.660804020101	-17.660804020101	-17.660804020101	-17.660804020101	-17.660804020101	-17.660804020101	-17.660804020101	-17.660804020101	-17.660804020101	-17.660804020101	-17.660804020101	-17.660804020101	-17.660804020101	-17.660804020101	-17.660804020101	-17.660804020101	-17.660804020101	-17.660804020101	-17.660804020101	-17.660804020101	-17.660804020101	-17.660804020101	-17.660804020101	-17.660804020101	-17.660804020101	-17.660804020101	-17.660804020101	-17.660804020101	-17.660804020101	-17.660804020101	-17.660804020101	-17.660804020101	-17.660804020101	-17.660804020101	-17.660804020101	-17.660804020101	-17.660804020101	-17.660804020101	-17.660804020101	-17.660804020101	-17.660804020101	-17.660804020101	-17.660804020101	-17.660804020101	-17.660804020101	-17.660804020101	-17.660804020101	-17.660804020101	-17.660804020101	-17.660804020101	-17.660804020101	-17.660804020101	-17.660804020101	-17.660804020101	-17.660804020101	-17.660804020101	-17.660804020101	-17.660804020101	-17.660804020101	-17.660804020101	-17.660804020101	-17.660804020101	-17.660804020101	-17.660804020101	-17.660804020101	-17.660804020101	-17.660804020101	-17.660804020101	-17.660804020101	-17.660804020101	-17.660804020101	-17.660804020101	-17.660804020101	-17.660804020101	-17.660804020101	-17.660804020101	-17.660804020101	-17.660804020101	-17.660804020101	-17.660804020101	-17.660804020101	-17.660804020101	-17.660804020101	-17.660804020101	-17.660804020101	-17.660804020101	-17.660804020101
-17.163316582915	-17.163316582915	-17.163316582915	-17.163316582915	-17.163316582915	-17.163316582915	-17.163316582915	-17.163316582915	-17.163316582915	-17.163316582915	-17.163316582915	-17.163316582915	-17.163316582915	-17.163316582915	-17.163316582915	-17.163316582915	-17.163316582915	-17.163316582915	-17.163316582915	-17.163316582915	-17.163316582915	-17.163316582915	-17.163316582915	-17.163316582915	-17.163316582915	-17.163316582915	-17.163316582915	-17.163316582915	-17.163316582915	-17.163316582915	-17.163316582915	-17.163316582915	-17.163316582915	-17.163316582915	-17.163316582915	-17.163316582915	-17.163316582915	-17.163316582915	-17.163316582915	-17.163316582915	-17.163316582915	-17.163316582915	-17.163316582915	-17.163316582915	-17.163316582915	-17.163316582915	-17.163316582915	-17.163316582915	-17.163316582915	-17.163316582915	-17.163316582915	-17.163316582915	-17.163316582915	-17.163316582915	-17.163316582915	-17.163316582915	-17.163316582915	-17.163316582915	-17.163316582915	-17.163316582915	-17.163316582915	-17.163316582915	-17.163316582915	-17.163316582915	-17.163316582915	-17.163316582915	-17.163316582915	-17.163316582915	-17.163316582915	-17.163316582915	-17.163316582915	-17.163316582915	-17.163316582915	-17.163316582915	-17.163316582915	-17.163316582915	-17.163316582915	-17.163316582915	-17.163316582915	-17.163316582915	-17.163316582915	-17.163316582915	-17.163316582915	-17.163316582915	-17.163316582915	-17.163316582915	-17.163316582915	-17.163316582915	-17.163316582915	-17.163316582915	-17.163316582915	-17.163316582915	-17.163316582915	-17.163316582915	-17.163316582915	-17.163316582915	-17.163316582915	-17.163316582915	-17.163316582915	-17.163316582915	-17.163316582915	-17.163316582915	-17.163316582915	-17.163316582915	-17.163316582915	-17.163316582915	-17.163316582915	-17.163316582915	-17.163316582915	-17.163316582915	-17.163316582915	-17.163316582915	-17.163316582915	-17.163316582915	-17.163316582915	-17.163316582915	-17.163316582915	-17.163316582915	-17.163316582915	-17.163316582915	-17.163316582915	-17.163316582915	-17.163316582915	-17.163316582915	-17.163316582915	-17.163316582915	-17.163316582915	-17.163316582915	-17.163316582915	-17.163316582915	-17.163316582915	-17.163316582915	-17.163316582915	-17.163316582915	-17.163316582915	-17.163316582915	-17.163316582915	-17.163316582915	-17.163316582915	-17.163316582915	-17.163316582915	-17.163316582915	-17.163316582915	-17.163316582915	-17.163316582915	-17.163316582915	-17.163316582915	-17.163316582915	-17.163316582915	-17.163316582915	-17.163316582915	-17.163316582915	-17.163316582915	-17.163316582915	-17.163316582915	-17.163316582915	-17.163316582915	-17.163316582915	-17.163316582915	-17.163316582915	-17.163316582915	-17.163316582915	-17.163316582915	-17.163316582915	-17.163316582915	-17.163316582915	-17.163316582915	-17.163316582915	-17.163316582915	-17.163316582915	-17.163316582915	-17.163316582915	-17.163316582915	-17.163316582915	-17.163316582915	-17.163316582915	-17.163316582915	-17.163316582915	-17.163316582915	-17.163316582915	-17.163316582915	-17.163316582915	-17.163316582915	-17.163316582915	-17.163316582915	-17.163316582915	-17.163316582915	-17.163316582915	-17.163316582915	-17.163316582915	-17.163316582915	-17.163316582915	-17.163316582915	-17.163316582915	-17.163316582915	-17.163316582915	-17.163316582915	-17.163316582915	-17.163316582915	-17.163316582915
-16.665829145729	-16.665829145729	-16.665829145729	-16.665829145729	-16.665829145729	-16.665829145729	-16.665829145729	-16.665829145729	-16.665829145729	-16.665829145729	-16.665829145729	-16.665829145729	-16.665829145729	-16.665829145729	-16.665829145729	-16.665829145729	-16.665829145729	-16.665829145729	-16.665829145729	-16.665829145729	-16.665829145729	-16.665829145729	-16.665829145729	-16.665829145729	-16.665829145729	-16.665829145729	-16.665829145729	-16.665829145729	-16.665829145729	-16.665829145729	-16.665829145729	-16.665829145729	-16.665829145729	-16.665829145729	-16.665829145729	-16.665829145729	-16.665829145729	-16.665829145729	-16.665829145729	-16.665829145729	-16.665829145729	-16.665829145729	-16.665829145729	-16.665829145729	-16.665829145729	-16.665829145729	-16.665829145729	-16.665829145729	-16.665829145729	-16.665829145729	-16.665829145729	-16.665829145729	-16.665829145729	-16.665829145729	-16.665829145729	-16.665829145729	-16.665829145729	-16.665829145729	-16.665829145729	-16.665829145729	-16.665829145729	-16.665829145729	-16.665829145729	-16.665829145729	-16.665829145729	-16.665829145729	-16.665829145729	-16.665829145729	-16.665829145729	-16.665829145729	-16.665829145729	-16.665829145729	-16.665829145729	-16.665829145729	-16.665829145729	-16.665829145729	-16.665829145729	-16.665829145729	-16.665829145729	-16.665829145729	-16.665829145729	-16.665829145729	-16.665829145729	-16.665829145729	-16.665829145729	-16.665829145729	-16.665829145729	-16.665829145729	-16.665829145729	-16.665829145729	-16.665829145729	-16.665829145729	-16.665829145729	-16.665829145729	-16.665829145729	-16.665829145729	-16.665829145729	-16.665829145729	-16.665829145729	-16.665829145729	-16.665829145729	-16.665829145729	-16.665829145729	-16.665829145729	-16.665829145729	-16.665829145729	-16.665829145729	-16.665829145729	-16.665829145729	-16.665829145729	-16.665829145729	-16.665829145729	-16.665829145729	-16.665829145729	-16.665829145729	-16.665829145729	-16.665829145729	-16.665829145729	-16.665829145729	-16.665829145729	-16.665829145729	-16.665829145729	-16.665829145729	-16.665829145729	-16.665829145729	-16.665829145729	-16.665829145729	-16.665829145729	-16.665829145729	-16.665829145729	-16.665829145729	-16.665829145729	-16.665829145729	-16.665829145729	-16.665829145729	-16.665829145729	-16.665829145729	-16.665829145729	-16.665829145729	-16.665829145729	-16.665829145729	-16.665829145729	-16.665829145729	-16.665829145729	-16.665829145729	-16.665829145729	-16.665829145729	-16.665829145729	-16.665829145729	-16.665829145729	-16.665829145729	-16.665829145729	-16.665829145729	-16.665829145729	-16.665829145729	-16.665829145729	-16.665829145729	-16.665829145729	-16.665829145729	-16.665829145729	-16.665829145729	-16.665829145729	-16.665829145729	-16.665829145729	-16.665829145729	-16.665829145729	-16.665829145729	-16.665829145729	-16.665829145729	-16.665829145729	-16.665829145729	-16.665829145729	-16.665829145729	-16.665829145729	-16.665829145729	-16.665829145729	-16.665829145729	-16.665829145729	-16.665829145729	-16.665829145729	-16.665829145729	-16.665829145729	-16.665829145729	-16.665829145729	-16.665829145729	-16.665829145729	-16.665829145729	-16.665829145729	-16.665829145729	-16.665829145729	-16.665829145729	-16.665829145729	-16.665829145729	-16.665829145729	-16.665829145729	-16.665829145729	-16.665829145729	-16.665829145729	-16.665829145729	-16.665829145729
-16.168341708543	-16.168341708543	-16.168341708543	-16.168341708543	-16.168341708543	-16.168341708543	-16.168341708543	-16.168341708543	-16.168341708543	-16.168341708543	-16.168341708543	-16.168341708543	-16.168341708543	-16.168341708543	-16.168341708543	-16.168341708543	-16.168341708543	-16.168341708543	-16.168341708543	-16.168341708543	-16.168341708543	-16.168341708543	-16.168341708543	-16.168341708543	-16.168341708543	-16.168341708543	-16.168341708543	-16.168341708543	-16.168341708543	-16.168341708543	-16.168341708543	-16.168341708543	-16.168341708543	-16.168341708543	-16.168341708543	-16.168341708543	-16.168341708543	-16.168341708543	-16.168341708543	-16.168341708543	-16.168341708543	-16.168341708543	-16.168341708543	-16.168341708543	-16.168341708543	-16.168341708543	-16.168341708543	-16.168341708543	-16.168341708543	-16.168341708543	-16.168341708543	-16.168341708543	-16.168341708543	-16.168341708543	-16.168341708543	-16.168341708543	-16.168341708543	-16.168341708543	-16.168341708543	-16.168341708543	-16.168341708543	-16.168341708543	-16.168341708543	-16.168341708543	-16.168341708543	-16.168341708543	-16.168341708543	-16.168341708543	-16.168341708543	-16.168341708543	-16.168341708543	-16.168341708543	-16.168341708543	-16.168341708543	-16.168341708543	-16.168341708543	-16.168341708543	-16.168341708543	-16.168341708543	-16.168341708543	-16.168341708543	-16.168341708543	-16.168341708543	-16.168341708543	-16.168341708543	-16.168341708543	-16.168341708543	-16.168341708543	-16.168341708543	-16.168341708543	-16.168341708543	-16.168341708543	-16.168341708543	-16.168341708543	-16.168341708543	-16.168341708543	-16.168341708543	-16.168341708543	-16.168341708543	-16.168341708543	-16.168341708543	-16.168341708543	-16.168341708543	-16.168341708543	-16.168341708543	-16.168341708543	-16.168341708543	-16.168341708543	-16.168341708543	-16.168341708543	-16.168341708543	-16.168341708543	-16.168341708543	-16.168341708543	-16.168341708543	-16.168341708543	-16.168341708543	-16.168341708543	-16.168341708543	-16.168341708543	-16.168341708543	-16.168341708543	-16.168341708543	-16.168341708543	-16.168341708543	-16.168341708543	-16.168341708543	-16.168341708543	-16.168341708543	-16.168341708543	-16.168341708543	-16.168341708543	-16.168341708543	-16.168341708543	-16.168341708543	-16.168341708543	-16.168341708543	-16.168341708543	-16.168341708543	-16.168341708543	-16.168341708543	-16.168341708543	-16.168341708543	-16.168341708543	-16.168341708543	-16.168341708543	-16.168341708543	-16.168341708543	-16.168341708543	-16.168341708543	-16.168341708543	-16.168341708543	-16.168341708543	-16.168341708543	-16.168341708543	-16.168341708543	-16.168341708543	-16.168341708543	-16.168341708543	-16.168341708543	-16.168341708543	-16.168341708543	-16.168341708543	-16.168341708543	-16.168341708543	-16.168341708543	-16.168341708543	-16.168341708543	-16.168341708543	-16.168341708543	-16.168341708543	-16.168341708543	-16.168341708543	-16.168341708543	-16.168341708543	-16.168341708543	-16.168341708543	-16.168341708543	-16.168341708543	-16.168341708543	-16.168341708543	-16.168341708543	-16.168341708543	-16.168341708543	-16.168341708543	-16.168341708543	-16.168341708543	-16.168341708543	-16.168341708543	-16.168341708543	-16.168341708543	-16.168341708543	-16.168341708543	-16.168341708543	-16.168341708543	-16.168341708543	-16.168341708543	-16.168341708543	-16.168341708543	-16.168341708543
-15.670854271357	-15.670854271357	-15.670854271357	-15.670854271357	-15.670854271357	-15.670854271357	-15.670854271357	-15.670854271357	-15.670854271357	-15.670854271357	-15.670854271357	-15.670854271357	-15.670854271357	-15.670854271357	-15.670854271357	-15.670854271357	-15.670854271357	-15.670854271357	-15.670854271357	-15.670854271357	-15.670854271357	-15.670854271357	-15.670854271357	-15.670854271357	-15.670854271357	-15.670854271357	-15.670854271357	-15.670854271357	-15.670854271357	-15.670854271357	-15.670854271357	-15.670854271357	-15.670854271357	-15.670854271357	-15.670854271357	-15.670854271357	-15.670854271357	-15.670854271357	-15.670854271357	-15.670854271357	-15.670854271357	-15.670854271357	-15.670854271357	-15.670854271357	-15.670854271357	-15.670854271357	-15.670854271357	-15.670854271357	-15.670854271357	-15.670854271357	-15.670854271357	-15.670854271357	-15.670854271357	-15.670854271357	-15.670854271357	-15.670854271357	-15.670854271357	-15.670854271357	-15.670854271357	-15.670854271357	-15.670854271357	-15.670854271357	-15.670854271357	-15.670854271357	-15.670854271357	-15.670854271357	-15.670854271357	-15.670854271357	-15.670854271357	-15.670854271357	-15.670854271357	-15.670854271357	-15.670854271357	-15.670854271357	-15.670854271357	-15.670854271357	-15.670854271357	-15.670854271357	-15.670854271357	-15.670854271357	-15.670854271357	-15.670854271357	-15.670854271357	-15.670854271357	-15.670854271357	-15.670854271357	-15.670854271357	-15.670854271357	-15.670854271357	-15.670854271357	-15.670854271357	-15.670854271357	-15.670854271357	-15.670854271357	-15.670854271357	-15.670854271357	-15.670854271357	-15.670854271357	-15.670854271357	-15.670854271357	-15.670854271357	-15.670854271357	-15.670854271357	-15.670854271357	-15.670854271357	-15.670854271357	-15.670854271357	-15.670854271357	-15.670854271357	-15.670854271357	-15.670854271357	-15.670854271357	-15.670854271357	-15.670854271357	-15.670854271357	-15.670854271357	-15.670854271357	-15.670854271357	-15.670854271357	-15.670854271357	-15.670854271357	-15.670854271357	-15.670854271357	-15.670854271357	-15.670854271357	-15.670854271357	-15.670854271357	-15.670854271357	-15.670854271357	-15.670854271357	-15.670854271357	-15.670854271357	-15.670854271357	-15.670854271357	-15.670854271357	-15.670854271357	-15.670854271357	-15.670854271357	-15.670854271357	-15.670854271357	-15.670854271357	-15.670854271357	-15.670854271357	-15.670854271357	-15.670854271357	-15.670854271357	-15.670854271357	-15.670854271357	-15.670854271357	-15.670854271357	-15.670854271357	-15.670854271357	-15.670854271357	-15.670854271357	-15.670854271357	-15.670854271357	-15.670854271357	-15.670854271357	-15.670854271357	-15.670854271357	-15.670854271357	-15.670854271357	-15.670854271357	-15.670854271357	-15.670854271357	-15.670854271357	-15.670854271357	-15.670854271357	-15.670854271357	-15.670854271357	-15.670854271357	-15.670854271357	-15.670854271357	-15.670854271357	-15.670854271357	-15.670854271357	-15.670854271357	-15.670854271357	-15.670854271357	-15.670854271357	-15.670854271357	-15.670854271357	-15.670854271357	-15.670854271357	-15.670854271357	-15.670854271357	-15.670854271357	-15.670854271357	-15.670854271357	-15.670854271357	-15.670854271357	-15.670854271357	-15.670854271357	-15.670854271357	-15.670854271357	-15.670854271357	-15.670854271357	-15.670854271357	-15.670854271357	-15.670854271357
-15.173366834171	-15.173366834171	-15.173366834171	-15.173366834171	-15.173366834171	-15.173366834171	-15.173366834171	-15.173366834171	-15.173366834171	-15.173366834171	-15.173366834171	-15.173366834171	-15.173366834171	-15.173366834171	-15.173366834171	-15.173366834171	-15.173366834171	-15.173366834171	-15.173366834171	-15.173366834171	-15.173366834171	-15.173366834171	-15.173366834171	-15.173366834171	-15.173366834171	-15.173366834171	-15.173366834171	-15.173366834171	-15.173366834171	-15.173366834171	-15.173366834171	-15.173366834171	-15.173366834171	-15.173366834171	-15.173366834171	-15.173366834171	-15.173366834171	-15.173366834171	-15.173366834171	-15.173366834171	-15.173366834171	-15.173366834171	-15.173366834171	-15.173366834171	-15.173366834171	-15.173366834171	-15.173366834171	-15.173366834171	-15.173366834171	-15.173366834171	-15.173366834171	-15.173366834171	-15.173366834171	-15.173366834171	-15.173366834171	-15.173366834171	-15.173366834171	-15.173366834171	-15.173366834171	-15.173366834171	-15.173366834171	-15.173366834171	-15.173366834171	-15.173366834171	-15.173366834171	-15.173366834171	-15.173366834171	-15.173366834171	-15.173366834171	-15.173366834171	-15.173366834171	-15.173366834171	-15.173366834171	-15.173366834171	-15.173366834171	-15.173366834171	-15.173366834171	-15.173366834171	-15.173366834171	-15.173366834171	-15.173366834171	-15.173366834171	-15.173366834171	-15.173366834171	-15.173366834171	-15.173366834171	-15.173366834171	-15.173366834171	-15.173366834171	-15.173366834171	-15.173366834171	-15.173366834171	-15.173366834171	-15.173366834171	-15.173366834171	-15.173366834171	-15.173366834171	-15.173366834171	-15.173366834171	-15.173366834171	-15.173366834171	-15.173366834171	-15.173366834171	-15.173366834171	-15.173366834171	-15.173366834171	-15.173366834171	-15.173366834171	-15.173366834171	-15.173366834171	-15.173366834171	-15.173366834171	-15.173366834171	-15.173366834171	-15.173366834171	-15.173366834171	-15.173366834171	-15.173366834171	-15.173366834171	-15.173366834171	-15.173366834171	-15.173366834171	-15.173366834171	-15.173366834171	-15.173366834171	-15.173366834171	-15.173366834171	-15.173366834171	-15.173366834171	-15.173366834171	-15.173366834171	-15.173366834171	-15.173366834171	-15.173366834171	-15.173366834171	-15.173366834171	-15.173366834171	-15.173366834171	-15.173366834171	-15.173366834171	-15.173366834171	-15.173366834171	-15.173366834171	-15.173366834171	-15.173366834171	-15.173366834171	-15.173366834171	-15.173366834171	-15.173366834171	-15.173366834171	-15.173366834171	-15.173366834171	-15.173366834171	-15.173366834171	-15.173366834171	-15.173366834171	-15.173366834171	-15.173366834171	-15.173366834171	-15.173366834171	-15.173366834171	-15.173366834171	-15.173366834171	-15.173366834171	-15.173366834171	-15.173366834171	-15.173366834171	-15.173366834171	-15.173366834171	-15.173366834171	-15.173366834171	-15.173366834171	-15.173366834171	-15.173366834171	-15.173366834171	-15.173366834171	-15.173366834171	-15.173366834171	-15.173366834171	-15.173366834171	-15.173366834171	-15.173366834171	-15.173366834171	-15.173366834171	-15.173366834171	-15.173366834171	-15.173366834171	-15.173366834171	-15.173366834171	-15.173366834171	-15.173366834171	-15.173366834171	-15.173366834171	-15.173366834171	-15.173366834171	-15.173366834171	-15.173366834171	-15.173366834171	-15.173366834171	-15.173366834171
-14.675879396985	-14.675879396985	-14.675879396985	-14.675879396985	-14.675879396985	-14.675879396985	-14.675879396985	-14.675879396985	-14.675879396985	-14.675879396985	-14.675879396985	-14.675879396985	-14.675879396985	-14.675879396985	-14.675879396985	-14.675879396985	-14.675879396985	-14.675879396985	-14.675879396985	-14.675879396985	-14.675879396985	-14.675879396985	-14.675879396985	-14.675879396985	-14.675879396985	-14.675879396985	-14.675879396985	-14.675879396985	-14.675879396985	-14.675879396985	-14.675879396985	-14.675879396985	-14.675879396985	-14.675879396985	-14.675879396985	-14.675879396985	-14.675879396985	-14.675879396985	-14.675879396985	-14.675879396985	-14.675879396985	-14.675879396985	-14.675879396985	-14.675879396985	-14.675879396985	-14.675879396985	-14.675879396985	-14.675879396985	-14.675879396985	-14.675879396985	-14.675879396985	-14.675879396985	-14.675879396985	-14.675879396985	-14.675879396985	-14.675879396985	-14.675879396985	-14.675879396985	-14.675879396985	-14.675879396985	-14.675879396985	-14.675879396985	-14.675879396985	-14.675879396985	-14.675879396985	-14.675879396985	-14.675879396985	-14.675879396985	-14.675879396985	-14.675879396985	-14.675879396985	-14.675879396985	-14.675879396985	-14.675879396985	-14.675879396985	-14.675879396985	-14.675879396985	-14.675879396985	-14.675879396985	-14.675879396985	-14.675879396985	-14.675879396985	-14.675879396985	-14.675879396985	-14.675879396985	-14.675879396985	-14.675879396985	-14.675879396985	-14.675879396985	-14.675879396985	-14.675879396985	-14.675879396985	-14.675879396985	-14.675879396985	-14.675879396985	-14.675879396985	-14.675879396985	-14.675879396985	-14.675879396985	-14.675879396985	-14.675879396985	-14.675879396985	-14.675879396985	-14.675879396985	-14.675879396985	-14.675879396985	-14.675879396985	-14.675879396985	-14.675879396985	-14.675879396985	-14.675879396985	-14.675879396985	-14.675879396985	-14.675879396985	-14.675879396985	-14.675879396985	-14.675879396985	-14.675879396985	-14.675879396985	-14.675879396985	-14.675879396985	-14.675879396985	-14.675879396985	-14.675879396985	-14.675879396985	-14.675879396985	-14.675879396985	-14.675879396985	-14.675879396985	-14.675879396985	-14.675879396985	-14.675879396985	-14.675879396985	-14.675879396985	-14.675879396985	-14.675879396985	-14.675879396985	-14.675879396985	-14.675879396985	-14.675879396985	-14.675879396985	-14.675879396985	-14.675879396985	-14.675879396985	-14.675879396985	-14.675879396985	-14.675879396985	-14.675879396985	-14.675879396985	-14.675879396985	-14.675879396985	-14.675879396985	-14.675879396985	-14.675879396985	-14.675879396985	-14.675879396985	-14.675879396985	-14.675879396985	-14.675879396985	-14.675879396985	-14.675879396985	-14.675879396985	-14.675879396985	-14.675879396985	-14.675879396985	-14.675879396985	-14.675879396985	-14.675879396985	-14.675879396985	-14.675879396985	-14.675879396985	-14.675879396985	-14.675879396985	-14.675879396985	-14.675879396985	-14.675879396985	-14.675879396985	-14.675879396985	-14.675879396985	-14.675879396985	-14.675879396985	-14.675879396985	-14.675879396985	-14.675879396985	-14.675879396985	-14.675879396985	-14.675879396985	-14.675879396985	-14.675879396985	-14.675879396985	-14.675879396985	-14.675879396985	-14.675879396985	-14.675879396985	-14.675879396985	-14.675879396985	-14.675879396985	-14.675879396985	-14.675879396985	-14.675879396985
-14.178391959799	-14.178391959799	-14.178391959799	-14.178391959799	-14.178391959799	-14.178391959799	-14.178391959799	-14.178391959799	-14.178391959799	-14.178391959799	-14.178391959799	-14.178391959799	-14.178391959799	-14.178391959799	-14.178391959799	-14.178391959799	-14.178391959799	-14.178391959799	-14.178391959799	-14.178391959799	-14.178391959799	-14.178391959799	-14.178391959799	-14.178391959799	-14.178391959799	-14.178391959799	-14.178391959799	-14.178391959799	-14.178391959799	-14.178391959799	-14.178391959799	-14.178391959799	-14.178391959799	-14.178391959799	-14.178391959799	-14.178391959799	-14.178391959799	-14.178391959799	-14.178391959799	-14.178391959799	-14.178391959799	-14.178391959799	-14.178391959799	-14.178391959799	-14.178391959799	-14.178391959799	-14.178391959799	-14.178391959799	-14.178391959799	-14.178391959799	-14.178391959799	-14.178391959799	-14.178391959799	-14.178391959799	-14.178391959799	-14.178391959799	-14.178391959799	-14.178391959799	-14.178391959799	-14.178391959799	-14.178391959799	-14.178391959799	-14.178391959799	-14.178391959799	-14.178391959799	-14.178391959799	-14.178391959799	-14.178391959799	-14.178391959799	-14.178391959799	-14.178391959799	-14.178391959799	-14.178391959799	-14.178391959799	-14.178391959799	-14.178391959799	-14.178391959799	-14.178391959799	-14.178391959799	-14.178391959799	-14.178391959799	-14.178391959799	-14.178391959799	-14.178391959799	-14.178391959799	-14.178391959799	-14.178391959799	-14.178391959799	-14.178391959799	-14.178391959799	-14.178391959799	-14.178391959799	-14.178391959799	-14.178391959799	-14.178391959799	-14.178391959799	-14.178391959799	-14.178391959799	-14.178391959799	-14.178391959799	-14.178391959799	-14.178391959799	-14.178391959799	-14.178391959799	-14.178391959799	-14.178391959799	-14.178391959799	-14.178391959799	-14.178391959799	-14.178391959799	-14.178391959799	-14.178391959799	-14.178391959799	-14.178391959799	-14.178391959799	-14.178391959799	-14.178391959799	-14.178391959799	-14.178391959799	-14.178391959799	-14.178391959799	-14.178391959799	-14.178391959799	-14.178391959799	-14.178391959799	-14.178391959799	-14.178391959799	-14.178391959799	-14.178391959799	-14.178391959799	-14.178391959799	-14.178391959799	-14.178391959799	-14.178391959799	-14.178391959799	-14.178391959799	-14.178391959799	-14.178391959799	-14.178391959799	-14.178391959799	-14.178391959799	-14.178391959799	-14.178391959799	-14.178391959799	-14.178391959799	-14.178391959799	-14.178391959799	-14.178391959799	-14.178391959799	-14.178391959799	-14.178391959799	-14.178391959799	-14.178391959799	-14.178391959799	-14.178391959799	-14.178391959799	-14.178391959799	-14.178391959799	-14.178391959799	-14.178391959799	-14.178391959799	-14.178391959799	-14.178391959799	-14.178391959799	-14.178391959799	-14.178391959799	-14.178391959799	-14.178391959799	-14.178391959799	-14.178391959799	-14.178391959799	-14.178391959799	-14.178391959799	-14.178391959799	-14.178391959799	-14.178391959799	-14.178391959799	-14.178391959799	-14.178391959799	-14.178391959799	-14.178391959799	-14.178391959799	-14.178391959799	-14.178391959799	-14.178391959799	-14.178391959799	-14.178391959799	-14.178391959799	-14.178391959799	-14.178391959799	-14.178391959799	-14.178391959799	-14.178391959799	-14.178391959799	-14.178391959799	-14.178391959799	-14.178391959799	-14.178391959799	-14.178391959799	-14.178391959799
-13.680904522613	-13.680904522613	-13.680904522613	-13.680904522613	-13.680904522613	-13.680904522613	-13.680904522613	-13.680904522613	-13.680904522613	-13.680904522613	-13.680904522613	-13.680904522613	-13.680904522613	-13.680904522613	-13.680904522613	-13.680904522613	-13.680904522613	-13.680904522613	-13.680904522613	-13.680904522613	-13.680904522613	-13.680904522613	-13.680904522613	-13.680904522613	-13.680904522613	-13.680904522613	-13.680904522613	-13.680904522613	-13.680904522613	-13.680904522613	-13.680904522613	-13.680904522613	-13.680904522613	-13.680904522613	-13.680904522613	-13.680904522613	-13.680904522613	-13.680904522613	-13.680904522613	-13.680904522613	-13.680904522613	-13.680904522613	-13.680904522613	-13.680904522613	-13.680904522613	-13.680904522613	-13.680904522613	-13.680904522613	-13.680904522613	-13.680904522613	-13.680904522613	-13.680904522613	-13.680904522613	-13.680904522613	-13.680904522613	-13.680904522613	-13.680904522613	-13.680904522613	-13.680904522613	-13.680904522613	-13.680904522613	-13.680904522613	-13.680904522613	-13.680904522613	-13.680904522613	-13.680904522613	-13.680904522613	-13.680904522613	-13.680904522613	-13.680904522613	-13.680904522613	-13.680904522613	-13.680904522613	-13.680904522613	-13.680904522613	-13.680904522613	-13.680904522613	-13.680904522613	-13.680904522613	-13.680904522613	-13.680904522613	-13.680904522613	-13.680904522613	-13.680904522613	-13.680904522613	-13.680904522613	-13.680904522613	-13.680904522613	-13.680904522613	-13.680904522613	-13.680904522613	-13.680904522613	-13.680904522613	-13.680904522613	-13.680904522613	-13.680904522613	-13.680904522613	-13.680904522613	-13.680904522613	-13.680904522613	-13.680904522613	-13.680904522613	-13.680904522613	-13.680904522613	-13.680904522613	-13.680904522613	-13.680904522613	-13.680904522613	-13.680904522613	-13.680904522613	-13.680904522613	-13.680904522613	-13.680904522613	-13.680904522613	-13.680904522613	-13.680904522613	-13.680904522613	-13.680904522613	-13.680904522613	-13.680904522613	-13.680904522613	-13.680904522613	-13.680904522613	-13.680904522613	-13.680904522613	-13.680904522613	-13.680904522613	-13.680904522613	-13.680904522613	-13.680904522613	-13.680904522613	-13.680904522613	-13.680904522613	-13.680904522613	-13.680904522613	-13.680904522613	-13.680904522613	-13.680904522613	-13.680904522613	-13.680904522613	-13.680904522613	-13.680904522613	-13.680904522613	-13.680904522613	-13.680904522613	-13.680904522613	-13.680904522613	-13.680904522613	-13.680904522613	-13.680904522613	-13.680904522613	-13.680904522613	-13.680904522613	-13.680904522613	-13.680904522613	-13.680904522613	-13.680904522613	-13.680904522613	-13.680904522613	-13.680904522613	-13.680904522613	-13.680904522613	-13.680904522613	-13.680904522613	-13.680904522613	-13.680904522613	-13.680904522613	-13.680904522613	-13.680904522613	-13.680904522613	-13.680904522613	-13.680904522613	-13.680904522613	-13.680904522613	-13.680904522613	-13.680904522613	-13.680904522613	-13.680904522613	-13.680904522613	-13.680904522613	-13.680904522613	-13.680904522613	-13.680904522613	-13.680904522613	-13.680904522613	-13.680904522613	-13.680904522613	-13.680904522613	-13.680904522613	-13.680904522613	-13.680904522613	-13.680904522613	-13.680904522613	-13.680904522613	-13.680904522613	-13.680904522613	-13.680904522613	-13.680904522613	-13.680904522613	-13.680904522613
-13.183417085427	-13.183417085427	-13.183417085427	-13.183417085427	-13.183417085427	-13.183417085427	-13.183417085427	-13.183417085427	-13.183417085427	-13.183417085427	-13.183417085427	-13.183417085427	-13.183417085427	-13.183417085427	-13.183417085427	-13.183417085427	-13.183417085427	-13.183417085427	-13.183417085427	-13.183417085427	-13.183417085427	-13.183417085427	-13.183417085427	-13.183417085427	-13.183417085427	-13.183417085427	-13.183417085427	-13.183417085427	-13.183417085427	-13.183417085427	-13.183417085427	-13.183417085427	-13.183417085427	-13.183417085427	-13.183417085427	-13.183417085427	-13.183417085427	-13.183417085427	-13.183417085427	-13.183417085427	-13.183417085427	-13.183417085427	-13.183417085427	-13.183417085427	-13.183417085427	-13.183417085427	-13.183417085427	-13.183417085427	-13.183417085427	-13.183417085427	-13.183417085427	-13.183417085427	-13.183417085427	-13.183417085427	-13.183417085427	-13.183417085427	-13.183417085427	-13.183417085427	-13.183417085427	-13.183417085427	-13.183417085427	-13.183417085427	-13.183417085427	-13.183417085427	-13.183417085427	-13.183417085427	-13.183417085427	-13.183417085427	-13.183417085427	-13.183417085427	-13.183417085427	-13.183417085427	-13.183417085427	-13.183417085427	-13.183417085427	-13.183417085427	-13.183417085427	-13.183417085427	-13.183417085427	-13.183417085427	-13.183417085427	-13.183417085427	-13.183417085427	-13.183417085427	-13.183417085427	-13.183417085427	-13.183417085427	-13.183417085427	-13.183417085427	-13.183417085427	-13.183417085427	-13.183417085427	-13.183417085427	-13.183417085427	-13.183417085427	-13.183417085427	-13.183417085427	-13.183417085427	-13.183417085427	-13.183417085427	-13.183417085427	-13.183417085427	-13.183417085427	-13.183417085427	-13.183417085427	-13.183417085427	-13.183417085427	-13.183417085427	-13.183417085427	-13.183417085427	-13.183417085427	-13.183417085427	-13.183417085427	-13.183417085427	-13.183417085427	-13.183417085427	-13.183417085427	-13.183417085427	-13.183417085427	-13.183417085427	-13.183417085427	-13.183417085427	-13.183417085427	-13.183417085427	-13.183417085427	-13.183417085427	-13.183417085427	-13.183417085427	-13.183417085427	-13.183417085427	-13.183417085427	-13.183417085427	-13.183417085427	-13.183417085427	-13.183417085427	-13.183417085427	-13.183417085427	-13.183417085427	-13.183417085427	-13.183417085427	-13.183417085427	-13.183417085427	-13.183417085427	-13.183417085427	-13.183417085427	-13.183417085427	-13.183417085427	-13.183417085427	-13.183417085427	-13.183417085427	-13.183417085427	-13.183417085427	-13.183417085427	-13.183417085427	-13.183417085427	-13.183417085427	-13.183417085427	-13.183417085427	-13.183417085427	-13.183417085427	-13.183417085427	-13.183417085427	-13.183417085427	-13.183417085427	-13.183417085427	-13.183417085427	-13.183417085427	-13.183417085427	-13.183417085427	-13.183417085427	-13.183417085427	-13.183417085427	-13.183417085427	-13.183417085427	-13.183417085427	-13.183417085427	-13.183417085427	-13.183417085427	-13.183417085427	-13.183417085427	-13.183417085427	-13.183417085427	-13.183417085427	-13.183417085427	-13.183417085427	-13.183417085427	-13.183417085427	-13.183417085427	-13.183417085427	-13.183417085427	-13.183417085427	-13.183417085427	-13.183417085427	-13.183417085427	-13.183417085427	-13.183417085427	-13.183417085427	-13.183417085427	-13.183417085427	-13.183417085427
-12.685929648241	-12.685929648241	-12.685929648241	-12.685929648241	-12.685929648241	-12.685929648241	-12.685929648241	-12.685929648241	-12.685929648241	-12.685929648241	-12.685929648241	-12.685929648241	-12.685929648241	-12.685929648241	-12.685929648241	-12.685929648241	-12.685929648241	-12.685929648241	-12.685929648241	-12.685929648241	-12.685929648241	-12.685929648241	-12.685929648241	-12.685929648241	-12.685929648241	-12.685929648241	-12.685929648241	-12.685929648241	-12.685929648241	-12.685929648241	-12.685929648241	-12.685929648241	-12.685929648241	-12.685929648241	-12.685929648241	-12.685929648241	-12.685929648241	-12.685929648241	-12.685929648241	-12.685929648241	-12.685929648241	-12.685929648241	-12.685929648241	-12.685929648241	-12.685929648241	-12.685929648241	-12.685929648241	-12.685929648241	-12.685929648241	-12.685929648241	-12.685929648241	-12.685929648241	-12.685929648241	-12.685929648241	-12.685929648241	-12.685929648241	-12.685929648241	-12.685929648241	-12.685929648241	-12.685929648241	-12.685929648241	-12.685929648241	-12.685929648241	-12.685929648241	-12.685929648241	-12.685929648241	-12.685929648241	-12.685929648241	-12.685929648241	-12.685929648241	-12.685929648241	-12.685929648241	-12.685929648241	-12.685929648241	-12.685929648241	-12.685929648241	-12.685929648241	-12.685929648241	-12.685929648241	-12.685929648241	-12.685929648241	-12.685929648241	-12.685929648241	-12.685929648241	-12.685929648241	-12.685929648241	-12.685929648241	-12.685929648241	-12.685929648241	-12.685929648241	-12.685929648241	-12.685929648241	-12.685929648241	-12.685929648241	-12.685929648241	-12.685929648241	-12.685929648241	-12.685929648241	-12.685929648241	-12.685929648241	-12.685929648241	-12.685929648241	-12.685929648241	-12.685929648241	-12.685929648241	-12.685929648241	-12.685929648241	-12.685929648241	-12.685929648241	-12.685929648241	-12.685929648241	-12.685929648241	-12.685929648241	-12.685929648241	-12.685929648241	-12.685929648241	-12.685929648241	-12.685929648241	-12.685929648241	-12.685929648241	-12.685929648241	-12.685929648241	-12.685929648241	-12.685929648241	-12.685929648241	-12.685929648241	-12.685929648241	-12.685929648241	-12.685929648241	-12.685929648241	-12.685929648241	-12.685929648241	-12.685929648241	-12.685929648241	-12.685929648241	-12.685929648241	-12.685929648241	-12.685929648241	-12.685929648241	-12.685929648241	-12.685929648241	-12.685929648241	-12.685929648241	-12.685929648241	-12.685929648241	-12.685929648241	-12.685929648241	-12.685929648241	-12.685929648241	-12.685929648241	-12.685929648241	-12.685929648241	-12.685929648241	-12.685929648241	-12.685929648241	-12.685929648241	-12.685929648241	-12.685929648241	-12.685929648241	-12.685929648241	-12.685929648241	-12.685929648241	-12.685929648241	-12.685929648241	-12.685929648241	-12.685929648241	-12.685929648241	-12.685929648241	-12.685929648241	-12.685929648241	-12.685929648241	-12.685929648241	-12.685929648241	-12.685929648241	-12.685929648241	-12.685929648241	-12.685929648241	-12.685929648241	-12.685929648241	-12.685929648241	-12.685929648241	-12.685929648241	-12.685929648241	-12.685929648241	-12.685929648241	-12.685929648241	-12.685929648241	-12.685929648241	-12.685929648241	-12.685929648241	-12.685929648241	-12.685929648241	-12.685929648241	-12.685929648241	-12.685929648241	-12.685929648241	-12.685929648241	-12.685929648241	-12.685929648241	-12.685929648241
-12.188442211055	-12.188442211055	-12.188442211055	-12.188442211055	-12.188442211055	-12.188442211055	-12.188442211055	-12.188442211055	-12.188442211055	-12.188442211055	-12.188442211055	-12.188442211055	-12.188442211055	-12.188442211055	-12.188442211055	-12.188442211055	-12.188442211055	-12.188442211055	-12.188442211055	-12.188442211055	-12.188442211055	-12.188442211055	-12.188442211055	-12.188442211055	-12.188442211055	-12.188442211055	-12.188442211055	-12.188442211055	-12.188442211055	-12.188442211055	-12.188442211055	-12.188442211055	-12.188442211055	-12.188442211055	-12.188442211055	-12.188442211055	-12.188442211055	-12.188442211055	-12.188442211055	-12.188442211055	-12.188442211055	-12.188442211055	-12.188442211055	-12.188442211055	-12.188442211055	-12.188442211055	-12.188442211055	-12.188442211055	-12.188442211055	-12.188442211055	-12.188442211055	-12.188442211055	-12.188442211055	-12.188442211055	-12.188442211055	-12.188442211055	-12.188442211055	-12.188442211055	-12.188442211055	-12.188442211055	-12.188442211055	-12.188442211055	-12.188442211055	-12.188442211055	-12.188442211055	-12.188442211055	-12.188442211055	-12.188442211055	-12.188442211055	-12.188442211055	-12.188442211055	-12.188442211055	-12.188442211055	-12.188442211055	-12.188442211055	-12.188442211055	-12.188442211055	-12.188442211055	-12.188442211055	-12.188442211055	-12.188442211055	-12.188442211055	-12.188442211055	-12.188442211055	-12.188442211055	-12.188442211055	-12.188442211055	-12.188442211055	-12.188442211055	-12.188442211055	-12.188442211055	-12.188442211055	-12.188442211055	-12.188442211055	-12.188442211055	-12.188442211055	-12.188442211055	-12.188442211055	-12.188442211055	-12.188442211055	-12.188442211055	-12.188442211055	-12.188442211055	-12.188442211055	-12.188442211055	-12.188442211055	-12.188442211055	-12.188442211055	-12.188442211055	-12.188442211055	-12.188442211055	-12.188442211055	-12.188442211055	-12.188442211055	-12.188442211055	-12.188442211055	-12.188442211055	-12.188442211055	-12.188442211055	-12.188442211055	-12.188442211055	-12.188442211055	-12.188442211055	-12.188442211055	-12.188442211055	-12.188442211055	-12.188442211055	-12.188442211055	-12.188442211055	-12.188442211055	-12.188442211055	-12.188442211055	-12.188442211055	-12.188442211055	-12.188442211055	-12.188442211055	-12.188442211055	-12.188442211055	-12.188442211055	-12.188442211055	-12.188442211055	-12.188442211055	-12.188442211055	-12.188442211055	-12.188442211055	-12.188442211055	-12.188442211055	-12.188442211055	-12.188442211055	-12.188442211055	-12.188442211055	-12.188442211055	-12.188442211055	-12.188442211055	-12.188442211055	-12.188442211055	-12.188442211055	-12.188442211055	-12.188442211055	-12.188442211055	-12.188442211055	-12.188442211055	-12.188442211055	-12.188442211055	-12.188442211055	-12.188442211055	-12.188442211055	-12.188442211055	-12.188442211055	-12.188442211055	-12.188442211055	-12.188442211055	-12.188442211055	-12.188442211055	-12.188442211055	-12.188442211055	-12.188442211055	-12.188442211055	-12.188442211055	-12.188442211055	-12.188442211055	-12.188442211055	-12.188442211055	-12.188442211055	-12.188442211055	-12.188442211055	-12.188442211055	-12.188442211055	-12.188442211055	-12.188442211055	-12.188442211055	-12.188442211055	-12.188442211055	-12.188442211055	-12.188442211055	-12.188442211055	-12.188442211055	-12.188442211055	-12.188442211055	-12.188442211055
-11.690954773869	-11.690954773869	-11.690954773869	-11.690954773869	-11.690954773869	-11.690954773869	-11.690954773869	-11.690954773869	-11.690954773869	-11.690954773869	-11.690954773869	-11.690954773869	-11.690954773869	-11.690954773869	-11.690954773869	-11.690954773869	-11.690954773869	-11.690954773869	-11.690954773869	-11.690954773869	-11.690954773869	-11.690954773869	-11.690954773869	-11.690954773869	-11.690954773869	-11.690954773869	-11.690954773869	-11.690954773869	-11.690954773869	-11.690954773869	-11.690954773869	-11.690954773869	-11.690954773869	-11.690954773869	-11.690954773869	-11.690954773869	-11.690954773869	-11.690954773869	-11.690954773869	-11.690954773869	-11.690954773869	-11.690954773869	-11.690954773869	-11.690954773869	-11.690954773869	-11.690954773869	-11.690954773869	-11.690954773869	-11.690954773869	-11.690954773869	-11.690954773869	-11.690954773869	-11.690954773869	-11.690954773869	-11.690954773869	-11.690954773869	-11.690954773869	-11.690954773869	-11.690954773869	-11.690954773869	-11.690954773869	-11.690954773869	-11.690954773869	-11.690954773869	-11.690954773869	-11.690954773869	-11.690954773869	-11.690954773869	-11.690954773869	-11.690954773869	-11.690954773869	-11.690954773869	-11.690954773869	-11.690954773869	-11.690954773869	-11.690954773869	-11.690954773869	-11.690954773869	-11.690954773869	-11.690954773869	-11.690954773869	-11.690954773869	-11.690954773869	-11.690954773869	-11.690954773869	-11.690954773869	-11.690954773869	-11.690954773869	-11.690954773869	-11.690954773869	-11.690954773869	-11.690954773869	-11.690954773869	-11.690954773869	-11.690954773869	-11.690954773869	-11.690954773869	-11.690954773869	-11.690954773869	-11.690954773869	-11.690954773869	-11.690954773869	-11.690954773869	-11.690954773869	-11.690954773869	-11.690954773869	-11.690954773869	-11.690954773869	-11.690954773869	-11.690954773869	-11.690954773869	-11.690954773869	-11.690954773869	-11.690954773869	-11.690954773869	-11.690954773869	-11.690954773869	-11.690954773869	-11.690954773869	-11.690954773869	-11.690954773869	-11.690954773869	-11.690954773869	-11.690954773869	-11.690954773869	-11.690954773869	-11.690954773869	-11.690954773869	-11.690954773869	-11.690954773869	-11.690954773869	-11.690954773869	-11.690954773869	-11.690954773869	-11.690954773869	-11.690954773869	-11.690954773869	-11.690954773869	-11.690954773869	-11.690954773869	-11.690954773869	-11.690954773869	-11.690954773869	-11.690954773869	-11.690954773869	-11.690954773869	-11.690954773869	-11.690954773869	-11.690954773869	-11.690954773869	-11.690954773869	-11.690954773869	-11.690954773869	-11.690954773869	-11.690954773869	-11.690954773869	-11.690954773869	-11.690954773869	-11.690954773869	-11.690954773869	-11.690954773869	-11.690954773869	-11.690954773869	-11.690954773869	-11.690954773869	-11.690954773869	-11.690954773869	-11.690954773869	-11.690954773869	-11.690954773869	-11.690954773869	-11.690954773869	-11.690954773869	-11.690954773869	-11.690954773869	-11.690954773869	-11.690954773869	-11.690954773869	-11.690954773869	-11.690954773869	-11.690954773869	-11.690954773869	-11.690954773869	-11.690954773869	-11.690954773869	-11.690954773869	-11.690954773869	-11.690954773869	-11.690954773869	-11.690954773869	-11.690954773869	-11.690954773869	-11.690954773869	-11.690954773869	-11.690954773869	-11.690954773869	-11.690954773869	-11.690954773869	-11.690954773869	-11.690954773869
-11.193467336683	-11.193467336683	-11.193467336683	-11.193467336683	-11.193467336683	-11.193467336683	-11.193467336683	-11.193467336683	-11.193467336683	-11.193467336683	-11.193467336683	-11.193467336683	-11.193467336683	-11.193467336683	-11.193467336683	-11.193467336683	-11.193467336683	-11.193467336683	-11.193467336683	-11.193467336683	-11.193467336683	-11.193467336683	-11.193467336683	-11.193467336683	-11.193467336683	-11.193467336683	-11.193467336683	-11.193467336683	-11.193467336683	-11.193467336683	-11.193467336683	-11.193467336683	-11.193467336683	-11.193467336683	-11.193467336683	-11.193467336683	-11.193467336683	-11.193467336683	-11.193467336683	-11.193467336683	-11.193467336683	-11.193467336683	-11.193467336683	-11.193467336683	-11.193467336683	-11.193467336683	-11.193467336683	-11.193467336683	-11.193467336683	-11.193467336683	-11.193467336683	-11.193467336683	-11.193467336683	-11.193467336683	-11.193467336683	-11.193467336683	-11.193467336683	-11.193467336683	-11.193467336683	-11.193467336683	-11.193467336683	-11.193467336683	-11.193467336683	-11.193467336683	-11.193467336683	-11.193467336683	-11.193467336683	-11.193467336683	-11.193467336683	-11.193467336683	-11.193467336683	-11.193467336683	-11.193467336683	-11.193467336683	-11.193467336683	-11.193467336683	-11.193467336683	-11.193467336683	-11.193467336683	-11.193467336683	-11.193467336683	-11.193467336683	-11.193467336683	-11.193467336683	-11.193467336683	-11.193467336683	-11.193467336683	-11.193467336683	-11.193467336683	-11.193467336683	-11.193467336683	-11.193467336683	-11.193467336683	-11.193467336683	-11.193467336683	-11.193467336683	-11.193467336683	-11.193467336683	-11.193467336683	-11.193467336683	-11.193467336683	-11.193467336683	-11.193467336683	-11.193467336683	-11.193467336683	-11.193467336683	-11.193467336683	-11.193467336683	-11.193467336683	-11.193467336683	-11.193467336683	-11.193467336683	-11.193467336683	-11.193467336683	-11.193467336683	-11.193467336683	-11.193467336683	-11.193467336683	-11.193467336683	-11.193467336683	-11.193467336683	-11.193467336683	-11.193467336683	-11.193467336683	-11.193467336683	-11.193467336683	-11.193467336683	-11.193467336683	-11.193467336683	-11.193467336683	-11.193467336683	-11.193467336683	-11.193467336683	-11.193467336683	-11.193467336683	-11.193467336683	-11.193467336683	-11.193467336683	-11.193467336683	-11.193467336683	-11.193467336683	-11.193467336683	-11.193467336683	-11.193467336683	-11.193467336683	-11.193467336683	-11.193467336683	-11.193467336683	-11.193467336683	-11.193467336683	-11.193467336683	-11.193467336683	-11.193467336683	-11.193467336683	-11.193467336683	-11.193467336683	-11.193467336683	-11.193467336683	-11.193467336683	-11.193467336683	-11.193467336683	-11.193467336683	-11.193467336683	-11.193467336683	-11.193467336683	-11.193467336683	-11.193467336683	-11.193467336683	-11.193467336683	-11.193467336683	-11.193467336683	-11.193467336683	-11.193467336683	-11.193467336683	-11.193467336683	-11.193467336683	-11.193467336683	-11.193467336683	-11.193467336683	-11.193467336683	-11.193467336683	-11.193467336683	-11.193467336683	-11.193467336683	-11.193467336683	-11.193467336683	-11.193467336683	-11.193467336683	-11.193467336683	-11.193467336683	-11.193467336683	-11.193467336683	-11.193467336683	-11.193467336683	-11.193467336683	-11.193467336683	-11.193467336683	-11.193467336683	-11.193467336683	-11.193467336683
-10.695979899497	-10.695979899497	-10.695979899497	-10.695979899497	-10.695979899497	-10.695979899497	-10.695979899497	-10.695979899497	-10.695979899497	-10.695979899497	-10.695979899497	-10.695979899497	-10.695979899497	-10.695979899497	-10.695979899497	-10.695979899497	-10.695979899497	-10.695979899497	-10.695979899497	-10.695979899497	-10.695979899497	-10.695979899497	-10.695979899497	-10.695979899497	-10.695979899497	-10.695979899497	-10.695979899497	-10.695979899497	-10.695979899497	-10.695979899497	-10.695979899497	-10.695979899497	-10.695979899497	-10.695979899497	-10.695979899497	-10.695979899497	-10.695979899497	-10.695979899497	-10.695979899497	-10.695979899497	-10.695979899497	-10.695979899497	-10.695979899497	-10.695979899497	-10.695979899497	-10.695979899497	-10.695979899497	-10.695979899497	-10.695979899497	-10.695979899497	-10.695979899497	-10.695979899497	-10.695979899497	-10.695979899497	-10.695979899497	-10.695979899497	-10.695979899497	-10.695979899497	-10.695979899497	-10.695979899497	-10.695979899497	-10.695979899497	-10.695979899497	-10.695979899497	-10.695979899497	-10.695979899497	-10.695979899497	-10.695979899497	-10.695979899497	-10.695979899497	-10.695979899497	-10.695979899497	-10.695979899497	-10.695979899497	-10.695979899497	-10.695979899497	-10.695979899497	-10.695979899497	-10.695979899497	-10.695979899497	-10.695979899497	-10.695979899497	-10.695979899497	-10.695979899497	-10.695979899497	-10.695979899497	-10.695979899497	-10.695979899497	-10.695979899497	-10.695979899497	-10.695979899497	-10.695979899497	-10.695979899497	-10.695979899497	-10.695979899497	-10.695979899497	-10.695979899497	-10.695979899497	-10.695979899497	-10.695979899497	-10.695979899497	-10.695979899497	-10.695979899497	-10.695979899497	-10.695979899497	-10.695979899497	-10.695979899497	-10.695979899497	-10.695979899497	-10.695979899497	-10.695979899497	-10.695979899497	-10.695979899497	-10.695979899497	-10.695979899497	-10.695979899497	-10.695979899497	-10.695979899497	-10.695979899497	-10.695979899497	-10.695979899497	-10.695979899497	-10.695979899497	-10.695979899497	-10.695979899497	-10.695979899497	-10.695979899497	-10.695979899497	-10.695979899497	-10.695979899497	-10.695979899497	-10.695979899497	-10.695979899497	-10.695979899497	-10.695979899497	-10.695979899497	-10.695979899497	-10.695979899497	-10.695979899497	-10.695979899497	-10.695979899497	-10.695979899497	-10.695979899497	-10.695979899497	-10.695979899497	-10.695979899497	-10.695979899497	-10.695979899497	-10.695979899497	-10.695979899497	-10.695979899497	-10.695979899497	-10.695979899497	-10.695979899497	-10.695979899497	-10.695979899497	-10.695979899497	-10.695979899497	-10.695979899497	-10.695979899497	-10.695979899497	-10.695979899497	-10.695979899497	-10.695979899497	-10.695979899497	-10.695979899497	-10.695979899497	-10.695979899497	-10.695979899497	-10.695979899497	-10.695979899497	-10.695979899497	-10.695979899497	-10.695979899497	-10.695979899497	-10.695979899497	-10.695979899497	-10.695979899497	-10.695979899497	-10.695979899497	-10.695979899497	-10.695979899497	-10.695979899497	-10.695979899497	-10.695979899497	-10.695979899497	-10.695979899497	-10.695979899497	-10.695979899497	-10.695979899497	-10.695979899497	-10.695979899497	-10.695979899497	-10.695979899497	-10.695979899497	-10.695979899497	-10.695979899497	-10.695979899497	-10.695979899497	-10.695979899497
-10.198492462312	-10.198492462312	-10.198492462312	-10.198492462312	-10.198492462312	-10.198492462312	-10.198492462312	-10.198492462312	-10.198492462312	-10.198492462312	-10.198492462312	-10.198492462312	-10.198492462312	-10.198492462312	-10.198492462312	-10.198492462312	-10.198492462312	-10.198492462312	-10.198492462312	-10.198492462312	-10.198492462312	-10.198492462312	-10.198492462312	-10.198492462312	-10.198492462312	-10.198492462312	-10.198492462312	-10.198492462312	-10.198492462312	-10.198492462312	-10.198492462312	-10.198492462312	-10.198492462312	-10.198492462312	-10.198492462312	-10.198492462312	-10.198492462312	-10.198492462312	-10.198492462312	-10.198492462312	-10.198492462312	-10.198492462312	-10.198492462312	-10.198492462312	-10.198492462312	-10.198492462312	-10.198492462312	-10.198492462312	-10.198492462312	-10.198492462312	-10.198492462312	-10.198492462312	-10.198492462312	-10.198492462312	-10.198492462312	-10.198492462312	-10.198492462312	-10.198492462312	-10.198492462312	-10.198492462312	-10.198492462312	-10.198492462312	-10.198492462312	-10.198492462312	-10.198492462312	-10.198492462312	-10.198492462312	-10.198492462312	-10.198492462312	-10.198492462312	-10.198492462312	-10.198492462312	-10.198492462312	-10.198492462312	-10.198492462312	-10.198492462312	-10.198492462312	-10.198492462312	-10.198492462312	-10.198492462312	-10.198492462312	-10.198492462312	-10.198492462312	-10.198492462312	-10.198492462312	-10.198492462312	-10.198492462312	-10.198492462312	-10.198492462312	-10.198492462312	-10.198492462312	-10.198492462312	-10.198492462312	-10.198492462312	-10.198492462312	-10.198492462312	-10.198492462312	-10.198492462312	-10.198492462312	-10.198492462312	-10.198492462312	-10.198492462312	-10.198492462312	-10.198492462312	-10.198492462312	-10.198492462312	-10.198492462312	-10.198492462312	-10.198492462312	-10.198492462312	-10.198492462312	-10.198492462312	-10.198492462312	-10.198492462312	-10.198492462312	-10.198492462312	-10.198492462312	-10.198492462312	-10.198492462312	-10.198492462312	-10.198492462312	-10.198492462312	-10.198492462312	-10.198492462312	-10.198492462312	-10.198492462312	-10.198492462312	-10.198492462312	-10.198492462312	-10.198492462312	-10.198492462312	-10.198492462312	-10.198492462312	-10.198492462312	-10.198492462312	-10.198492462312	-10.198492462312	-10.198492462312	-10.198492462312	-10.198492462312	-10.198492462312	-10.198492462312	-10.198492462312	-10.198492462312	-10.198492462312	-10.198492462312	-10.198492462312	-10.198492462312	-10.198492462312	-10.198492462312	-10.198492462312	-10.198492462312	-10.198492462312	-10.198492462312	-10.198492462312	-10.198492462312	-10.198492462312	-10.198492462312	-10.198492462312	-10.198492462312	-10.198492462312	-10.198492462312	-10.198492462312	-10.198492462312	-10.198492462312	-10.198492462312	-10.198492462312	-10.198492462312	-10.198492462312	-10.198492462312	-10.198492462312	-10.198492462312	-10.198492462312	-10.198492462312	-10.198492462312	-10.198492462312	-10.198492462312	-10.198492462312	-10.198492462312	-10.198492462312	-10.198492462312	-10.198492462312	-10.198492462312	-10.198492462312	-10.198492462312	-10.198492462312	-10.198492462312	-10.198492462312	-10.198492462312	-10.198492462312	-10.198492462312	-10.198492462312	-10.198492462312	-10.198492462312	-10.198492462312	-10.198492462312	-10.198492462312	-10.198492462312	-10.198492462312	-10.198492462312
-9.7010050251256	-9.7010050251256	-9.7010050251256	-9.7010050251256	-9.7010050251256	-9.7010050251256	-9.7010050251256	-9.7010050251256	-9.7010050251256	-9.7010050251256	-9.7010050251256	-9.7010050251256	-9.7010050251256	-9.7010050251256	-9.7010050251256	-9.7010050251256	-9.7010050251256	-9.7010050251256	-9.7010050251256	-9.7010050251256	-9.7010050251256	-9.7010050251256	-9.7010050251256	-9.7010050251256	-9.7010050251256	-9.7010050251256	-9.7010050251256	-9.7010050251256	-9.7010050251256	-9.7010050251256	-9.7010050251256	-9.7010050251256	-9.7010050251256	-9.7010050251256	-9.7010050251256	-9.7010050251256	-9.7010050251256	-9.7010050251256	-9.7010050251256	-9.7010050251256	-9.7010050251256	-9.7010050251256	-9.7010050251256	-9.7010050251256	-9.7010050251256	-9.7010050251256	-9.7010050251256	-9.7010050251256	-9.7010050251256	-9.7010050251256	-9.7010050251256	-9.7010050251256	-9.7010050251256	-9.7010050251256	-9.7010050251256	-9.7010050251256	-9.7010050251256	-9.7010050251256	-9.7010050251256	-9.7010050251256	-9.7010050251256	-9.7010050251256	-9.7010050251256	-9.7010050251256	-9.7010050251256	-9.7010050251256	-9.7010050251256	-9.7010050251256	-9.7010050251256	-9.7010050251256	-9.7010050251256	-9.7010050251256	-9.7010050251256	-9.7010050251256	-9.7010050251256	-9.7010050251256	-9.7010050251256	-9.7010050251256	-9.7010050251256	-9.7010050251256	-9.7010050251256	-9.7010050251256	-9.7010050251256	-9.7010050251256	-9.7010050251256	-9.7010050251256	-9.7010050251256	-9.7010050251256	-9.7010050251256	-9.7010050251256	-9.7010050251256	-9.7010050251256	-9.7010050251256	-9.7010050251256	-9.7010050251256	-9.7010050251256	-9.7010050251256	-9.7010050251256	-9.7010050251256	-9.7010050251256	-9.7010050251256	-9.7010050251256	-9.7010050251256	-9.7010050251256	-9.7010050251256	-9.7010050251256	-9.7010050251256	-9.7010050251256	-9.7010050251256	-9.7010050251256	-9.7010050251256	-9.7010050251256	-9.7010050251256	-9.7010050251256	-9.7010050251256	-9.7010050251256	-9.7010050251256	-9.7010050251256	-9.7010050251256	-9.7010050251256	-9.7010050251256	-9.7010050251256	-9.7010050251256	-9.7010050251256	-9.7010050251256	-9.7010050251256	-9.7010050251256	-9.7010050251256	-9.7010050251256	-9.7010050251256	-9.7010050251256	-9.7010050251256	-9.7010050251256	-9.7010050251256	-9.7010050251256	-9.7010050251256	-9.7010050251256	-9.7010050251256	-9.7010050251256	-9.7010050251256	-9.7010050251256	-9.7010050251256	-9.7010050251256	-9.7010050251256	-9.7010050251256	-9.7010050251256	-9.7010050251256	-9.7010050251256	-9.7010050251256	-9.7010050251256	-9.7010050251256	-9.7010050251256	-9.7010050251256	-9.7010050251256	-9.7010050251256	-9.7010050251256	-9.7010050251256	-9.7010050251256	-9.7010050251256	-9.7010050251256	-9.7010050251256	-9.7010050251256	-9.7010050251256	-9.7010050251256	-9.7010050251256	-9.7010050251256	-9.7010050251256	-9.7010050251256	-9.7010050251256	-9.7010050251256	-9.7010050251256	-9.7010050251256	-9.7010050251256	-9.7010050251256	-9.7010050251256	-9.7010050251256	-9.7010050251256	-9.7010050251256	-9.7010050251256	-9.7010050251256	-9.7010050251256	-9.7010050251256	-9.7010050251256	-9.7010050251256	-9.7010050251256	-9.7010050251256	-9.7010050251256	-9.7010050251256	-9.7010050251256	-9.7010050251256	-9.7010050251256	-9.7010050251256	-9.7010050251256	-9.7010050251256	-9.7010050251256	-9.7010050251256	-9.7010050251256	-9.7010050251256	-9.7010050251256	-9.7010050251256
-9.2035175879397	-9.2035175879397	-9.2035175879397	-9.2035175879397	-9.2035175879397	-9.2035175879397	-9.2035175879397	-9.2035175879397	-9.2035175879397	-9.2035175879397	-9.2035175879397	-9.2035175879397	-9.2035175879397	-9.2035175879397	-9.2035175879397	-9.2035175879397	-9.2035175879397	-9.2035175879397	-9.2035175879397	-9.2035175879397	-9.2035175879397	-9.2035175879397	-9.2035175879397	-9.2035175879397	-9.2035175879397	-9.2035175879397	-9.2035175879397	-9.2035175879397	-9.2035175879397	-9.2035175879397	-9.2035175879397	-9.2035175879397	-9.2035175879397	-9.2035175879397	-9.2035175879397	-9.2035175879397	-9.2035175879397	-9.2035175879397	-9.2035175879397	-9.2035175879397	-9.2035175879397	-9.2035175879397	-9.2035175879397	-9.2035175879397	-9.2035175879397	-9.2035175879397	-9.2035175879397	-9.2035175879397	-9.2035175879397	-9.2035175879397	-9.2035175879397	-9.2035175879397	-9.2035175879397	-9.2035175879397	-9.2035175879397	-9.2035175879397	-9.2035175879397	-9.2035175879397	-9.2035175879397	-9.2035175879397	-9.2035175879397	-9.2035175879397	-9.2035175879397	-9.2035175879397	-9.2035175879397	-9.2035175879397	-9.2035175879397	-9.2035175879397	-9.2035175879397	-9.2035175879397	-9.2035175879397	-9.2035175879397	-9.2035175879397	-9.2035175879397	-9.2035175879397	-9.2035175879397	-9.2035175879397	-9.2035175879397	-9.2035175879397	-9.2035175879397	-9.2035175879397	-9.2035175879397	-9.2035175879397	-9.2035175879397	-9.2035175879397	-9.2035175879397	-9.2035175879397	-9.2035175879397	-9.2035175879397	-9.2035175879397	-9.2035175879397	-9.2035175879397	-9.2035175879397	-9.2035175879397	-9.2035175879397	-9.2035175879397	-9.2035175879397	-9.2035175879397	-9.2035175879397	-9.2035175879397	-9.2035175879397	-9.2035175879397	-9.2035175879397	-9.2035175879397	-9.2035175879397	-9.2035175879397	-9.2035175879397	-9.2035175879397	-9.2035175879397	-9.2035175879397	-9.2035175879397	-9.2035175879397	-9.2035175879397	-9.2035175879397	-9.2035175879397	-9.2035175879397	-9.2035175879397	-9.2035175879397	-9.2035175879397	-9.2035175879397	-9.2035175879397	-9.2035175879397	-9.2035175879397	-9.2035175879397	-9.2035175879397	-9.2035175879397	-9.2035175879397	-9.2035175879397	-9.2035175879397	-9.2035175879397	-9.2035175879397	-9.2035175879397	-9.2035175879397	-9.2035175879397	-9.2035175879397	-9.2035175879397	-9.2035175879397	-9.2035175879397	-9.2035175879397	-9.2035175879397	-9.2035175879397	-9.2035175879397	-9.2035175879397	-9.2035175879397	-9.2035175879397	-9.2035175879397	-9.2035175879397	-9.2035175879397	-9.2035175879397	-9.2035175879397	-9.2035175879397	-9.2035175879397	-9.2035175879397	-9.2035175879397	-9.2035175879397	-9.2035175879397	-9.2035175879397	-9.2035175879397	-9.2035175879397	-9.2035175879397	-9.2035175879397	-9.2035175879397	-9.2035175879397	-9.2035175879397	-9.2035175879397	-9.2035175879397	-9.2035175879397	-9.2035175879397	-9.2035175879397	-9.2035175879397	-9.2035175879397	-9.2035175879397	-9.2035175879397	-9.2035175879397	-9.2035175879397	-9.2035175879397	-9.2035175879397	-9.2035175879397	-9.2035175879397	-9.2035175879397	-9.2035175879397	-9.2035175879397	-9.2035175879397	-9.2035175879397	-9.2035175879397	-9.2035175879397	-9.2035175879397	-9.2035175879397	-9.2035175879397	-9.2035175879397	-9.2035175879397	-9.2035175879397	-9.2035175879397	-9.2035175879397	-9.2035175879397	-9.2035175879397	-9.2035175879397	-9.2035175879397	-9.2035175879397	-9.2035175879397
-8.7060301507538	-8.7060301507538	-8.7060301507538	-8.7060301507538	-8.7060301507538	-8.7060301507538	-8.7060301507538	-8.7060301507538	-8.7060301507538	-8.7060301507538	-8.7060301507538	-8.7060301507538	-8.7060301507538	-8.7060301507538	-8.7060301507538	-8.7060301507538	-8.7060301507538	-8.7060301507538	-8.7060301507538	-8.7060301507538	-8.7060301507538	-8.7060301507538	-8.7060301507538	-8.7060301507538	-8.7060301507538	-8.7060301507538	-8.7060301507538	-8.7060301507538	-8.7060301507538	-8.7060301507538	-8.7060301507538	-8.7060301507538	-8.7060301507538	-8.7060301507538	-8.7060301507538	-8.7060301507538	-8.7060301507538	-8.7060301507538	-8.7060301507538	-8.7060301507538	-8.7060301507538	-8.7060301507538	-8.7060301507538	-8.7060301507538	-8.7060301507538	-8.7060301507538	-8.7060301507538	-8.7060301507538	-8.7060301507538	-8.7060301507538	-8.7060301507538	-8.7060301507538	-8.7060301507538	-8.7060301507538	-8.7060301507538	-8.7060301507538	-8.7060301507538	-8.7060301507538	-8.7060301507538	-8.7060301507538	-8.7060301507538	-8.7060301507538	-8.7060301507538	-8.7060301507538	-8.7060301507538	-8.7060301507538	-8.7060301507538	-8.7060301507538	-8.7060301507538	-8.7060301507538	-8.7060301507538	-8.7060301507538	-8.7060301507538	-8.7060301507538	-8.7060301507538	-8.7060301507538	-8.7060301507538	-8.7060301507538	-8.7060301507538	-8.7060301507538	-8.7060301507538	-8.7060301507538	-8.7060301507538	-8.7060301507538	-8.7060301507538	-8.7060301507538	-8.7060301507538	-8.7060301507538	-8.7060301507538	-8.7060301507538	-8.7060301507538	-8.7060301507538	-8.7060301507538	-8.7060301507538	-8.7060301507538	-8.7060301507538	-8.7060301507538	-8.7060301507538	-8.7060301507538	-8.7060301507538	-8.7060301507538	-8.7060301507538	-8.7060301507538	-8.7060301507538	-8.7060301507538	-8.7060301507538	-8.7060301507538	-8.7060301507538	-8.7060301507538	-8.7060301507538	-8.7060301507538	-8.7060301507538	-8.7060301507538	-8.7060301507538	-8.7060301507538	-8.7060301507538	-8.7060301507538	-8.7060301507538	-8.7060301507538	-8.7060301507538	-8.7060301507538	-8.7060301507538	-8.7060301507538	-8.7060301507538	-8.7060301507538	-8.7060301507538	-8.7060301507538	-8.7060301507538	-8.7060301507538	-8.7060301507538	-8.7060301507538	-8.7060301507538	-8.7060301507538	-8.7060301507538	-8.7060301507538	-8.7060301507538	-8.7060301507538	-8.7060301507538	-8.7060301507538	-8.7060301507538	-8.7060301507538	-8.7060301507538	-8.7060301507538	-8.7060301507538	-8.7060301507538	-8.7060301507538	-8.7060301507538	-8.7060301507538	-8.7060301507538	-8.7060301507538	-8.7060301507538	-8.7060301507538	-8.7060301507538	-8.7060301507538	-8.7060301507538	-8.7060301507538	-8.7060301507538	-8.7060301507538	-8.7060301507538	-8.7060301507538	-8.7060301507538	-8.7060301507538	-8.7060301507538	-8.7060301507538	-8.7060301507538	-8.7060301507538	-8.7060301507538	-8.7060301507538	-8.7060301507538	-8.7060301507538	-8.7060301507538	-8.7060301507538	-8.7060301507538	-8.7060301507538	-8.7060301507538	-8.7060301507538	-8.7060301507538	-8.7060301507538	-8.7060301507538	-8.7060301507538	-8.7060301507538	-8.7060301507538	-8.7060301507538	-8.7060301507538	-8.7060301507538	-8.7060301507538	-8.7060301507538	-8.7060301507538	-8.7060301507538	-8.7060301507538	-8.7060301507538	-8.7060301507538	-8.7060301507538	-8.7060301507538	-8.7060301507538	-8.7060301507538	-8.7060301507538	-8.7060301507538	-8.7060301507538	-8.7060301507538
-8.2085427135678	-8.2085427135678	-8.2085427135678	-8.2085427135678	-8.2085427135678	-8.2085427135678	-8.2085427135678	-8.2085427135678	-8.2085427135678	-8.2085427135678	-8.2085427135678	-8.2085427135678	-8.2085427135678	-8.2085427135678	-8.2085427135678	-8.2085427135678	-8.2085427135678	-8.2085427135678	-8.2085427135678	-8.2085427135678	-8.2085427135678	-8.2085427135678	-8.2085427135678	-8.2085427135678	-8.2085427135678	-8.2085427135678	-8.2085427135678	-8.2085427135678	-8.2085427135678	-8.2085427135678	-8.2085427135678	-8.2085427135678	-8.2085427135678	-8.2085427135678	-8.2085427135678	-8.2085427135678	-8.2085427135678	-8.2085427135678	-8.2085427135678	-8.2085427135678	-8.2085427135678	-8.2085427135678	-8.2085427135678	-8.2085427135678	-8.2085427135678	-8.2085427135678	-8.2085427135678	-8.2085427135678	-8.2085427135678	-8.2085427135678	-8.2085427135678	-8.2085427135678	-8.2085427135678	-8.2085427135678	-8.2085427135678	-8.2085427135678	-8.2085427135678	-8.2085427135678	-8.2085427135678	-8.2085427135678	-8.2085427135678	-8.2085427135678	-8.2085427135678	-8.2085427135678	-8.2085427135678	-8.2085427135678	-8.2085427135678	-8.2085427135678	-8.2085427135678	-8.2085427135678	-8.2085427135678	-8.2085427135678	-8.2085427135678	-8.2085427135678	-8.2085427135678	-8.2085427135678	-8.2085427135678	-8.2085427135678	-8.2085427135678	-8.2085427135678	-8.2085427135678	-8.2085427135678	-8.2085427135678	-8.2085427135678	-8.2085427135678	-8.2085427135678	-8.2085427135678	-8.2085427135678	-8.2085427135678	-8.2085427135678	-8.2085427135678	-8.2085427135678	-8.2085427135678	-8.2085427135678	-8.2085427135678	-8.2085427135678	-8.2085427135678	-8.2085427135678	-8.2085427135678	-8.2085427135678	-8.2085427135678	-8.2085427135678	-8.2085427135678	-8.2085427135678	-8.2085427135678	-8.2085427135678	-8.2085427135678	-8.2085427135678	-8.2085427135678	-8.2085427135678	-8.2085427135678	-8.2085427135678	-8.2085427135678	-8.2085427135678	-8.2085427135678	-8.2085427135678	-8.2085427135678	-8.2085427135678	-8.2085427135678	-8.2085427135678	-8.2085427135678	-8.2085427135678	-8.2085427135678	-8.2085427135678	-8.2085427135678	-8.2085427135678	-8.2085427135678	-8.2085427135678	-8.2085427135678	-8.2085427135678	-8.2085427135678	-8.2085427135678	-8.2085427135678	-8.2085427135678	-8.2085427135678	-8.2085427135678	-8.2085427135678	-8.2085427135678	-8.2085427135678	-8.2085427135678	-8.2085427135678	-8.2085427135678	-8.2085427135678	-8.2085427135678	-8.2085427135678	-8.2085427135678	-8.2085427135678	-8.2085427135678	-8.2085427135678	-8.2085427135678	-8.2085427135678	-8.2085427135678	-8.2085427135678	-8.2085427135678	-8.2085427135678	-8.2085427135678	-8.2085427135678	-8.2085427135678	-8.2085427135678	-8.2085427135678	-8.2085427135678	-8.2085427135678	-8.2085427135678	-8.2085427135678	-8.2085427135678	-8.2085427135678	-8.2085427135678	-8.2085427135678	-8.2085427135678	-8.2085427135678	-8.2085427135678	-8.2085427135678	-8.2085427135678	-8.2085427135678	-8.2085427135678	-8.2085427135678	-8.2085427135678	-8.2085427135678	-8.2085427135678	-8.2085427135678	-8.2085427135678	-8.2085427135678	-8.2085427135678	-8.2085427135678	-8.2085427135678	-8.2085427135678	-8.2085427135678	-8.2085427135678	-8.2085427135678	-8.2085427135678	-8.2085427135678	-8.2085427135678	-8.2085427135678	-8.2085427135678	-8.2085427135678	-8.2085427135678	-8.2085427135678	-8.2085427135678	-8.2085427135678	-8.2085427135678
-7.7110552763819	-7.7110552763819	-7.7110552763819	-7.7110552763819	-7.7110552763819	-7.7110552763819	-7.7110552763819	-7.7110552763819	-7.7110552763819	-7.7110552763819	-7.7110552763819	-7.7110552763819	-7.7110552763819	-7.7110552763819	-7.7110552763819	-7.7110552763819	-7.7110552763819	-7.7110552763819	-7.7110552763819	-7.7110552763819	-7.7110552763819	-7.7110552763819	-7.7110552763819	-7.7110552763819	-7.7110552763819	-7.7110552763819	-7.7110552763819	-7.7110552763819	-7.7110552763819	-7.7110552763819	-7.7110552763819	-7.7110552763819	-7.7110552763819	-7.7110552763819	-7.7110552763819	-7.7110552763819	-7.7110552763819	-7.7110552763819	-7.7110552763819	-7.7110552763819	-7.7110552763819	-7.7110552763819	-7.7110552763819	-7.7110552763819	-7.7110552763819	-7.7110552763819	-7.7110552763819	-7.7110552763819	-7.7110552763819	-7.7110552763819	-7.7110552763819	-7.7110552763819	-7.7110552763819	-7.7110552763819	-7.7110552763819	-7.7110552763819	-7.7110552763819	-7.7110552763819	-7.7110552763819	-7.7110552763819	-7.7110552763819	-7.7110552763819	-7.7110552763819	-7.7110552763819	-7.7110552763819	-7.7110552763819	-7.7110552763819	-7.7110552763819	-7.7110552763819	-7.7110552763819	-7.7110552763819	-7.7110552763819	-7.7110552763819	-7.7110552763819	-7.7110552763819	-7.7110552763819	-7.7110552763819	-7.7110552763819	-7.7110552763819	-7.7110552763819	-7.7110552763819	-7.7110552763819	-7.7110552763819	-7.7110552763819	-7.7110552763819	-7.7110552763819	-7.7110552763819	-7.7110552763819	-7.7110552763819	-7.7110552763819	-7.7110552763819	-7.7110552763819	-7.7110552763819	-7.7110552763819	-7.7110552763819	-7.7110552763819	-7.7110552763819	-7.7110552763819	-7.7110552763819	-7.7110552763819	-7.7110552763819	-7.7110552763819	-7.7110552763819	-7.7110552763819	-7.7110552763819	-7.7110552763819	-7.7110552763819	-7.7110552763819	-7.7110552763819	-7.7110552763819	-7.7110552763819	-7.7110552763819	-7.7110552763819	-7.7110552763819	-7.7110552763819	-7.7110552763819	-7.7110552763819	-7.7110552763819	-7.7110552763819	-7.7110552763819	-7.7110552763819	-7.7110552763819	-7.7110552763819	-7.7110552763819	-7.7110552763819	-7.7110552763819	-7.7110552763819	-7.7110552763819	-7.7110552763819	-7.7110552763819	-7.7110552763819	-7.7110552763819	-7.7110552763819	-7.7110552763819	-7.7110552763819	-7.7110552763819	-7.7110552763819	-7.7110552763819	-7.7110552763819	-7.7110552763819	-7.7110552763819	-7.7110552763819	-7.7110552763819	-7.7110552763819	-7.7110552763819	-7.7110552763819	-7.7110552763819	-7.7110552763819	-7.7110552763819	-7.7110552763819	-7.7110552763819	-7.7110552763819	-7.7110552763819	-7.7110552763819	-7.7110552763819	-7.7110552763819	-7.7110552763819	-7.7110552763819	-7.7110552763819	-7.7110552763819	-7.7110552763819	-7.7110552763819	-7.7110552763819	-7.7110552763819	-7.7110552763819	-7.7110552763819	-7.7110552763819	-7.7110552763819	-7.7110552763819	-7.7110552763819	-7.7110552763819	-7.7110552763819	-7.7110552763819	-7.7110552763819	-7.7110552763819	-7.7110552763819	-7.7110552763819	-7.7110552763819	-7.7110552763819	-7.7110552763819	-7.7110552763819	-7.7110552763819	-7.7110552763819	-7.7110552763819	-7.7110552763819	-7.7110552763819	-7.7110552763819	-7.7110552763819	-7.7110552763819	-7.7110552763819	-7.7110552763819	-7.7110552763819	-7.7110552763819	-7.7110552763819	-7.7110552763819	-7.7110552763819	-7.7110552763819	-7.7110552763819	-7.7110552763819	-7.7110552763819
-7.213567839196	-7.213567839196	-7.213567839196	-7.213567839196	-7.213567839196	-7.213567839196	-7.213567839196	-7.213567839196	-7.213567839196	-7.213567839196	-7.213567839196	-7.213567839196	-7.213567839196	-7.213567839196	-7.213567839196	-7.213567839196	-7.213567839196	-7.213567839196	-7.213567839196	-7.213567839196	-7.213567839196	-7.213567839196	-7.213567839196	-7.213567839196	-7.213567839196	-7.213567839196	-7.213567839196	-7.213567839196	-7.213567839196	-7.213567839196	-7.213567839196	-7.213567839196	-7.213567839196	-7.213567839196	-7.213567839196	-7.213567839196	-7.213567839196	-7.213567839196	-7.213567839196	-7.213567839196	-7.213567839196	-7.213567839196	-7.213567839196	-7.213567839196	-7.213567839196	-7.213567839196	-7.213567839196	-7.213567839196	-7.213567839196	-7.213567839196	-7.213567839196	-7.213567839196	-7.213567839196	-7.213567839196	-7.213567839196	-7.213567839196	-7.213567839196	-7.213567839196	-7.213567839196	-7.213567839196	-7.213567839196	-7.213567839196	-7.213567839196	-7.213567839196	-7.213567839196	-7.213567839196	-7.213567839196	-7.213567839196	-7.213567839196	-7.213567839196	-7.213567839196	-7.213567839196	-7.213567839196	-7.213567839196	-7.213567839196	-7.213567839196	-7.213567839196	-7.213567839196	-7.213567839196	-7.213567839196	-7.213567839196	-7.213567839196	-7.213567839196	-7.213567839196	-7.213567839196	-7.213567839196	-7.213567839196	-7.213567839196	-7.213567839196	-7.213567839196	-7.213567839196	-7.213567839196	-7.213567839196	-7.213567839196	-7.213567839196	-7.213567839196	-7.213567839196	-7.213567839196	-7.213567839196	-7.213567839196	-7.213567839196	-7.213567839196	-7.213567839196	-7.213567839196	-7.213567839196	-7.213567839196	-7.213567839196	-7.213567839196	-7.213567839196	-7.213567839196	-7.213567839196	-7.213567839196	-7.213567839196	-7.213567839196	-7.213567839196	-7.213567839196	-7.213567839196	-7.213567839196	-7.213567839196	-7.213567839196	-7.213567839196	-7.213567839196	-7.213567839196	-7.213567839196	-7.213567839196	-7.213567839196	-7.213567839196	-7.213567839196	-7.213567839196	-7.213567839196	-7.213567839196	-7.213567839196	-7.213567839196	-7.213567839196	-7.213567839196	-7.213567839196	-7.213567839196	-7.213567839196	-7.213567839196	-7.213567839196	-7.213567839196	-7.213567839196	-7.213567839196	-7.213567839196	-7.213567839196	-7.213567839196	-7.213567839196	-7.213567839196	-7.213567839196	-7.213567839196	-7.213567839196	-7.213567839196	-7.213567839196	-7.213567839196	-7.213567839196	-7.213567839196	-7.213567839196	-7.213567839196	-7.213567839196	-7.213567839196	-7.213567839196	-7.213567839196	-7.213567839196	-7.213567839196	-7.213567839196	-7.213567839196	-7.213567839196	-7.213567839196	-7.213567839196	-7.213567839196	-7.213567839196	-7.213567839196	-7.213567839196	-7.213567839196	-7.213567839196	-7.213567839196	-7.213567839196	-7.213567839196	-7.213567839196	-7.213567839196	-7.213567839196	-7.213567839196	-7.213567839196	-7.213567839196	-7.213567839196	-7.213567839196	-7.213567839196	-7.213567839196	-7.213567839196	-7.213567839196	-7.213567839196	-7.213567839196	-7.213567839196	-7.213567839196	-7.213567839196	-7.213567839196	-7.213567839196	-7.213567839196	-7.213567839196	-7.213567839196
-6.71608040201	-6.71608040201	-6.71608040201	-6.71608040201	-6.71608040201	-6.71608040201	-6.71608040201	-6.71608040201	-6.71608040201	-6.71608040201	-6.71608040201	-6.71608040201	-6.71608040201	-6.71608040201	-6.71608040201	-6.71608040201	-6.71608040201	-6.71608040201	-6.71608040201	-6.71608040201	-6.71608040201	-6.71608040201	-6.71608040201	-6.71608040201	-6.71608040201	-6.71608040201	-6.71608040201	-6.71608040201	-6.71608040201	-6.71608040201	-6.71608040201	-6.71608040201	-6.71608040201	-6.71608040201	-6.71608040201	-6.71608040201	-6.71608040201	-6.71608040201	-6.71608040201	-6.71608040201	-6.71608040201	-6.71608040201	-6.71608040201	-6.71608040201	-6.71608040201	-6.71608040201	-6.71608040201	-6.71608040201	-6.71608040201	-6.71608040201	-6.71608040201	-6.71608040201	-6.71608040201	-6.71608040201	-6.71608040201	-6.71608040201	-6.71608040201	-6.71608040201	-6.71608040201	-6.71608040201	-6.71608040201	-6.71608040201	-6.71608040201	-6.71608040201	-6.71608040201	-6.71608040201	-6.71608040201	-6.71608040201	-6.71608040201	-6.71608040201	-6.71608040201	-6.71608040201	-6.71608040201	-6.71608040201	-6.71608040201	-6.71608040201	-6.71608040201	-6.71608040201	-6.71608040201	-6.71608040201	-6.71608040201	-6.71608040201	-6.71608040201	-6.71608040201	-6.71608040201	-6.71608040201	-6.71608040201	-6.71608040201	-6.71608040201	-6.71608040201	-6.71608040201	-6.71608040201	-6.71608040201	-6.71608040201	-6.71608040201	-6.71608040201	-6.71608040201	-6.71608040201	-6.71608040201	-6.71608040201	-6.71608040201	-6.71608040201	-6.71608040201	-6.71608040201	-6.71608040201	-6.71608040201	-6.71608040201	-6.71608040201	-6.71608040201	-6.71608040201	-6.71608040201	-6.71608040201	-6.71608040201	-6.71608040201	-6.71608040201	-6.71608040201	-6.71608040201	-6.71608040201	-6.71608040201	-6.71608040201	-6.71608040201	-6.71608040201	-6.71608040201	-6.71608040201	-6.71608040201	-6.71608040201	-6.71608040201	-6.71608040201	-6.71608040201	-6.71608040201	-6.71608040201	-6.71608040201	-6.71608040201	-6.71608040201	-6.71608040201	-6.71608040201	-6.71608040201	-6.71608040201	-6.71608040201	-6.71608040201	-6.71608040201	-6.71608040201	-6.71608040201	-6.71608040201	-6.71608040201	-6.71608040201	-6.71608040201	-6.71608040201	-6.71608040201	-6.71608040201	-6.71608040201	-6.71608040201	-6.71608040201	-6.71608040201	-6.71608040201	-6.71608040201	-6.71608040201	-6.71608040201	-6.71608040201	-6.71608040201	-6.71608040201	-6.71608040201	-6.71608040201	-6.71608040201	-6.71608040201	-6.71608040201	-6.71608040201	-6.71608040201	-6.71608040201	-6.71608040201	-6.71608040201	-6.71608040201	-6.71608040201	-6.71608040201	-6.71608040201	-6.71608040201	-6.71608040201	-6.71608040201	-6.71608040201	-6.71608040201	-6.71608040201	-6.71608040201	-6.71608040201	-6.71608040201	-6.71608040201	-6.71608040201	-6.71608040201	-6.71608040201	-6.71608040201	-6.71608040201	-6.71608040201	-6.71608040201	-6.71608040201	-6.71608040201	-6.71608040201	-6.71608040201	-6.71608040201	-6.71608040201	-6.71608040201	-6.71608040201
-6.2185929648241	-6.2185929648241	-6.2185929648241	-6.2185929648241	-6.2185929648241	-6.2185929648241	-6.2185929648241	-6.2185929648241	-6.2185929648241	-6.2185929648241	-6.2185929648241	-6.2185929648241	-6.2185929648241	-6.2185929648241	-6.2185929648241	-6.2185929648241	-6.2185929648241	-6.2185929648241	-6.2185929648241	-6.2185929648241	-6.2185929648241	-6.2185929648241	-6.2185929648241	-6.2185929648241	-6.2185929648241	-6.2185929648241	-6.2185929648241	-6.2185929648241	-6.2185929648241	-6.2185929648241	-6.2185929648241	-6.2185929648241	-6.2185929648241	-6.2185929648241	-6.2185929648241	-6.2185929648241	-6.2185929648241	-6.2185929648241	-6.2185929648241	-6.2185929648241	-6.2185929648241	-6.2185929648241	-6.2185929648241	-6.2185929648241	-6.2185929648241	-6.2185929648241	-6.2185929648241	-6.2185929648241	-6.2185929648241	-6.2185929648241	-6.2185929648241	-6.2185929648241	-6.2185929648241	-6.2185929648241	-6.2185929648241	-6.2185929648241	-6.2185929648241	-6.2185929648241	-6.2185929648241	-6.2185929648241	-6.2185929648241	-6.2185929648241	-6.2185929648241	-6.2185929648241	-6.2185929648241	-6.2185929648241	-6.2185929648241	-6.2185929648241	-6.2185929648241	-6.2185929648241	-6.2185929648241	-6.2185929648241	-6.2185929648241	-6.2185929648241	-6.2185929648241	-6.2185929648241	-6.2185929648241	-6.2185929648241	-6.2185929648241	-6.2185929648241	-6.2185929648241	-6.2185929648241	-6.2185929648241	-6.2185929648241	-6.2185929648241	-6.2185929648241	-6.2185929648241	-6.2185929648241	-6.2185929648241	-6.2185929648241	-6.2185929648241	-6.2185929648241	-6.2185929648241	-6.2185929648241	-6.2185929648241	-6.2185929648241	-6.2185929648241	-6.2185929648241	-6.2185929648241	-6.2185929648241	-6.2185929648241	-6.2185929648241	-6.2185929648241	-6.2185929648241	-6.2185929648241	-6.2185929648241	-6.2185929648241	-6.2185929648241	-6.2185929648241	-6.2185929648241	-6.2185929648241	-6.2185929648241	-6.2185929648241	-6.2185929648241	-6.2185929648241	-6.2185929648241	-6.2185929648241	-6.2185929648241	-6.2185929648241	-6.2185929648241	-6.2185929648241	-6.2185929648241	-6.2185929648241	-6.2185929648241	-6.2185929648241	-6.2185929648241	-6.2185929648241	-6.2185929648241	-6.2185929648241	-6.2185929648241	-6.2185929648241	-6.2185929648241	-6.2185929648241	-6.2185929648241	-6.2185929648241	-6.2185929648241	-6.2185929648241	-6.2185929648241	-6.2185929648241	-6.2185929648241	-6.2185929648241	-6.2185929648241	-6.2185929648241	-6.2185929648241	-6.2185929648241	-6.2185929648241	-6.2185929648241	-6.2185929648241	-6.2185929648241	-6.2185929648241	-6.2185929648241	-6.2185929648241	-6.2185929648241	-6.2185929648241	-6.2185929648241	-6.2185929648241	-6.2185929648241	-6.2185929648241	-6.2185929648241	-6.2185929648241	-6.2185929648241	-6.2185929648241	-6.2185929648241	-6.2185929648241	-6.2185929648241	-6.2185929648241	-6.2185929648241	-6.2185929648241	-6.2185929648241	-6.2185929648241	-6.2185929648241	-6.2185929648241	-6.2185929648241	-6.2185929648241	-6.2185929648241	-6.2185929648241	-6.2185929648241	-6.2185929648241	-6.2185929648241	-6.2185929648241	-6.2185929648241	-6.2185929648241	-6.2185929648241	-6.2185929648241	-6.2185929648241	-6.2185929648241	-6.2185929648241	-6.2185929648241	-6.2185929648241	-6.2185929648241	-6.2185929648241	-6.2185929648241	-6.2185929648241	-6.2185929648241	-6.2185929648241	-6.2185929648241	-6.2185929648241	-6.2185929648241	-6.2185929648241	-6.2185929648241
-5.7211055276382	-5.7211055276382	-5.7211055276382	-5.7211055276382	-5.7211055276382	-5.7211055276382	-5.7211055276382	-5.7211055276382	-5.7211055276382	-5.7211055276382	-5.7211055276382	-5.7211055276382	-5.7211055276382	-5.7211055276382	-5.7211055276382	-5.7211055276382	-5.7211055276382	-5.7211055276382	-5.7211055276382	-5.7211055276382	-5.7211055276382	-5.7211055276382	-5.7211055276382	-5.7211055276382	-5.7211055276382	-5.7211055276382	-5.7211055276382	-5.7211055276382	-5.7211055276382	-5.7211055276382	-5.7211055276382	-5.7211055276382	-5.7211055276382	-5.7211055276382	-5.7211055276382	-5.7211055276382	-5.7211055276382	-5.7211055276382	-5.7211055276382	-5.7211055276382	-5.7211055276382	-5.7211055276382	-5.7211055276382	-5.7211055276382	-5.7211055276382	-5.7211055276382	-5.7211055276382	-5.7211055276382	-5.7211055276382	-5.7211055276382	-5.7211055276382	-5.7211055276382	-5.7211055276382	-5.7211055276382	-5.7211055276382	-5.7211055276382	-5.7211055276382	-5.7211055276382	-5.7211055276382	-5.7211055276382	-5.7211055276382	-5.7211055276382	-5.7211055276382	-5.7211055276382	-5.7211055276382	-5.7211055276382	-5.7211055276382	-5.7211055276382	-5.7211055276382	-5.7211055276382	-5.7211055276382	-5.7211055276382	-5.7211055276382	-5.7211055276382	-5.7211055276382	-5.7211055276382	-5.7211055276382	-5.7211055276382	-5.7211055276382	-5.7211055276382	-5.7211055276382	-5.7211055276382	-5.7211055276382	-5.7211055276382	-5.7211055276382	-5.7211055276382	-5.7211055276382	-5.7211055276382	-5.7211055276382	-5.7211055276382	-5.7211055276382	-5.7211055276382	-5.7211055276382	-5.7211055276382	-5.7211055276382	-5.7211055276382	-5.7211055276382	-5.7211055276382	-5.7211055276382	-5.7211055276382	-5.7211055276382	-5.7211055276382	-5.7211055276382	-5.7211055276382	-5.7211055276382	-5.7211055276382	-5.7211055276382	-5.7211055276382	-5.7211055276382	-5.7211055276382	-5.7211055276382	-5.7211055276382	-5.7211055276382	-5.7211055276382	-5.7211055276382	-5.7211055276382	-5.7211055276382	-5.7211055276382	-5.7211055276382	-5.7211055276382	-5.7211055276382	-5.7211055276382	-5.7211055276382	-5.7211055276382	-5.7211055276382	-5.7211055276382	-5.7211055276382	-5.7211055276382	-5.7211055276382	-5.7211055276382	-5.7211055276382	-5.7211055276382	-5.7211055276382	-5.7211055276382	-5.7211055276382	-5.7211055276382	-5.7211055276382	-5.7211055276382	-5.7211055276382	-5.7211055276382	-5.7211055276382	-5.7211055276382	-5.7211055276382	-5.7211055276382	-5.7211055276382	-5.7211055276382	-5.7211055276382	-5.7211055276382	-5.7211055276382	-5.7211055276382	-5.7211055276382	-5.7211055276382	-5.7211055276382	-5.7211055276382	-5.7211055276382	-5.7211055276382	-5.7211055276382	-5.7211055276382	-5.7211055276382	-5.7211055276382	-5.7211055276382	-5.7211055276382	-5.7211055276382	-5.7211055276382	-5.7211055276382	-5.7211055276382	-5.7211055276382	-5.7211055276382	-5.7211055276382	-5.7211055276382	-5.7211055276382	-5.7211055276382	-5.7211055276382	-5.7211055276382	-5.7211055276382	-5.7211055276382	-5.7211055276382	-5.7211055276382	-5.7211055276382	-5.7211055276382	-5.7211055276382	-5.7211055276382	-5.7211055276382	-5.7211055276382	-5.7211055276382	-5.7211055276382	-5.7211055276382	-5.7211055276382	-5.7211055276382	-5.7211055276382	-5.7211055276382	-5.7211055276382	-5.7211055276382	-5.7211055276382	-5.7211055276382	-5.7211055276382	-5.7211055276382	-5.7211055276382	-5.7211055276382	-5.7211055276382
-5.2236180904523	-5.2236180904523	-5.2236180904523	-5.2236180904523	-5.2236180904523	-5.2236180904523	-5.2236180904523	-5.2236180904523	-5.2236180904523	-5.2236180904523	-5.2236180904523	-5.2236180904523	-5.2236180904523	-5.2236180904523	-5.2236180904523	-5.2236180904523	-5.2236180904523	-5.2236180904523	-5.2236180904523	-5.2236180904523	-5.2236180904523	-5.2236180904523	-5.2236180904523	-5.2236180904523	-5.2236180904523	-5.2236180904523	-5.2236180904523	-5.2236180904523	-5.2236180904523	-5.2236180904523	-5.2236180904523	-5.2236180904523	-5.2236180904523	-5.2236180904523	-5.2236180904523	-5.2236180904523	-5.2236180904523	-5.2236180904523	-5.2236180904523	-5.2236180904523	-5.2236180904523	-5.2236180904523	-5.2236180904523	-5.2236180904523	-5.2236180904523	-5.2236180904523	-5.2236180904523	-5.2236180904523	-5.2236180904523	-5.2236180904523	-5.2236180904523	-5.2236180904523	-5.2236180904523	-5.2236180904523	-5.2236180904523	-5.2236180904523	-5.2236180904523	-5.2236180904523	-5.2236180904523	-5.2236180904523	-5.2236180904523	-5.2236180904523	-5.2236180904523	-5.2236180904523	-5.2236180904523	-5.2236180904523	-5.2236180904523	-5.2236180904523	-5.2236180904523	-5.2236180904523	-5.2236180904523	-5.2236180904523	-5.2236180904523	-5.2236180904523	-5.2236180904523	-5.2236180904523	-5.2236180904523	-5.2236180904523	-5.2236180904523	-5.2236180904523	-5.2236180904523	-5.2236180904523	-5.2236180904523	-5.2236180904523	-5.2236180904523	-5.2236180904523	-5.2236180904523	-5.2236180904523	-5.2236180904523	-5.2236180904523	-5.2236180904523	-5.2236180904523	-5.2236180904523	-5.2236180904523	-5.2236180904523	-5.2236180904523	-5.2236180904523	-5.2236180904523	-5.2236180904523	-5.2236180904523	-5.2236180904523	-5.2236180904523	-5.2236180904523	-5.2236180904523	-5.2236180904523	-5.2236180904523	-5.2236180904523	-5.2236180904523	-5.2236180904523	-5.2236180904523	-5.2236180904523	-5.2236180904523	-5.2236180904523	-5.2236180904523	-5.2236180904523	-5.2236180904523	-5.2236180904523	-5.2236180904523	-5.2236180904523	-5.2236180904523	-5.2236180904523	-5.2236180904523	-5.2236180904523	-5.2236180904523	-5.2236180904523	-5.2236180904523	-5.2236180904523	-5.2236180904523	-5.2236180904523	-5.2236180904523	-5.2236180904523	-5.2236180904523	-5.2236180904523	-5.2236180904523	-5.2236180904523	-5.2236180904523	-5.2236180904523	-5.2236180904523	-5.2236180904523	-5.2236180904523	-5.2236180904523	-5.2236180904523	-5.2236180904523	-5.2236180904523	-5.2236180904523	-5.2236180904523	-5.2236180904523	-5.2236180904523	-5.2236180904523	-5.2236180904523	-5.2236180904523	-5.2236180904523	-5.2236180904523	-5.2236180904523	-5.2236180904523	-5.2236180904523	-5.2236180904523	-5.2236180904523	-5.2236180904523	-5.2236180904523	-5.2236180904523	-5.2236180904523	-5.2236180904523	-5.2236180904523	-5.2236180904523	-5.2236180904523	-5.2236180904523	-5.2236180904523	-5.2236180904523	-5.2236180904523	-5.2236180904523	-5.2236180904523	-5.2236180904523	-5.2236180904523	-5.2236180904523	-5.2236180904523	-5.2236180904523	-5.2236180904523	-5.2236180904523	-5.2236180904523	-5.2236180904523	-5.2236180904523	-5.2236180904523	-5.2236180904523	-5.2236180904523	-5.2236180904523	-5.2236180904523	-5.2236180904523	-5.2236180904523	-5.2236180904523	-5.2236180904523	-5.2236180904523	-5.2236180904523	-5.2236180904523	-5.2236180904523	-5.2236180904523	-5.2236180904523	-5.2236180904523	-5.2236180904523	-5.2236180904523
-4.7261306532663	-4.7261306532663	-4.7261306532663	-4.7261306532663	-4.7261306532663	-4.7261306532663	-4.7261306532663	-4.7261306532663	-4.7261306532663	-4.7261306532663	-4.7261306532663	-4.7261306532663	-4.7261306532663	-4.7261306532663	-4.7261306532663	-4.7261306532663	-4.7261306532663	-4.7261306532663	-4.7261306532663	-4.7261306532663	-4.7261306532663	-4.7261306532663	-4.7261306532663	-4.7261306532663	-4.7261306532663	-4.7261306532663	-4.7261306532663	-4.7261306532663	-4.7261306532663	-4.7261306532663	-4.7261306532663	-4.7261306532663	-4.7261306532663	-4.7261306532663	-4.7261306532663	-4.7261306532663	-4.7261306532663	-4.7261306532663	-4.7261306532663	-4.7261306532663	-4.7261306532663	-4.7261306532663	-4.7261306532663	-4.7261306532663	-4.7261306532663	-4.7261306532663	-4.7261306532663	-4.7261306532663	-4.7261306532663	-4.7261306532663	-4.7261306532663	-4.7261306532663	-4.7261306532663	-4.7261306532663	-4.7261306532663	-4.7261306532663	-4.7261306532663	-4.7261306532663	-4.7261306532663	-4.7261306532663	-4.7261306532663	-4.7261306532663	-4.7261306532663	-4.7261306532663	-4.7261306532663	-4.7261306532663	-4.7261306532663	-4.7261306532663	-4.7261306532663	-4.7261306532663	-4.7261306532663	-4.7261306532663	-4.7261306532663	-4.7261306532663	-4.7261306532663	-4.7261306532663	-4.7261306532663	-4.7261306532663	-4.7261306532663	-4.7261306532663	-4.7261306532663	-4.7261306532663	-4.7261306532663	-4.7261306532663	-4.7261306532663	-4.7261306532663	-4.7261306532663	-4.7261306532663	-4.7261306532663	-4.7261306532663	-4.7261306532663	-4.7261306532663	-4.7261306532663	-4.7261306532663	-4.7261306532663	-4.7261306532663	-4.7261306532663	-4.7261306532663	-4.7261306532663	-4.7261306532663	-4.7261306532663	-4.7261306532663	-4.7261306532663	-4.7261306532663	-4.7261306532663	-4.7261306532663	-4.7261306532663	-4.7261306532663	-4.7261306532663	-4.7261306532663	-4.7261306532663	-4.7261306532663	-4.7261306532663	-4.7261306532663	-4.7261306532663	-4.7261306532663	-4.7261306532663	-4.7261306532663	-4.7261306532663	-4.7261306532663	-4.7261306532663	-4.7261306532663	-4.7261306532663	-4.7261306532663	-4.7261306532663	-4.7261306532663	-4.7261306532663	-4.7261306532663	-4.7261306532663	-4.7261306532663	-4.7261306532663	-4.7261306532663	-4.7261306532663	-4.7261306532663	-4.7261306532663	-4.7261306532663	-4.7261306532663	-4.7261306532663	-4.7261306532663	-4.7261306532663	-4.7261306532663	-4.7261306532663	-4.7261306532663	-4.7261306532663	-4.7261306532663	-4.7261306532663	-4.7261306532663	-4.7261306532663	-4.7261306532663	-4.7261306532663	-4.7261306532663	-4.7261306532663	-4.7261306532663	-4.7261306532663	-4.7261306532663	-4.7261306532663	-4.7261306532663	-4.7261306532663	-4.7261306532663	-4.7261306532663	-4.7261306532663	-4.7261306532663	-4.7261306532663	-4.7261306532663	-4.7261306532663	-4.7261306532663	-4.7261306532663	-4.7261306532663	-4.7261306532663	-4.7261306532663	-4.7261306532663	-4.7261306532663	-4.7261306532663	-4.7261306532663	-4.7261306532663	-4.7261306532663	-4.7261306532663	-4.7261306532663	-4.7261306532663	-4.7261306532663	-4.7261306532663	-4.7261306532663	-4.7261306532663	-4.7261306532663	-4.7261306532663	-4.7261306532663	-4.7261306532663	-4.7261306532663	-4.7261306532663	-4.7261306532663	-4.7261306532663	-4.7261306532663	-4.7261306532663	-4.7261306532663	-4.7261306532663	-4.7261306532663	-4.7261306532663	-4.7261306532663	-4.7261306532663	-4.7261306532663
-4.2286432160804	-4.2286432160804	-4.2286432160804	-4.2286432160804	-4.2286432160804	-4.2286432160804	-4.2286432160804	-4.2286432160804	-4.2286432160804	-4.2286432160804	-4.2286432160804	-4.2286432160804	-4.2286432160804	-4.2286432160804	-4.2286432160804	-4.2286432160804	-4.2286432160804	-4.2286432160804	-4.2286432160804	-4.2286432160804	-4.2286432160804	-4.2286432160804	-4.2286432160804	-4.2286432160804	-4.2286432160804	-4.2286432160804	-4.2286432160804	-4.2286432160804	-4.2286432160804	-4.2286432160804	-4.2286432160804	-4.2286432160804	-4.2286432160804	-4.2286432160804	-4.2286432160804	-4.2286432160804	-4.2286432160804	-4.2286432160804	-4.2286432160804	-4.2286432160804	-4.2286432160804	-4.2286432160804	-4.2286432160804	-4.2286432160804	-4.2286432160804	-4.2286432160804	-4.2286432160804	-4.2286432160804	-4.2286432160804	-4.2286432160804	-4.2286432160804	-4.2286432160804	-4.2286432160804	-4.2286432160804	-4.2286432160804	-4.2286432160804	-4.2286432160804	-4.2286432160804	-4.2286432160804	-4.2286432160804	-4.2286432160804	-4.2286432160804	-4.2286432160804	-4.2286432160804	-4.2286432160804	-4.2286432160804	-4.2286432160804	-4.2286432160804	-4.2286432160804	-4.2286432160804	-4.2286432160804	-4.2286432160804	-4.2286432160804	-4.2286432160804	-4.2286432160804	-4.2286432160804	-4.2286432160804	-4.2286432160804	-4.2286432160804	-4.2286432160804	-4.2286432160804	-4.2286432160804	-4.2286432160804	-4.2286432160804	-4.2286432160804	-4.2286432160804	-4.2286432160804	-4.2286432160804	-4.2286432160804	-4.2286432160804	-4.2286432160804	-4.2286432160804	-4.2286432160804	-4.2286432160804	-4.2286432160804	-4.2286432160804	-4.2286432160804	-4.2286432160804	-4.2286432160804	-4.2286432160804	-4.2286432160804	-4.2286432160804	-4.2286432160804	-4.2286432160804	-4.2286432160804	-4.2286432160804	-4.2286432160804	-4.2286432160804	-4.2286432160804	-4.2286432160804	-4.2286432160804	-4.2286432160804	-4.2286432160804	-4.2286432160804	-4.2286432160804	-4.2286432160804	-4.2286432160804	-4.2286432160804	-4.2286432160804	-4.2286432160804	-4.2286432160804	-4.2286432160804	-4.2286432160804	-4.2286432160804	-4.2286432160804	-4.2286432160804	-4.2286432160804	-4.2286432160804	-4.2286432160804	-4.2286432160804	-4.2286432160804	-4.2286432160804	-4.2286432160804	-4.2286432160804	-4.2286432160804	-4.2286432160804	-4.2286432160804	-4.2286432160804	-4.2286432160804	-4.2286432160804	-4.2286432160804	-4.2286432160804	-4.2286432160804	-4.2286432160804	-4.2286432160804	-4.2286432160804	-4.2286432160804	-4.2286432160804	-4.2286432160804	-4.2286432160804	-4.2286432160804	-4.2286432160804	-4.2286432160804	-4.2286432160804	-4.2286432160804	-4.2286432160804	-4.2286432160804	-4.2286432160804	-4.2286432160804	-4.2286432160804	-4.2286432160804	-4.2286432160804	-4.2286432160804	-4.2286432160804	-4.2286432160804	-4.2286432160804	-4.2286432160804	-4.2286432160804	-4.2286432160804	-4.2286432160804	-4.2286432160804	-4.2286432160804	-4.2286432160804	-4.2286432160804	-4.2286432160804	-4.2286432160804	-4.2286432160804	-4.2286432160804	-4.2286432160804	-4.2286432160804	-4.2286432160804	-4.2286432160804	-4.2286432160804	-4.2286432160804	-4.2286432160804	-4.2286432160804	-4.2286432160804	-4.2286432160804	-4.2286432160804	-4.2286432160804	-4.2286432160804	-4.2286432160804	-4.2286432160804	-4.2286432160804	-4.2286432160804	-4.2286432160804	-4.2286432160804	-4.2286432160804	-4.2286432160804	-4.2286432160804
-3.7311557788945	-3.7311557788945	-3.7311557788945	-3.7311557788945	-3.7311557788945	-3.7311557788945	-3.7311557788945	-3.7311557788945	-3.7311557788945	-3.7311557788945	-3.7311557788945	-3.7311557788945	-3.7311557788945	-3.7311557788945	-3.7311557788945	-3.7311557788945	-3.7311557788945	-3.7311557788945	-3.7311557788945	-3.7311557788945	-3.7311557788945	-3.7311557788945	-3.7311557788945	-3.7311557788945	-3.7311557788945	-3.7311557788945	-3.7311557788945	-3.7311557788945	-3.7311557788945	-3.7311557788945	-3.7311557788945	-3.7311557788945	-3.7311557788945	-3.7311557788945	-3.7311557788945	-3.7311557788945	-3.7311557788945	-3.7311557788945	-3.7311557788945	-3.7311557788945	-3.7311557788945	-3.7311557788945	-3.7311557788945	-3.7311557788945	-3.7311557788945	-3.7311557788945	-3.7311557788945	-3.7311557788945	-3.7311557788945	-3.7311557788945	-3.7311557788945	-3.7311557788945	-3.7311557788945	-3.7311557788945	-3.7311557788945	-3.7311557788945	-3.7311557788945	-3.7311557788945	-3.7311557788945	-3.7311557788945	-3.7311557788945	-3.7311557788945	-3.7311557788945	-3.7311557788945	-3.7311557788945	-3.7311557788945	-3.7311557788945	-3.7311557788945	-3.7311557788945	-3.7311557788945	-3.7311557788945	-3.7311557788945	-3.7311557788945	-3.7311557788945	-3.7311557788945	-3.7311557788945	-3.7311557788945	-3.7311557788945	-3.7311557788945	-3.7311557788945	-3.7311557788945	-3.7311557788945	-3.7311557788945	-3.7311557788945	-3.7311557788945	-3.7311557788945	-3.7311557788945	-3.7311557788945	-3.7311557788945	-3.7311557788945	-3.7311557788945	-3.7311557788945	-3.7311557788945	-3.7311557788945	-3.7311557788945	-3.7311557788945	-3.7311557788945	-3.7311557788945	-3.7311557788945	-3.7311557788945	-3.7311557788945	-3.7311557788945	-3.7311557788945	-3.7311557788945	-3.7311557788945	-3.7311557788945	-3.7311557788945	-3.7311557788945	-3.7311557788945	-3.7311557788945	-3.7311557788945	-3.7311557788945	-3.7311557788945	-3.7311557788945	-3.7311557788945	-3.7311557788945	-3.7311557788945	-3.7311557788945	-3.7311557788945	-3.7311557788945	-3.7311557788945	-3.7311557788945	-3.7311557788945	-3.7311557788945	-3.7311557788945	-3.7311557788945	-3.7311557788945	-3.7311557788945	-3.7311557788945	-3.7311557788945	-3.7311557788945	-3.7311557788945	-3.7311557788945	-3.7311557788945	-3.7311557788945	-3.7311557788945	-3.7311557788945	-3.7311557788945	-3.7311557788945	-3.7311557788945	-3.7311557788945	-3.7311557788945	-3.7311557788945	-3.7311557788945	-3.7311557788945	-3.7311557788945	-3.7311557788945	-3.7311557788945	-3.7311557788945	-3.7311557788945	-3.7311557788945	-3.7311557788945	-3.7311557788945	-3.7311557788945	-3.7311557788945	-3.7311557788945	-3.7311557788945	-3.7311557788945	-3.7311557788945	-3.7311557788945	-3.7311557788945	-3.7311557788945	-3.7311557788945	-3.7311557788945	-3.7311557788945	-3.7311557788945	-3.7311557788945	-3.7311557788945	-3.7311557788945	-3.7311557788945	-3.7311557788945	-3.7311557788945	-3.7311557788945	-3.7311557788945	-3.7311557788945	-3.7311557788945	-3.7311557788945	-3.7311557788945	-3.7311557788945	-3.7311557788945	-3.7311557788945	-3.7311557788945	-3.7311557788945	-3.7311557788945	-3.7311557788945	-3.7311557788945	-3.7311557788945	-3.7311557788945	-3.7311557788945	-3.7311557788945	-3.7311557788945	-3.7311557788945	-3.7311557788945	-3.7311557788945	-3.7311557788945	-3.7311557788945	-3.7311557788945	-3.7311557788945	-3.7311557788945	-3.7311557788945
-3.2336683417085	-3.2336683417085	-3.2336683417085	-3.2336683417085	-3.2336683417085	-3.2336683417085	-3.2336683417085	-3.2336683417085	-3.2336683417085	-3.2336683417085	-3.2336683417085	-3.2336683417085	-3.2336683417085	-3.2336683417085	-3.2336683417085	-3.2336683417085	-3.2336683417085	-3.2336683417085	-3.2336683417085	-3.2336683417085	-3.2336683417085	-3.2336683417085	-3.2336683417085	-3.2336683417085	-3.2336683417085	-3.2336683417085	-3.2336683417085	-3.2336683417085	-3.2336683417085	-3.2336683417085	-3.2336683417085	-3.2336683417085	-3.2336683417085	-3.2336683417085	-3.2336683417085	-3.2336683417085	-3.2336683417085	-3.2336683417085	-3.2336683417085	-3.2336683417085	-3.2336683417085	-3.2336683417085	-3.2336683417085	-3.2336683417085	-3.2336683417085	-3.2336683417085	-3.2336683417085	-3.2336683417085	-3.2336683417085	-3.2336683417085	-3.2336683417085	-3.2336683417085	-3.2336683417085	-3.2336683417085	-3.2336683417085	-3.2336683417085	-3.2336683417085	-3.2336683417085	-3.2336683417085	-3.2336683417085	-3.2336683417085	-3.2336683417085	-3.2336683417085	-3.2336683417085	-3.2336683417085	-3.2336683417085	-3.2336683417085	-3.2336683417085	-3.2336683417085	-3.2336683417085	-3.2336683417085	-3.2336683417085	-3.2336683417085	-3.2336683417085	-3.2336683417085	-3.2336683417085	-3.2336683417085	-3.2336683417085	-3.2336683417085	-3.2336683417085	-3.2336683417085	-3.2336683417085	-3.2336683417085	-3.2336683417085	-3.2336683417085	-3.2336683417085	-3.2336683417085	-3.2336683417085	-3.2336683417085	-3.2336683417085	-3.2336683417085	-3.2336683417085	-3.2336683417085	-3.2336683417085	-3.2336683417085	-3.2336683417085	-3.2336683417085	-3.2336683417085	-3.2336683417085	-3.2336683417085	-3.2336683417085	-3.2336683417085	-3.2336683417085	-3.2336683417085	-3.2336683417085	-3.2336683417085	-3.2336683417085	-3.2336683417085	-3.2336683417085	-3.2336683417085	-3.2336683417085	-3.2336683417085	-3.2336683417085	-3.2336683417085	-3.2336683417085	-3.2336683417085	-3.2336683417085	-3.2336683417085	-3.2336683417085	-3.2336683417085	-3.2336683417085	-3.2336683417085	-3.2336683417085	-3.2336683417085	-3.2336683417085	-3.2336683417085	-3.2336683417085	-3.2336683417085	-3.2336683417085	-3.2336683417085	-3.2336683417085	-3.2336683417085	-3.2336683417085	-3.2336683417085	-3.2336683417085	-3.2336683417085	-3.2336683417085	-3.2336683417085	-3.2336683417085	-3.2336683417085	-3.2336683417085	-3.2336683417085	-3.2336683417085	-3.2336683417085	-3.2336683417085	-3.2336683417085	-3.2336683417085	-3.2336683417085	-3.2336683417085	-3.2336683417085	-3.2336683417085	-3.2336683417085	-3.2336683417085	-3.2336683417085	-3.2336683417085	-3.2336683417085	-3.2336683417085	-3.2336683417085	-3.2336683417085	-3.2336683417085	-3.2336683417085	-3.2336683417085	-3.2336683417085	-3.2336683417085	-3.2336683417085	-3.2336683417085	-3.2336683417085	-3.2336683417085	-3.2336683417085	-3.2336683417085	-3.2336683417085	-3.2336683417085	-3.2336683417085	-3.2336683417085	-3.2336683417085	-3.2336683417085	-3.2336683417085	-3.2336683417085	-3.2336683417085	-3.2336683417085	-3.2336683417085	-3.2336683417085	-3.2336683417085	-3.2336683417085	-3.2336683417085	-3.2336683417085	-3.2336683417085	-3.2336683417085	-3.2336683417085	-3.2336683417085	-3.2336683417085	-3.2336683417085	-3.2336683417085	-3.2336683417085	-3.2336683417085	-3.2336683417085	-3.2336683417085	-3.2336683417085	-3.2336683417085	-3.2336683417085
-2.7361809045226	-2.7361809045226	-2.7361809045226	-2.7361809045226	-2.7361809045226	-2.7361809045226	-2.7361809045226	-2.7361809045226	-2.7361809045226	-2.7361809045226	-2.7361809045226	-2.7361809045226	-2.7361809045226	-2.7361809045226	-2.7361809045226	-2.7361809045226	-2.7361809045226	-2.7361809045226	-2.7361809045226	-2.7361809045226	-2.7361809045226	-2.7361809045226	-2.7361809045226	-2.7361809045226	-2.7361809045226	-2.7361809045226	-2.7361809045226	-2.7361809045226	-2.7361809045226	-2.7361809045226	-2.7361809045226	-2.7361809045226	-2.7361809045226	-2.7361809045226	-2.7361809045226	-2.7361809045226	-2.7361809045226	-2.7361809045226	-2.7361809045226	-2.7361809045226	-2.7361809045226	-2.7361809045226	-2.7361809045226	-2.7361809045226	-2.7361809045226	-2.7361809045226	-2.7361809045226	-2.7361809045226	-2.7361809045226	-2.7361809045226	-2.7361809045226	-2.7361809045226	-2.7361809045226	-2.7361809045226	-2.7361809045226	-2.7361809045226	-2.7361809045226	-2.7361809045226	-2.7361809045226	-2.7361809045226	-2.7361809045226	-2.7361809045226	-2.7361809045226	-2.7361809045226	-2.7361809045226	-2.7361809045226	-2.7361809045226	-2.7361809045226	-2.7361809045226	-2.7361809045226	-2.7361809045226	-2.7361809045226	-2.7361809045226	-2.7361809045226	-2.7361809045226	-2.7361809045226	-2.7361809045226	-2.7361809045226	-2.7361809045226	-2.7361809045226	-2.7361809045226	-2.7361809045226	-2.7361809045226	-2.7361809045226	-2.7361809045226	-2.7361809045226	-2.7361809045226	-2.7361809045226	-2.7361809045226	-2.7361809045226	-2.7361809045226	-2.7361809045226	-2.7361809045226	-2.7361809045226	-2.7361809045226	-2.7361809045226	-2.7361809045226	-2.7361809045226	-2.7361809045226	-2.7361809045226	-2.7361809045226	-2.7361809045226	-2.7361809045226	-2.7361809045226	-2.7361809045226	-2.7361809045226	-2.7361809045226	-2.7361809045226	-2.7361809045226	-2.7361809045226	-2.7361809045226	-2.7361809045226	-2.7361809045226	-2.7361809045226	-2.7361809045226	-2.7361809045226	-2.7361809045226	-2.7361809045226	-2.7361809045226	-2.7361809045226	-2.7361809045226	-2.7361809045226	-2.7361809045226	-2.7361809045226	-2.7361809045226	-2.7361809045226	-2.7361809045226	-2.7361809045226	-2.7361809045226	-2.7361809045226	-2.7361809045226	-2.7361809045226	-2.7361809045226	-2.7361809045226	-2.7361809045226	-2.7361809045226	-2.7361809045226	-2.7361809045226	-2.7361809045226	-2.7361809045226	-2.7361809045226	-2.7361809045226	-2.7361809045226	-2.7361809045226	-2.7361809045226	-2.7361809045226	-2.7361809045226	-2.7361809045226	-2.7361809045226	-2.7361809045226	-2.7361809045226	-2.7361809045226	-2.7361809045226	-2.7361809045226	-2.7361809045226	-2.7361809045226	-2.7361809045226	-2.7361809045226	-2.7361809045226	-2.7361809045226	-2.7361809045226	-2.7361809045226	-2.7361809045226	-2.7361809045226	-2.7361809045226	-2.7361809045226	-2.7361809045226	-2.7361809045226	-2.7361809045226	-2.7361809045226	-2.7361809045226	-2.7361809045226	-2.7361809045226	-2.7361809045226	-2.7361809045226	-2.7361809045226	-2.7361809045226	-2.7361809045226	-2.7361809045226	-2.7361809045226	-2.7361809045226	-2.7361809045226	-2.7361809045226	-2.7361809045226	-2.7361809045226	-2.7361809045226	-2.7361809045226	-2.7361809045226	-2.7361809045226	-2.7361809045226	-2.7361809045226	-2.7361809045226	-2.7361809045226	-2.7361809045226	-2.7361809045226	-2.7361809045226	-2.7361809045226	-2.7361809045226	-2.7361809045226	-2.7361809045226
-2.2386934673367	-2.2386934673367	-2.2386934673367	-2.2386934673367	-2.2386934673367	-2.2386934673367	-2.2386934673367	-2.2386934673367	-2.2386934673367	-2.2386934673367	-2.2386934673367	-2.2386934673367	-2.2386934673367	-2.2386934673367	-2.2386934673367	-2.2386934673367	-2.2386934673367	-2.2386934673367	-2.2386934673367	-2.2386934673367	-2.2386934673367	-2.2386934673367	-2.2386934673367	-2.2386934673367	-2.2386934673367	-2.2386934673367	-2.2386934673367	-2.2386934673367	-2.2386934673367	-2.2386934673367	-2.2386934673367	-2.2386934673367	-2.2386934673367	-2.2386934673367	-2.2386934673367	-2.2386934673367	-2.2386934673367	-2.2386934673367	-2.2386934673367	-2.2386934673367	-2.2386934673367	-2.2386934673367	-2.2386934673367	-2.2386934673367	-2.2386934673367	-2.2386934673367	-2.2386934673367	-2.2386934673367	-2.2386934673367	-2.2386934673367	-2.2386934673367	-2.2386934673367	-2.2386934673367	-2.2386934673367	-2.2386934673367	-2.2386934673367	-2.2386934673367	-2.2386934673367	-2.2386934673367	-2.2386934673367	-2.2386934673367	-2.2386934673367	-2.2386934673367	-2.2386934673367	-2.2386934673367	-2.2386934673367	-2.2386934673367	-2.2386934673367	-2.2386934673367	-2.2386934673367	-2.2386934673367	-2.2386934673367	-2.2386934673367	-2.2386934673367	-2.2386934673367	-2.2386934673367	-2.2386934673367	-2.2386934673367	-2.2386934673367	-2.2386934673367	-2.2386934673367	-2.2386934673367	-2.2386934673367	-2.2386934673367	-2.2386934673367	-2.2386934673367	-2.2386934673367	-2.2386934673367	-2.2386934673367	-2.2386934673367	-2.2386934673367	-2.2386934673367	-2.2386934673367	-2.2386934673367	-2.2386934673367	-2.2386934673367	-2.2386934673367	-2.2386934673367	-2.2386934673367	-2.2386934673367	-2.2386934673367	-2.2386934673367	-2.2386934673367	-2.2386934673367	-2.2386934673367	-2.2386934673367	-2.2386934673367	-2.2386934673367	-2.2386934673367	-2.2386934673367	-2.2386934673367	-2.2386934673367	-2.2386934673367	-2.2386934673367	-2.2386934673367	-2.2386934673367	-2.2386934673367	-2.2386934673367	-2.2386934673367	-2.2386934673367	-2.2386934673367	-2.2386934673367	-2.2386934673367	-2.2386934673367	-2.2386934673367	-2.2386934673367	-2.2386934673367	-2.2386934673367	-2.2386934673367	-2.2386934673367	-2.2386934673367	-2.2386934673367	-2.2386934673367	-2.2386934673367	-2.2386934673367	-2.2386934673367	-2.2386934673367	-2.2386934673367	-2.2386934673367	-2.2386934673367	-2.2386934673367	-2.2386934673367	-2.2386934673367	-2.2386934673367	-2.2386934673367	-2.2386934673367	-2.2386934673367	-2.2386934673367	-2.2386934673367	-2.2386934673367	-2.2386934673367	-2.2386934673367	-2.2386934673367	-2.2386934673367	-2.2386934673367	-2.2386934673367	-2.2386934673367	-2.2386934673367	-2.2386934673367	-2.2386934673367	-2.2386934673367	-2.2386934673367	-2.2386934673367	-2.2386934673367	-2.2386934673367	-2.2386934673367	-2.2386934673367	-2.2386934673367	-2.2386934673367	-2.2386934673367	-2.2386934673367	-2.2386934673367	-2.2386934673367	-2.2386934673367	-2.2386934673367	-2.2386934673367	-2.2386934673367	-2.2386934673367	-2.2386934673367	-2.2386934673367	-2.2386934673367	-2.2386934673367	-2.2386934673367	-2.2386934673367	-2.2386934673367	-2.2386934673367	-2.2386934673367	-2.2386934673367	-2.2386934673367	-2.2386934673367	-2.2386934673367	-2.2386934673367	-2.2386934673367	-2.2386934673367	-2.2386934673367	-2.2386934673367	-2.2386934673367	-2.2386934673367	-2.2386934673367	-2.2386934673367
-1.7412060301508	-1.7412060301508	-1.7412060301508	-1.7412060301508	-1.7412060301508	-1.7412060301508	-1.7412060301508	-1.7412060301508	-1.7412060301508	-1.7412060301508	-1.7412060301508	-1.7412060301508	-1.7412060301508	-1.7412060301508	-1.7412060301508	-1.7412060301508	-1.7412060301508	-1.7412060301508	-1.7412060301508	-1.7412060301508	-1.7412060301508	-1.7412060301508	-1.7412060301508	-1.7412060301508	-1.7412060301508	-1.7412060301508	-1.7412060301508	-1.7412060301508	-1.7412060301508	-1.7412060301508	-1.7412060301508	-1.7412060301508	-1.7412060301508	-1.7412060301508	-1.7412060301508	-1.7412060301508	-1.7412060301508	-1.7412060301508	-1.7412060301508	-1.7412060301508	-1.7412060301508	-1.7412060301508	-1.7412060301508	-1.7412060301508	-1.7412060301508	-1.7412060301508	-1.7412060301508	-1.7412060301508	-1.7412060301508	-1.7412060301508	-1.7412060301508	-1.7412060301508	-1.7412060301508	-1.7412060301508	-1.7412060301508	-1.7412060301508	-1.7412060301508	-1.7412060301508	-1.7412060301508	-1.7412060301508	-1.7412060301508	-1.7412060301508	-1.7412060301508	-1.7412060301508	-1.7412060301508	-1.7412060301508	-1.7412060301508	-1.7412060301508	-1.7412060301508	-1.7412060301508	-1.7412060301508	-1.7412060301508	-1.7412060301508	-1.7412060301508	-1.7412060301508	-1.7412060301508	-1.7412060301508	-1.7412060301508	-1.7412060301508	-1.7412060301508	-1.7412060301508	-1.7412060301508	-1.7412060301508	-1.7412060301508	-1.7412060301508	-1.7412060301508	-1.7412060301508	-1.7412060301508	-1.7412060301508	-1.7412060301508	-1.7412060301508	-1.7412060301508	-1.7412060301508	-1.7412060301508	-1.7412060301508	-1.7412060301508	-1.7412060301508	-1.7412060301508	-1.7412060301508	-1.7412060301508	-1.7412060301508	-1.7412060301508	-1.7412060301508	-1.7412060301508	-1.7412060301508	-1.7412060301508	-1.7412060301508	-1.7412060301508	-1.7412060301508	-1.7412060301508	-1.7412060301508	-1.7412060301508	-1.7412060301508	-1.7412060301508	-1.7412060301508	-1.7412060301508	-1.7412060301508	-1.7412060301508	-1.7412060301508	-1.7412060301508	-1.7412060301508	-1.7412060301508	-1.7412060301508	-1.7412060301508	-1.7412060301508	-1.7412060301508	-1.7412060301508	-1.7412060301508	-1.7412060301508	-1.7412060301508	-1.7412060301508	-1.7412060301508	-1.7412060301508	-1.7412060301508	-1.7412060301508	-1.7412060301508	-1.7412060301508	-1.7412060301508	-1.7412060301508	-1.7412060301508	-1.7412060301508	-1.7412060301508	-1.7412060301508	-1.7412060301508	-1.7412060301508	-1.7412060301508	-1.7412060301508	-1.7412060301508	-1.7412060301508	-1.7412060301508	-1.7412060301508	-1.7412060301508	-1.7412060301508	-1.7412060301508	-1.7412060301508	-1.7412060301508	-1.7412060301508	-1.7412060301508	-1.7412060301508	-1.7412060301508	-1.7412060301508	-1.7412060301508	-1.7412060301508	-1.7412060301508	-1.7412060301508	-1.7412060301508	-1.7412060301508	-1.7412060301508	-1.7412060301508	-1.7412060301508	-1.7412060301508	-1.7412060301508	-1.7412060301508	-1.7412060301508	-1.7412060301508	-1.7412060301508	-1.7412060301508	-1.7412060301508	-1.7412060301508	-1.7412060301508	-1.7412060301508	-1.7412060301508	-1.7412060301508	-1.7412060301508	-1.7412060301508	-1.7412060301508	-1.7412060301508	-1.7412060301508	-1.7412060301508	-1.7412060301508	-1.7412060301508	-1.7412060301508	-1.7412060301508	-1.7412060301508	-1.7412060301508	-1.7412060301508	-1.7412060301508	-1.7412060301508	-1.7412060301508	-1.7412060301508
-1.2437185929648	-1.2437185929648	-1.2437185929648	-1.2437185929648	-1.2437185929648	-1.2437185929648	-1.2437185929648	-1.2437185929648	-1.2437185929648	-1.2437185929648	-1.2437185929648	-1.2437185929648	-1.2437185929648	-1.2437185929648	-1.2437185929648	-1.2437185929648	-1.2437185929648	-1.2437185929648	-1.2437185929648	-1.2437185929648	-1.2437185929648	-1.2437185929648	-1.2437185929648	-1.2437185929648	-1.2437185929648	-1.2437185929648	-1.2437185929648	-1.2437185929648	-1.2437185929648	-1.2437185929648	-1.2437185929648	-1.2437185929648	-1.2437185929648	-1.2437185929648	-1.2437185929648	-1.2437185929648	-1.2437185929648	-1.2437185929648	-1.2437185929648	-1.2437185929648	-1.2437185929648	-1.2437185929648	-1.2437185929648	-1.2437185929648	-1.2437185929648	-1.2437185929648	-1.2437185929648	-1.2437185929648	-1.2437185929648	-1.2437185929648	-1.2437185929648	-1.2437185929648	-1.2437185929648	-1.2437185929648	-1.2437185929648	-1.2437185929648	-1.2437185929648	-1.2437185929648	-1.2437185929648	-1.2437185929648	-1.2437185929648	-1.2437185929648	-1.2437185929648	-1.2437185929648	-1.2437185929648	-1.2437185929648	-1.2437185929648	-1.2437185929648	-1.2437185929648	-1.2437185929648	-1.2437185929648	-1.2437185929648	-1.2437185929648	-1.2437185929648	-1.2437185929648	-1.2437185929648	-1.2437185929648	-1.2437185929648	-1.2437185929648	-1.2437185929648	-1.2437185929648	-1.2437185929648	-1.2437185929648	-1.2437185929648	-1.2437185929648	-1.2437185929648	-1.2437185929648	-1.2437185929648	-1.2437185929648	-1.2437185929648	-1.2437185929648	-1.2437185929648	-1.2437185929648	-1.2437185929648	-1.2437185929648	-1.2437185929648	-1.2437185929648	-1.2437185929648	-1.2437185929648	-1.2437185929648	-1.2437185929648	-1.2437185929648	-1.2437185929648	-1.2437185929648	-1.2437185929648	-1.2437185929648	-1.2437185929648	-1.2437185929648	-1.2437185929648	-1.2437185929648	-1.2437185929648	-1.2437185929648	-1.2437185929648	-1.2437185929648	-1.2437185929648	-1.2437185929648	-1.2437185929648	-1.2437185929648	-1.2437185929648	-1.2437185929648	-1.2437185929648	-1.2437185929648	-1.2437185929648	-1.2437185929648	-1.2437185929648	-1.2437185929648	-1.2437185929648	-1.2437185929648	-1.2437185929648	-1.2437185929648	-1.2437185929648	-1.2437185929648	-1.2437185929648	-1.2437185929648	-1.2437185929648	-1.2437185929648	-1.2437185929648	-1.2437185929648	-1.2437185929648	-1.2437185929648	-1.2437185929648	-1.2437185929648	-1.2437185929648	-1.2437185929648	-1.2437185929648	-1.2437185929648	-1.2437185929648	-1.2437185929648	-1.2437185929648	-1.2437185929648	-1.2437185929648	-1.2437185929648	-1.2437185929648	-1.2437185929648	-1.2437185929648	-1.2437185929648	-1.2437185929648	-1.2437185929648	-1.2437185929648	-1.2437185929648	-1.2437185929648	-1.2437185929648	-1.2437185929648	-1.2437185929648	-1.2437185929648	-1.2437185929648	-1.2437185929648	-1.2437185929648	-1.2437185929648	-1.2437185929648	-1.2437185929648	-1.2437185929648	-1.2437185929648	-1.2437185929648	-1.2437185929648	-1.2437185929648	-1.2437185929648	-1.2437185929648	-1.2437185929648	-1.2437185929648	-1.2437185929648	-1.2437185929648	-1.2437185929648	-1.2437185929648	-1.2437185929648	-1.2437185929648	-1.2437185929648	-1.2437185929648	-1.2437185929648	-1.2437185929648	-1.2437185929648	-1.2437185929648	-1.2437185929648	-1.2437185929648	-1.2437185929648	-1.2437185929648	-1.2437185929648	-1.2437185929648	-1.2437185929648	-1.2437185929648
-0.74623115577889	-0.74623115577889	-0.74623115577889	-0.74623115577889	-0.74623115577889	-0.74623115577889	-0.74623115577889	-0.74623115577889	-0.74623115577889	-0.74623115577889	-0.74623115577889	-0.74623115577889	-0.74623115577889	-0.74623115577889	-0.74623115577889	-0.74623115577889	-0.74623115577889	-0.74623115577889	-0.74623115577889	-0.74623115577889	-0.74623115577889	-0.74623115577889	-0.74623115577889	-0.74623115577889	-0.74623115577889	-0.74623115577889	-0.74623115577889	-0.74623115577889	-0.74623115577889	-0.74623115577889	-0.74623115577889	-0.74623115577889	-0.74623115577889	-0.74623115577889	-0.74623115577889	-0.74623115577889	-0.74623115577889	-0.74623115577889	-0.74623115577889	-0.74623115577889	-0.74623115577889	-0.74623115577889	-0.74623115577889	-0.74623115577889	-0.74623115577889	-0.74623115577889	-0.74623115577889	-0.74623115577889	-0.74623115577889	-0.74623115577889	-0.74623115577889	-0.74623115577889	-0.74623115577889	-0.74623115577889	-0.74623115577889	-0.74623115577889	-0.74623115577889	-0.74623115577889	-0.74623115577889	-0.74623115577889	-0.74623115577889	-0.74623115577889	-0.74623115577889	-0.74623115577889	-0.74623115577889	-0.74623115577889	-0.74623115577889	-0.74623115577889	-0.74623115577889	-0.74623115577889	-0.74623115577889	-0.74623115577889	-0.74623115577889	-0.74623115577889	-0.74623115577889	-0.74623115577889	-0.74623115577889	-0.74623115577889	-0.74623115577889	-0.74623115577889	-0.74623115577889	-0.74623115577889	-0.74623115577889	-0.74623115577889	-0.74623115577889	-0.74623115577889	-0.74623115577889	-0.74623115577889	-0.74623115577889	-0.74623115577889	-0.74623115577889	-0.74623115577889	-0.74623115577889	-0.74623115577889	-0.74623115577889	-0.74623115577889	-0.74623115577889	-0.74623115577889	-0.74623115577889	-0.74623115577889	-0.74623115577889	-0.74623115577889	-0.74623115577889	-0.74623115577889	-0.74623115577889	-0.74623115577889	-0.74623115577889	-0.74623115577889	-0.74623115577889	-0.74623115577889	-0.74623115577889	-0.74623115577889	-0.74623115577889	-0.74623115577889	-0.74623115577889	-0.74623115577889	-0.74623115577889	-0.74623115577889	-0.74623115577889	-0.74623115577889	-0.74623115577889	-0.74623115577889	-0.74623115577889	-0.74623115577889	-0.74623115577889	-0.74623115577889	-0.74623115577889	-0.74623115577889	-0.74623115577889	-0.74623115577889	-0.74623115577889	-0.74623115577889	-0.74623115577889	-0.74623115577889	-0.74623115577889	-0.74623115577889	-0.74623115577889	-0.74623115577889	-0.74623115577889	-0.74623115577889	-0.74623115577889	-0.74623115577889	-0.74623115577889	-0.74623115577889	-0.74623115577889	-0.74623115577889	-0.74623115577889	-0.74623115577889	-0.74623115577889	-0.74623115577889	-0.74623115577889	-0.74623115577889	-0.74623115577889	-0.74623115577889	-0.74623115577889	-0.74623115577889	-0.74623115577889	-0.74623115577889	-0.74623115577889	-0.74623115577889	-0.74623115577889	-0.74623115577889	-0.74623115577889	-0.74623115577889	-0.74623115577889	-0.74623115577889	-0.74623115577889	-0.74623115577889	-0.74623115577889	-0.74623115577889	-0.74623115577889	-0.74623115577889	-0.74623115577889	-0.74623115577889	-0.74623115577889	-0.74623115577889	-0.74623115577889	-0.74623115577889	-0.74623115577889	-0.74623115577889	-0.74623115577889	-0.74623115577889	-0.74623115577889	-0.74623115577889	-0.74623115577889	-0.74623115577889	-0.74623115577889	-0.74623115577889	-0.74623115577889	-0.74623115577889	-0.74623115577889	-0.74623115577889	-0.74623115577889	-0.74623115577889	-0.74623115577889	-0.74623115577889	-0.74623115577889	-0.74623115577889	-0.74623115577889	-0.74623115577889
-0.24874371859297	-0.24874371859297	-0.24874371859297	-0.24874371859297	-0.24874371859297	-0.24874371859297	-0.24874371859297	-0.24874371859297	-0.24874371859297	-0.24874371859297	-0.24874371859297	-0.24874371859297	-0.24874371859297	-0.24874371859297	-0.24874371859297	-0.24874371859297	-0.24874371859297	-0.24874371859297	-0.24874371859297	-0.24874371859297	-0.24874371859297	-0.24874371859297	-0.24874371859297	-0.24874371859297	-0.24874371859297	-0.24874371859297	-0.24874371859297	-0.24874371859297	-0.24874371859297	-0.24874371859297	-0.24874371859297	-0.24874371859297	-0.24874371859297	-0.24874371859297	-0.24874371859297	-0.24874371859297	-0.24874371859297	-0.24874371859297	-0.24874371859297	-0.24874371859297	-0.24874371859297	-0.24874371859297	-0.24874371859297	-0.24874371859297	-0.24874371859297	-0.24874371859297	-0.24874371859297	-0.24874371859297	-0.24874371859297	-0.24874371859297	-0.24874371859297	-0.24874371859297	-0.24874371859297	-0.24874371859297	-0.24874371859297	-0.24874371859297	-0.24874371859297	-0.24874371859297	-0.24874371859297	-0.24874371859297	-0.24874371859297	-0.24874371859297	-0.24874371859297	-0.24874371859297	-0.24874371859297	-0.24874371859297	-0.24874371859297	-0.24874371859297	-0.24874371859297	-0.24874371859297	-0.24874371859297	-0.24874371859297	-0.24874371859297	-0.24874371859297	-0.24874371859297	-0.24874371859297	-0.24874371859297	-0.24874371859297	-0.24874371859297	-0.24874371859297	-0.24874371859297	-0.24874371859297	-0.24874371859297	-0.24874371859297	-0.24874371859297	-0.24874371859297	-0.24874371859297	-0.24874371859297	-0.24874371859297	-0.24874371859297	-0.24874371859297	-0.24874371859297	-0.24874371859297	-0.24874371859297	-0.24874371859297	-0.24874371859297	-0.24874371859297	-0.24874371859297	-0.24874371859297	-0.24874371859297	-0.24874371859297	-0.24874371859297	-0.24874371859297	-0.24874371859297	-0.24874371859297	-0.24874371859297	-0.24874371859297	-0.24874371859297	-0.24874371859297	-0.24874371859297	-0.24874371859297	-0.24874371859297	-0.24874371859297	-0.24874371859297	-0.24874371859297	-0.24874371859297	-0.24874371859297	-0.24874371859297	-0.24874371859297	-0.24874371859297	-0.24874371859297	-0.24874371859297	-0.24874371859297	-0.24874371859297	-0.24874371859297	-0.24874371859297	-0.24874371859297	-0.24874371859297	-0.24874371859297	-0.24874371859297	-0.24874371859297	-0.24874371859297	-0.24874371859297	-0.24874371859297	-0.24874371859297	-0.24874371859297	-0.24874371859297	-0.24874371859297	-0.24874371859297	-0.24874371859297	-0.24874371859297	-0.24874371859297	-0.24874371859297	-0.24874371859297	-0.24874371859297	-0.24874371859297	-0.24874371859297	-0.24874371859297	-0.24874371859297	-0.24874371859297	-0.24874371859297	-0.24874371859297	-0.24874371859297	-0.24874371859297	-0.24874371859297	-0.24874371859297	-0.24874371859297	-0.24874371859297	-0.24874371859297	-0.24874371859297	-0.24874371859297	-0.24874371859297	-0.24874371859297	-0.24874371859297	-0.24874371859297	-0.24874371859297	-0.24874371859297	-0.24874371859297	-0.24874371859297	-0.24874371859297	-0.24874371859297	-0.24874371859297	-0.24874371859297	-0.24874371859297	-0.24874371859297	-0.24874371859297	-0.24874371859297	-0.24874371859297	-0.24874371859297	-0.24874371859297	-0.24874371859297	-0.24874371859297	-0.24874371859297	-0.24874371859297	-0.24874371859297	-0.24874371859297	-0.24874371859297	-0.24874371859297	-0.24874371859297	-0.24874371859297	-0.24874371859297	-0.24874371859297	-0.24874371859297	-0.24874371859297	-0.24874371859297	-0.24874371859297	-0.24874371859297	-0.24874371859297	-0.24874371859297	-0.24874371859297
0.24874371859296	0.24874371859296	0.24874371859296	0.24874371859296	0.24874371859296	0.24874371859296	0.24874371859296	0.24874371859296	0.24874371859296	0.24874371859296	0.24874371859296	0.24874371859296	0.24874371859296	0.24874371859296	0.24874371859296	0.24874371859296	0.24874371859296	0.24874371859296	0.24874371859296	0.24874371859296	0.24874371859296	0.24874371859296	0.24874371859296	0.24874371859296	0.24874371859296	0.24874371859296	0.24874371859296	0.24874371859296	0.24874371859296	0.24874371859296	0.24874371859296	0.24874371859296	0.24874371859296	0.24874371859296	0.24874371859296	0.24874371859296	0.24874371859296	0.24874371859296	0.24874371859296	0.24874371859296	0.24874371859296	0.24874371859296	0.24874371859296	0.24874371859296	0.24874371859296	0.24874371859296	0.24874371859296	0.24874371859296	0.24874371859296	0.24874371859296	0.24874371859296	0.24874371859296	0.24874371859296	0.24874371859296	0.24874371859296	0.24874371859296	0.24874371859296	0.24874371859296	0.24874371859296	0.24874371859296	0.24874371859296	0.24874371859296	0.24874371859296	0.24874371859296	0.24874371859296	0.24874371859296	0.24874371859296	0.24874371859296	0.24874371859296	0.24874371859296	0.24874371859296	0.24874371859296	0.24874371859296	0.24874371859296	0.24874371859296	0.24874371859296	0.24874371859296	0.24874371859296	0.24874371859296	0.24874371859296	0.24874371859296	0.24874371859296	0.24874371859296	0.24874371859296	0.24874371859296	0.24874371859296	0.24874371859296	0.24874371859296	0.24874371859296	0.24874371859296	0.24874371859296	0.24874371859296	0.24874371859296	0.24874371859296	0.24874371859296	0.24874371859296	0.24874371859296	0.24874371859296	0.24874371859296	0.24874371859296	0.24874371859296	0.24874371859296	0.24874371859296	0.24874371859296	0.24874371859296	0.24874371859296	0.24874371859296	0.24874371859296	0.24874371859296	0.24874371859296	0.24874371859296	0.24874371859296	0.24874371859296	0.24874371859296	0.24874371859296	0.24874371859296	0.24874371859296	0.24874371859296	0.24874371859296	0.24874371859296	0.24874371859296	0.24874371859296	0.24874371859296	0.24874371859296	0.24874371859296	0.24874371859296	0.24874371859296	0.24874371859296	0.24874371859296	0.24874371859296	0.24874371859296	0.24874371859296	0.24874371859296	0.24874371859296	0.24874371859296	0.24874371859296	0.24874371859296	0.24874371859296	0.24874371859296	0.24874371859296	0.24874371859296	0.24874371859296	0.24874371859296	0.24874371859296	0.24874371859296	0.24874371859296	0.24874371859296	0.24874371859296	0.24874371859296	0.24874371859296	0.24874371859296	0.24874371859296	0.24874371859296	0.24874371859296	0.24874371859296	0.24874371859296	0.24874371859296	0.24874371859296	0.24874371859296	0.24874371859296	0.24874371859296	0.24874371859296	0.24874371859296	0.24874371859296	0.24874371859296	0.24874371859296	0.24874371859296	0.24874371859296	0.24874371859296	0.24874371859296	0.24874371859296	0.24874371859296	0.24874371859296	0.24874371859296	0.24874371859296	0.24874371859296	0.24874371859296	0.24874371859296	0.24874371859296	0.24874371859296	0.24874371859296	0.24874371859296	0.24874371859296	0.24874371859296	0.24874371859296	0.24874371859296	0.24874371859296	0.24874371859296	0.24874371859296	0.24874371859296	0.24874371859296	0.24874371859296	0.24874371859296	0.24874371859296	0.24874371859296	0.24874371859296	0.24874371859296	0.24874371859296	0.24874371859296	0.24874371859296
0.74623115577889	0.74623115577889	0.74623115577889	0.74623115577889	0.74623115577889	0.74623115577889	0.74623115577889	0.74623115577889	0.74623115577889	0.74623115577889	0.74623115577889	0.74623115577889	0.74623115577889	0.74623115577889	0.74623115577889	0.74623115577889	0.74623115577889	0.74623115577889	0.74623115577889	0.74623115577889	0.74623115577889	0.74623115577889	0.74623115577889	0.74623115577889	0.74623115577889	0.74623115577889	0.74623115577889	0.74623115577889	0.74623115577889	0.74623115577889	0.74623115577889	0.74623115577889	0.74623115577889	0.74623115577889	0.74623115577889	0.74623115577889	0.74623115577889	0.74623115577889	0.74623115577889	0.74623115577889	0.74623115577889	0.74623115577889	0.74623115577889	0.74623115577889	0.74623115577889	0.74623115577889	0.74623115577889	0.74623115577889	0.74623115577889	0.74623115577889	0.74623115577889	0.74623115577889	0.74623115577889	0.74623115577889	0.74623115577889	0.74623115577889	0.74623115577889	0.74623115577889	0.74623115577889	0.74623115577889	0.74623115577889	0.74623115577889	0.74623115577889	0.74623115577889	0.74623115577889	0.74623115577889	0.74623115577889	0.74623115577889	0.74623115577889	0.74623115577889	0.74623115577889	0.74623115577889	0.74623115577889	0.74623115577889	0.74623115577889	0.74623115577889	0.74623115577889	0.74623115577889	0.74623115577889	0.74623115577889	0.74623115577889	0.74623115577889	0.74623115577889	0.74623115577889	0.74623115577889	0.74623115577889	0.74623115577889	0.74623115577889	0.74623115577889	0.74623115577889	0.74623115577889	0.74623115577889	0.74623115577889	0.74623115577889	0.74623115577889	0.74623115577889	0.74623115577889	0.74623115577889	0.74623115577889	0.74623115577889	0.74623115577889	0.74623115577889	0.74623115577889	0.74623115577889	0.74623115577889	0.74623115577889	0.74623115577889	0.74623115577889	0.74623115577889	0.74623115577889	0.74623115577889	0.74623115577889	0.74623115577889	0.74623115577889	0.74623115577889	0.74623115577889	0.74623115577889	0.74623115577889	0.74623115577889	0.74623115577889	0.74623115577889	0.74623115577889	0.74623115577889	0.74623115577889	0.74623115577889	0.74623115577889	0.74623115577889	0.74623115577889	0.74623115577889	0.74623115577889	0.74623115577889	0.74623115577889	0.74623115577889	0.74623115577889	0.74623115577889	0.74623115577889	0.74623115577889	0.74623115577889	0.74623115577889	0.74623115577889	0.74623115577889	0.74623115577889	0.74623115577889	0.74623115577889	0.74623115577889	0.74623115577889	0.74623115577889	0.74623115577889	0.74623115577889	0.74623115577889	0.74623115577889	0.74623115577889	0.74623115577889	0.74623115577889	0.74623115577889	0.74623115577889	0.74623115577889	0.74623115577889	0.74623115577889	0.74623115577889	0.74623115577889	0.74623115577889	0.74623115577889	0.74623115577889	0.74623115577889	0.74623115577889	0.74623115577889	0.74623115577889	0.74623115577889	0.74623115577889	0.74623115577889	0.74623115577889	0.74623115577889	0.74623115577889	0.74623115577889	0.74623115577889	0.74623115577889	0.74623115577889	0.74623115577889	0.74623115577889	0.74623115577889	0.74623115577889	0.74623115577889	0.74623115577889	0.74623115577889	0.74623115577889	0.74623115577889	0.74623115577889	0.74623115577889	0.74623115577889	0.74623115577889	0.74623115577889	0.74623115577889	0.74623115577889	0.74623115577889	0.74623115577889	0.74623115577889	0.74623115577889	0.74623115577889	0.74623115577889
1.2437185929648	1.2437185929648	1.2437185929648	1.2437185929648	1.2437185929648	1.2437185929648	1.2437185929648	1.2437185929648	1.2437185929648	1.2437185929648	1.2437185929648	1.2437185929648	1.2437185929648	1.2437185929648	1.2437185929648	1.2437185929648	1.2437185929648	1.2437185929648	1.2437185929648	1.2437185929648	1.2437185929648	1.2437185929648	1.2437185929648	1.2437185929648	1.2437185929648	1.2437185929648	1.2437185929648	1.2437185929648	1.2437185929648	1.2437185929648	1.2437185929648	1.2437185929648	1.2437185929648	1.2437185929648	1.2437185929648	1.2437185929648	1.2437185929648	1.2437185929648	1.2437185929648	1.2437185929648	1.2437185929648	1.2437185929648	1.2437185929648	1.2437185929648	1.2437185929648	1.2437185929648	1.2437185929648	1.2437185929648	1.2437185929648	1.2437185929648	1.2437185929648	1.2437185929648	1.2437185929648	1.2437185929648	1.2437185929648	1.2437185929648	1.2437185929648	1.2437185929648	1.2437185929648	1.2437185929648	1.2437185929648	1.2437185929648	1.2437185929648	1.2437185929648	1.2437185929648	1.2437185929648	1.2437185929648	1.2437185929648	1.2437185929648	1.2437185929648	1.2437185929648	1.2437185929648	1.2437185929648	1.2437185929648	1.2437185929648	1.2437185929648	1.2437185929648	1.2437185929648	1.2437185929648	1.2437185929648	1.2437185929648	1.2437185929648	1.2437185929648	1.2437185929648	1.2437185929648	1.2437185929648	1.2437185929648	1.2437185929648	1.2437185929648	1.2437185929648	1.2437185929648	1.2437185929648	1.2437185929648	1.2437185929648	1.2437185929648	1.2437185929648	1.2437185929648	1.2437185929648	1.2437185929648	1.2437185929648	1.2437185929648	1.2437185929648	1.2437185929648	1.2437185929648	1.2437185929648	1.2437185929648	1.2437185929648	1.2437185929648	1.2437185929648	1.2437185929648	1.2437185929648	1.2437185929648	1.2437185929648	1.2437185929648	1.2437185929648	1.2437185929648	1.2437185929648	1.2437185929648	1.2437185929648	1.2437185929648	1.2437185929648	1.2437185929648	1.2437185929648	1.2437185929648	1.2437185929648	1.2437185929648	1.2437185929648	1.2437185929648	1.2437185929648	1.2437185929648	1.2437185929648	1.2437185929648	1.2437185929648	1.2437185929648	1.2437185929648	1.2437185929648	1.2437185929648	1.2437185929648	1.2437185929648	1.2437185929648	1.2437185929648	1.2437185929648	1.2437185929648	1.2437185929648	1.2437185929648	1.2437185929648	1.2437185929648	1.2437185929648	1.2437185929648	1.2437185929648	1.2437185929648	1.2437185929648	1.2437185929648	1.2437185929648	1.2437185929648	1.2437185929648	1.2437185929648	1.2437185929648	1.2437185929648	1.2437185929648	1.2437185929648	1.2437185929648	1.2437185929648	1.2437185929648	1.2437185929648	1.2437185929648	1.2437185929648	1.2437185929648	1.2437185929648	1.2437185929648	1.2437185929648	1.2437185929648	1.2437185929648	1.2437185929648	1.2437185929648	1.2437185929648	1.2437185929648	1.2437185929648	1.2437185929648	1.2437185929648	1.2437185929648	1.2437185929648	1.2437185929648	1.2437185929648	1.2437185929648	1.2437185929648	1.2437185929648	1.2437185929648	1.2437185929648	1.2437185929648	1.2437185929648	1.2437185929648	1.2437185929648	1.2437185929648	1.2437185929648	1.2437185929648	1.2437185929648	1.2437185929648	1.2437185929648	1.2437185929648
1.7412060301507	1.7412060301507	1.7412060301507	1.7412060301507	1.7412060301507	1.7412060301507	1.7412060301507	1.7412060301507	1.7412060301507	1.7412060301507	1.7412060301507	1.7412060301507	1.7412060301507	1.7412060301507	1.7412060301507	1.7412060301507	1.7412060301507	1.7412060301507	1.7412060301507	1.7412060301507	1.7412060301507	1.7412060301507	1.7412060301507	1.7412060301507	1.7412060301507	1.7412060301507	1.7412060301507	1.7412060301507	1.7412060301507	1.7412060301507	1.7412060301507	1.7412060301507	1.7412060301507	1.7412060301507	1.7412060301507	1.7412060301507	1.7412060301507	1.7412060301507	1.7412060301507	1.7412060301507	1.7412060301507	1.7412060301507	1.7412060301507	1.7412060301507	1.7412060301507	1.7412060301507	1.7412060301507	1.7412060301507	1.7412060301507	1.7412060301507	1.7412060301507	1.7412060301507	1.7412060301507	1.7412060301507	1.7412060301507	1.7412060301507	1.7412060301507	1.7412060301507	1.7412060301507	1.7412060301507	1.7412060301507	1.7412060301507	1.7412060301507	1.7412060301507	1.7412060301507	1.7412060301507	1.7412060301507	1.7412060301507	1.7412060301507	1.7412060301507	1.7412060301507	1.7412060301507	1.7412060301507	1.7412060301507	1.7412060301507	1.7412060301507	1.7412060301507	1.7412060301507	1.7412060301507	1.7412060301507	1.7412060301507	1.7412060301507	1.7412060301507	1.7412060301507	1.7412060301507	1.7412060301507	1.7412060301507	1.7412060301507	1.7412060301507	1.7412060301507	1.7412060301507	1.7412060301507	1.7412060301507	1.7412060301507	1.7412060301507	1.7412060301507	1.7412060301507	1.7412060301507	1.7412060301507	1.7412060301507	1.7412060301507	1.7412060301507	1.7412060301507	1.7412060301507	1.7412060301507	1.7412060301507	1.7412060301507	1.7412060301507	1.7412060301507	1.7412060301507	1.7412060301507	1.7412060301507	1.7412060301507	1.7412060301507	1.7412060301507	1.7412060301507	1.7412060301507	1.7412060301507	1.7412060301507	1.7412060301507	1.7412060301507	1.7412060301507	1.7412060301507	1.7412060301507	1.7412060301507	1.7412060301507	1.7412060301507	1.7412060301507	1.7412060301507	1.7412060301507	1.7412060301507	1.7412060301507	1.7412060301507	1.7412060301507	1.7412060301507	1.7412060301507	1.7412060301507	1.7412060301507	1.7412060301507	1.7412060301507	1.7412060301507	1.7412060301507	1.7412060301507	1.7412060301507	1.7412060301507	1.7412060301507	1.7412060301507	1.7412060301507	1.7412060301507	1.7412060301507	1.7412060301507	1.7412060301507	1.7412060301507	1.7412060301507	1.7412060301507	1.7412060301507	1.7412060301507	1.7412060301507	1.7412060301507	1.7412060301507	1.7412060301507	1.7412060301507	1.7412060301507	1.7412060301507	1.7412060301507	1.7412060301507	1.7412060301507	1.7412060301507	1.7412060301507	1.7412060301507	1.7412060301507	1.7412060301507	1.7412060301507	1.7412060301507	1.7412060301507	1.7412060301507	1.7412060301507	1.7412060301507	1.7412060301507	1.7412060301507	1.7412060301507	1.7412060301507	1.7412060301507	1.7412060301507	1.7412060301507	1.7412060301507	1.7412060301507	1.7412060301507	1.7412060301507	1.7412060301507	1.7412060301507	1.7412060301507	1.7412060301507	1.7412060301507	1.7412060301507	1.7412060301507	1.7412060301507	1.7412060301507	1.7412060301507	1.7412060301507
2.2386934673367	2.2386934673367	2.2386934673367	2.2386934673367	2.2386934673367	2.2386934673367	2.2386934673367	2.2386934673367	2.2386934673367	2.2386934673367	2.2386934673367	2.2386934673367	2.2386934673367	2.2386934673367	2.2386934673367	2.2386934673367	2.2386934673367	2.2386934673367	2.2386934673367	2.2386934673367	2.2386934673367	2.2386934673367	2.2386934673367	2.2386934673367	2.2386934673367	2.2386934673367	2.2386934673367	2.2386934673367	2.2386934673367	2.2386934673367	2.2386934673367	2.2386934673367	2.2386934673367	2.2386934673367	2.2386934673367	2.2386934673367	2.2386934673367	2.2386934673367	2.2386934673367	2.2386934673367	2.2386934673367	2.2386934673367	2.2386934673367	2.2386934673367	2.2386934673367	2.2386934673367	2.2386934673367	2.2386934673367	2.2386934673367	2.2386934673367	2.2386934673367	2.2386934673367	2.2386934673367	2.2386934673367	2.2386934673367	2.2386934673367	2.2386934673367	2.2386934673367	2.2386934673367	2.2386934673367	2.2386934673367	2.2386934673367	2.2386934673367	2.2386934673367	2.2386934673367	2.2386934673367	2.2386934673367	2.2386934673367	2.2386934673367	2.2386934673367	2.2386934673367	2.2386934673367	2.2386934673367	2.2386934673367	2.2386934673367	2.2386934673367	2.2386934673367	2.2386934673367	2.2386934673367	2.2386934673367	2.2386934673367	2.2386934673367	2.2386934673367	2.2386934673367	2.2386934673367	2.2386934673367	2.2386934673367	2.2386934673367	2.2386934673367	2.2386934673367	2.2386934673367	2.2386934673367	2.2386934673367	2.2386934673367	2.2386934673367	2.2386934673367	2.2386934673367	2.2386934673367	2.2386934673367	2.2386934673367	2.2386934673367	2.2386934673367	2.2386934673367	2.2386934673367	2.2386934673367	2.2386934673367	2.2386934673367	2.2386934673367	2.2386934673367	2.2386934673367	2.2386934673367	2.2386934673367	2.2386934673367	2.2386934673367	2.2386934673367	2.2386934673367	2.2386934673367	2.2386934673367	2.2386934673367	2.2386934673367	2.2386934673367	2.2386934673367	2.2386934673367	2.2386934673367	2.2386934673367	2.2386934673367	2.2386934673367	2.2386934673367	2.2386934673367	2.2386934673367	2.2386934673367	2.2386934673367	2.2386934673367	2.2386934673367	2.2386934673367	2.2386934673367	2.2386934673367	2.2386934673367	2.2386934673367	2.2386934673367	2.2386934673367	2.2386934673367	2.2386934673367	2.2386934673367	2.2386934673367	2.2386934673367	2.2386934673367	2.2386934673367	2.2386934673367	2.2386934673367	2.2386934673367	2.2386934673367	2.2386934673367	2.2386934673367	2.2386934673367	2.2386934673367	2.2386934673367	2.2386934673367	2.2386934673367	2.2386934673367	2.2386934673367	2.2386934673367	2.2386934673367	2.2386934673367	2.2386934673367	2.2386934673367	2.2386934673367	2.2386934673367	2.2386934673367	2.2386934673367	2.2386934673367	2.2386934673367	2.2386934673367	2.2386934673367	2.2386934673367	2.2386934673367	2.2386934673367	2.2386934673367	2.2386934673367	2.2386934673367	2.2386934673367	2.2386934673367	2.2386934673367	2.2386934673367	2.2386934673367	2.2386934673367	2.2386934673367	2.2386934673367	2.2386934673367	2.2386934673367	2.2386934673367	2.2386934673367	2.2386934673367	2.2386934673367	2.2386934673367	2.2386934673367	2.2386934673367	2.2386934673367	2.2386934673367	2.2386934673367
2.7361809045226	2.7361809045226	2.7361809045226	2.7361809045226	2.7361809045226	2.7361809045226	2.7361809045226	2.7361809045226	2.7361809045226	2.7361809045226	2.7361809045226	2.7361809045226	2.7361809045226	2.7361809045226	2.7361809045226	2.7361809045226	2.7361809045226	2.7361809045226	2.7361809045226	2.7361809045226	2.7361809045226	2.7361809045226	2.7361809045226	2.7361809045226	2.7361809045226	2.7361809045226	2.7361809045226	2.7361809045226	2.7361809045226	2.7361809045226	2.7361809045226	2.7361809045226	2.7361809045226	2.7361809045226	2.7361809045226	2.7361809045226	2.7361809045226	2.7361809045226	2.7361809045226	2.7361809045226	2.7361809045226	2.7361809045226	2.7361809045226	2.7361809045226	2.7361809045226	2.7361809045226	2.7361809045226	2.7361809045226	2.7361809045226	2.7361809045226	2.7361809045226	2.7361809045226	2.7361809045226	2.7361809045226	2.7361809045226	2.7361809045226	2.7361809045226	2.7361809045226	2.7361809045226	2.7361809045226	2.7361809045226	2.7361809045226	2.7361809045226	2.7361809045226	2.7361809045226	2.7361809045226	2.7361809045226	2.7361809045226	2.7361809045226	2.7361809045226	2.7361809045226	2.7361809045226	2.7361809045226	2.7361809045226	2.7361809045226	2.7361809045226	2.7361809045226	2.7361809045226	2.7361809045226	2.7361809045226	2.7361809045226	2.7361809045226	2.7361809045226	2.7361809045226	2.7361809045226	2.7361809045226	2.7361809045226	2.7361809045226	2.7361809045226	2.7361809045226	2.7361809045226	2.7361809045226	2.7361809045226	2.7361809045226	2.7361809045226	2.7361809045226	2.7361809045226	2.7361809045226	2.7361809045226	2.7361809045226	2.7361809045226	2.7361809045226	2.7361809045226	2.7361809045226	2.7361809045226	2.7361809045226	2.7361809045226	2.7361809045226	2.7361809045226	2.7361809045226	2.7361809045226	2.7361809045226	2.7361809045226	2.7361809045226	2.7361809045226	2.7361809045226	2.7361809045226	2.7361809045226	2.7361809045226	2.7361809045226	2.7361809045226	2.7361809045226	2.7361809045226	2.7361809045226	2.7361809045226	2.7361809045226	2.7361809045226	2.7361809045226	2.7361809045226	2.7361809045226	2.7361809045226	2.7361809045226	2.7361809045226	2.7361809045226	2.7361809045226	2.7361809045226	2.7361809045226	2.7361809045226	2.7361809045226	2.7361809045226	2.7361809045226	2.7361809045226	2.7361809045226	2.7361809045226	2.7361809045226	2.7361809045226	2.7361809045226	2.7361809045226	2.7361809045226	2.7361809045226	2.7361809045226	2.7361809045226	2.7361809045226	2.7361809045226	2.7361809045226	2.7361809045226	2.7361809045226	2.7361809045226	2.7361809045226	2.7361809045226	2.7361809045226	2.7361809045226	2.7361809045226	2.7361809045226	2.7361809045226	2.7361809045226	2.7361809045226	2.7361809045226	2.7361809045226	2.7361809045226	2.7361809045226	2.7361809045226	2.7361809045226	2.7361809045226	2.7361809045226	2.7361809045226	2.7361809045226	2.7361809045226	2.7361809045226	2.7361809045226	2.7361809045226	2.7361809045226	2.7361809045226	2.7361809045226	2.7361809045226	2.7361809045226	2.7361809045226	2.7361809045226	2.7361809045226	2.7361809045226	2.7361809045226	2.7361809045226	2.7361809045226	2.7361809045226	2.7361809045226	2.7361809045226	2.7361809045226	2.7361809045226	2.7361809045226	2.7361809045226
3.2336683417085	3.2336683417085	3.2336683417085	3.2336683417085	3.2336683417085	3.2336683417085	3.2336683417085	3.2336683417085	3.2336683417085	3.2336683417085	3.2336683417085	3.2336683417085	3.2336683417085	3.2336683417085	3.2336683417085	3.2336683417085	3.2336683417085	3.2336683417085	3.2336683417085	3.2336683417085	3.2336683417085	3.2336683417085	3.2336683417085	3.2336683417085	3.2336683417085	3.2336683417085	3.2336683417085	3.2336683417085	3.2336683417085	3.2336683417085	3.2336683417085	3.2336683417085	3.2336683417085	3.2336683417085	3.2336683417085	3.2336683417085	3.2336683417085	3.2336683417085	3.2336683417085	3.2336683417085	3.2336683417085	3.2336683417085	3.2336683417085	3.2336683417085	3.2336683417085	3.2336683417085	3.2336683417085	3.2336683417085	3.2336683417085	3.2336683417085	3.2336683417085	3.2336683417085	3.2336683417085	3.2336683417085	3.2336683417085	3.2336683417085	3.2336683417085	3.2336683417085	3.2336683417085	3.2336683417085	3.2336683417085	3.2336683417085	3.2336683417085	3.2336683417085	3.2336683417085	3.2336683417085	3.2336683417085	3.2336683417085	3.2336683417085	3.2336683417085	3.2336683417085	3.2336683417085	3.2336683417085	3.2336683417085	3.2336683417085	3.2336683417085	3.2336683417085	3.2336683417085	3.2336683417085	3.2336683417085	3.2336683417085	3.2336683417085	3.2336683417085	3.2336683417085	3.2336683417085	3.2336683417085	3.2336683417085	3.2336683417085	3.2336683417085	3.2336683417085	3.2336683417085	3.2336683417085	3.2336683417085	3.2336683417085	3.2336683417085	3.2336683417085	3.2336683417085	3.2336683417085	3.2336683417085	3.2336683417085	3.2336683417085	3.2336683417085	3.2336683417085	3.2336683417085	3.2336683417085	3.2336683417085	3.2336683417085	3.2336683417085	3.2336683417085	3.2336683417085	3.2336683417085	3.2336683417085	3.2336683417085	3.2336683417085	3.2336683417085	3.2336683417085	3.2336683417085	3.2336683417085	3.2336683417085	3.2336683417085	3.2336683417085	3.2336683417085	3.2336683417085	3.2336683417085	3.2336683417085	3.2336683417085	3.2336683417085	3.2336683417085	3.2336683417085	3.2336683417085	3.2336683417085	3.2336683417085	3.2336683417085	3.2336683417085	3.2336683417085	3.2336683417085	3.2336683417085	3.2336683417085	3.2336683417085	3.2336683417085	3.2336683417085	3.2336683417085	3.2336683417085	3.2336683417085	3.2336683417085	3.2336683417085	3.2336683417085	3.2336683417085	3.2336683417085	3.2336683417085	3.2336683417085	3.2336683417085	3.2336683417085	3.2336683417085	3.2336683417085	3.2336683417085	3.2336683417085	3.2336683417085	3.2336683417085	3.2336683417085	3.2336683417085	3.2336683417085	3.2336683417085	3.2336683417085	3.2336683417085	3.2336683417085	3.2336683417085	3.2336683417085	3.2336683417085	3.2336683417085	3.2336683417085	3.2336683417085	3.2336683417085	3.2336683417085	3.2336683417085	3.2336683417085	3.2336683417085	3.2336683417085	3.2336683417085	3.2336683417085	3.2336683417085	3.2336683417085	3.2336683417085	3.2336683417085	3.2336683417085	3.2336683417085	3.2336683417085	3.2336683417085	3.2336683417085	3.2336683417085	3.2336683417085	3.2336683417085	3.2336683417085	3.2336683417085	3.2336683417085	3.2336683417085	3.2336683417085	3.2336683417085	3.2336683417085	3.2336683417085
3.7311557788945	3.7311557788945	3.7311557788945	3.7311557788945	3.7311557788945	3.7311557788945	3.7311557788945	3.7311557788945	3.7311557788945	3.7311557788945	3.7311557788945	3.7311557788945	3.7311557788945	3.7311557788945	3.7311557788945	3.7311557788945	3.7311557788945	3.7311557788945	3.7311557788945	3.7311557788945	3.7311557788945	3.7311557788945	3.7311557788945	3.7311557788945	3.7311557788945	3.7311557788945	3.7311557788945	3.7311557788945	3.7311557788945	3.7311557788945	3.7311557788945	3.7311557788945	3.7311557788945	3.7311557788945	3.7311557788945	3.7311557788945	3.7311557788945	3.7311557788945	3.7311557788945	3.7311557788945	3.7311557788945	3.7311557788945	3.7311557788945	3.7311557788945	3.7311557788945	3.7311557788945	3.7311557788945	3.7311557788945	3.7311557788945	3.7311557788945	3.7311557788945	3.7311557788945	3.7311557788945	3.7311557788945	3.7311557788945	3.7311557788945	3.7311557788945	3.7311557788945	3.7311557788945	3.7311557788945	3.7311557788945	3.7311557788945	3.7311557788945	3.7311557788945	3.7311557788945	3.7311557788945	3.7311557788945	3.7311557788945	3.7311557788945	3.7311557788945	3.7311557788945	3.7311557788945	3.7311557788945	3.7311557788945	3.7311557788945	3.7311557788945	3.7311557788945	3.7311557788945	3.7311557788945	3.7311557788945	3.7311557788945	3.7311557788945	3.7311557788945	3.7311557788945	3.7311557788945	3.7311557788945	3.7311557788945	3.7311557788945	3.7311557788945	3.7311557788945	3.7311557788945	3.7311557788945	3.7311557788945	3.7311557788945	3.7311557788945	3.7311557788945	3.7311557788945	3.7311557788945	3.7311557788945	3.7311557788945	3.7311557788945	3.7311557788945	3.7311557788945	3.7311557788945	3.7311557788945	3.7311557788945	3.7311557788945	3.7311557788945	3.7311557788945	3.7311557788945	3.7311557788945	3.7311557788945	3.7311557788945	3.7311557788945	3.7311557788945	3.7311557788945	3.7311557788945	3.7311557788945	3.7311557788945	3.7311557788945	3.7311557788945	3.7311557788945	3.7311557788945	3.7311557788945	3.7311557788945	3.7311557788945	3.7311557788945	3.7311557788945	3.7311557788945	3.7311557788945	3.7311557788945	3.7311557788945	3.7311557788945	3.7311557788945	3.7311557788945	3.7311557788945	3.7311557788945	3.7311557788945	3.7311557788945	3.7311557788945	3.7311557788945	3.7311557788945	3.7311557788945	3.7311557788945	3.7311557788945	3.7311557788945	3.7311557788945	3.7311557788945	3.7311557788945	3.7311557788945	3.7311557788945	3.7311557788945	3.7311557788945	3.7311557788945	3.7311557788945	3.7311557788945	3.7311557788945	3.7311557788945	3.7311557788945	3.7311557788945	3.7311557788945	3.7311557788945	3.7311557788945	3.7311557788945	3.7311557788945	3.7311557788945	3.7311557788945	3.7311557788945	3.7311557788945	3.7311557788945	3.7311557788945	3.7311557788945	3.7311557788945	3.7311557788945	3.7311557788945	3.7311557788945	3.7311557788945	3.7311557788945	3.7311557788945	3.7311557788945	3.7311557788945	3.7311557788945	3.7311557788945	3.7311557788945	3.7311557788945	3.7311557788945	3.7311557788945	3.7311557788945	3.7311557788945	3.7311557788945	3.7311557788945	3.7311557788945	3.7311557788945	3.7311557788945	3.7311557788945	3.7311557788945	3.7311557788945	3.7311557788945	3.7311557788945	3.7311557788945
4.2286432160804	4.2286432160804	4.2286432160804	4.2286432160804	4.2286432160804	4.2286432160804	4.2286432160804	4.2286432160804	4.2286432160804	4.2286432160804	4.2286432160804	4.2286432160804	4.2286432160804	4.2286432160804	4.2286432160804	4.2286432160804	4.2286432160804	4.2286432160804	4.2286432160804	4.2286432160804	4.2286432160804	4.2286432160804	4.2286432160804	4.2286432160804	4.2286432160804	4.2286432160804	4.2286432160804	4.2286432160804	4.2286432160804	4.2286432160804	4.2286432160804	4.2286432160804	4.2286432160804	4.2286432160804	4.2286432160804	4.2286432160804	4.2286432160804	4.2286432160804	4.2286432160804	4.2286432160804	4.2286432160804	4.2286432160804	4.2286432160804	4.2286432160804	4.2286432160804	4.2286432160804	4.2286432160804	4.2286432160804	4.2286432160804	4.2286432160804	4.2286432160804	4.2286432160804	4.2286432160804	4.2286432160804	4.2286432160804	4.2286432160804	4.2286432160804	4.2286432160804	4.2286432160804	4.2286432160804	4.2286432160804	4.2286432160804	4.2286432160804	4.2286432160804	4.2286432160804	4.2286432160804	4.2286432160804	4.2286432160804	4.2286432160804	4.2286432160804	4.2286432160804	4.2286432160804	4.2286432160804	4.2286432160804	4.2286432160804	4.2286432160804	4.2286432160804	4.2286432160804	4.2286432160804	4.2286432160804	4.2286432160804	4.2286432160804	4.2286432160804	4.2286432160804	4.2286432160804	4.2286432160804	4.2286432160804	4.2286432160804	4.2286432160804	4.2286432160804	4.2286432160804	4.2286432160804	4.2286432160804	4.2286432160804	4.2286432160804	4.2286432160804	4.2286432160804	4.2286432160804	4.2286432160804	4.2286432160804	4.2286432160804	4.2286432160804	4.2286432160804	4.2286432160804	4.2286432160804	4.2286432160804	4.2286432160804	4.2286432160804	4.2286432160804	4.2286432160804	4.2286432160804	4.2286432160804	4.2286432160804	4.2286432160804	4.2286432160804	4.2286432160804	4.2286432160804	4.2286432160804	4.2286432160804	4.2286432160804	4.2286432160804	4.2286432160804	4.2286432160804	4.2286432160804	4.2286432160804	4.2286432160804	4.2286432160804	4.2286432160804	4.2286432160804	4.2286432160804	4.2286432160804	4.2286432160804	4.2286432160804	4.2286432160804	4.2286432160804	4.2286432160804	4.2286432160804	4.2286432160804	4.2286432160804	4.2286432160804	4.2286432160804	4.2286432160804	4.2286432160804	4.2286432160804	4.2286432160804	4.2286432160804	4.2286432160804	4.2286432160804	4.2286432160804	4.2286432160804	4.2286432160804	4.2286432160804	4.2286432160804	4.2286432160804	4.2286432160804	4.2286432160804	4.2286432160804	4.2286432160804	4.2286432160804	4.2286432160804	4.2286432160804	4.2286432160804	4.2286432160804	4.2286432160804	4.2286432160804	4.2286432160804	4.2286432160804	4.2286432160804	4.2286432160804	4.2286432160804	4.2286432160804	4.2286432160804	4.2286432160804	4.2286432160804	4.2286432160804	4.2286432160804	4.2286432160804	4.2286432160804	4.2286432160804	4.2286432160804	4.2286432160804	4.2286432160804	4.2286432160804	4.2286432160804	4.2286432160804	4.2286432160804	4.2286432160804	4.2286432160804	4.2286432160804	4.2286432160804	4.2286432160804	4.2286432160804	4.2286432160804	4.2286432160804	4.2286432160804	4.2286432160804	4.2286432160804	4.2286432160804	4.2286432160804	4.2286432160804
4.7261306532663	4.7261306532663	4.7261306532663	4.7261306532663	4.7261306532663	4.7261306532663	4.7261306532663	4.7261306532663	4.7261306532663	4.7261306532663	4.7261306532663	4.7261306532663	4.7261306532663	4.7261306532663	4.7261306532663	4.7261306532663	4.7261306532663	4.7261306532663	4.7261306532663	4.7261306532663	4.7261306532663	4.7261306532663	4.7261306532663	4.7261306532663	4.7261306532663	4.7261306532663	4.7261306532663	4.7261306532663	4.7261306532663	4.7261306532663	4.7261306532663	4.7261306532663	4.7261306532663	4.7261306532663	4.7261306532663	4.7261306532663	4.7261306532663	4.7261306532663	4.7261306532663	4.7261306532663	4.7261306532663	4.7261306532663	4.7261306532663	4.7261306532663	4.7261306532663	4.7261306532663	4.7261306532663	4.7261306532663	4.7261306532663	4.7261306532663	4.7261306532663	4.7261306532663	4.7261306532663	4.7261306532663	4.7261306532663	4.7261306532663	4.7261306532663	4.7261306532663	4.7261306532663	4.7261306532663	4.7261306532663	4.7261306532663	4.7261306532663	4.7261306532663	4.7261306532663	4.7261306532663	4.7261306532663	4.7261306532663	4.7261306532663	4.7261306532663	4.7261306532663	4.7261306532663	4.7261306532663	4.7261306532663	4.7261306532663	4.7261306532663	4.7261306532663	4.7261306532663	4.7261306532663	4.7261306532663	4.7261306532663	4.7261306532663	4.7261306532663	4.7261306532663	4.7261306532663	4.7261306532663	4.7261306532663	4.7261306532663	4.7261306532663	4.7261306532663	4.7261306532663	4.7261306532663	4.7261306532663	4.7261306532663	4.7261306532663	4.7261306532663	4.7261306532663	4.7261306532663	4.7261306532663	4.7261306532663	4.7261306532663	4.7261306532663	4.7261306532663	4.7261306532663	4.7261306532663	4.7261306532663	4.7261306532663	4.7261306532663	4.7261306532663	4.7261306532663	4.7261306532663	4.7261306532663	4.7261306532663	4.7261306532663	4.7261306532663	4.7261306532663	4.7261306532663	4.7261306532663	4.7261306532663	4.7261306532663	4.7261306532663	4.7261306532663	4.7261306532663	4.7261306532663	4.7261306532663	4.7261306532663	4.7261306532663	4.7261306532663	4.7261306532663	4.7261306532663	4.7261306532663	4.7261306532663	4.7261306532663	4.7261306532663	4.7261306532663	4.7261306532663	4.7261306532663	4.7261306532663	4.7261306532663	4.7261306532663	4.7261306532663	4.7261306532663	4.7261306532663	4.7261306532663	4.7261306532663	4.7261306532663	4.7261306532663	4.7261306532663	4.7261306532663	4.7261306532663	4.7261306532663	4.7261306532663	4.7261306532663	4.7261306532663	4.7261306532663	4.7261306532663	4.7261306532663	4.7261306532663	4.7261306532663	4.7261306532663	4.7261306532663	4.7261306532663	4.7261306532663	4.7261306532663	4.7261306532663	4.7261306532663	4.7261306532663	4.7261306532663	4.7261306532663	4.7261306532663	4.7261306532663	4.7261306532663	4.7261306532663	4.7261306532663	4.7261306532663	4.7261306532663	4.7261306532663	4.7261306532663	4.7261306532663	4.7261306532663	4.7261306532663	4.7261306532663	4.7261306532663	4.7261306532663	4.7261306532663	4.7261306532663	4.7261306532663	4.7261306532663	4.7261306532663	4.7261306532663	4.7261306532663	4.7261306532663	4.7261306532663	4.7261306532663	4.7261306532663	4.7261306532663	4.7261306532663	4.7261306532663	4.7261306532663	4.7261306532663
5.2236180904523	5.2236180904523	5.2236180904523	5.2236180904523	5.2236180904523	5.2236180904523	5.2236180904523	5.2236180904523	5.2236180904523	5.2236180904523	5.2236180904523	5.2236180904523	5.2236180904523	5.2236180904523	5.2236180904523	5.2236180904523	5.2236180904523	5.2236180904523	5.2236180904523	5.2236180904523	5.2236180904523	5.2236180904523	5.2236180904523	5.2236180904523	5.2236180904523	5.2236180904523	5.2236180904523	5.2236180904523	5.2236180904523	5.2236180904523	5.2236180904523	5.2236180904523	5.2236180904523	5.2236180904523	5.2236180904523	5.2236180904523	5.2236180904523	5.2236180904523	5.2236180904523	5.2236180904523	5.2236180904523	5.2236180904523	5.2236180904523	5.2236180904523	5.2236180904523	5.2236180904523	5.2236180904523	5.2236180904523	5.2236180904523	5.2236180904523	5.2236180904523	5.2236180904523	5.2236180904523	5.2236180904523	5.2236180904523	5.2236180904523	5.2236180904523	5.2236180904523	5.2236180904523	5.2236180904523	5.2236180904523	5.2236180904523	5.2236180904523	5.2236180904523	5.2236180904523	5.2236180904523	5.2236180904523	5.2236180904523	5.2236180904523	5.2236180904523	5.2236180904523	5.2236180904523	5.2236180904523	5.2236180904523	5.2236180904523	5.2236180904523	5.2236180904523	5.2236180904523	5.2236180904523	5.2236180904523	5.2236180904523	5.2236180904523	5.2236180904523	5.2236180904523	5.2236180904523	5.2236180904523	5.2236180904523	5.2236180904523	5.2236180904523	5.2236180904523	5.2236180904523	5.2236180904523	5.2236180904523	5.2236180904523	5.2236180904523	5.2236180904523	5.2236180904523	5.2236180904523	5.2236180904523	5.2236180904523	5.2236180904523	5.2236180904523	5.2236180904523	5.2236180904523	5.2236180904523	5.2236180904523	5.2236180904523	5.2236180904523	5.2236180904523	5.2236180904523	5.2236180904523	5.2236180904523	5.2236180904523	5.2236180904523	5.2236180904523	5.2236180904523	5.2236180904523	5.2236180904523	5.2236180904523	5.2236180904523	5.2236180904523	5.2236180904523	5.2236180904523	5.2236180904523	5.2236180904523	5.2236180904523	5.2236180904523	5.2236180904523	5.2236180904523	5.2236180904523	5.2236180904523	5.2236180904523	5.2236180904523	5.2236180904523	5.2236180904523	5.2236180904523	5.2236180904523	5.2236180904523	5.2236180904523	5.2236180904523	5.2236180904523	5.2236180904523	5.2236180904523	5.2236180904523	5.2236180904523	5.2236180904523	5.2236180904523	5.2236180904523	5.2236180904523	5.2236180904523	5.2236180904523	5.2236180904523	5.2236180904523	5.2236180904523	5.2236180904523	5.2236180904523	5.2236180904523	5.2236180904523	5.2236180904523	5.2236180904523	5.2236180904523	5.2236180904523	5.2236180904523	5.2236180904523	5.2236180904523	5.2236180904523	5.2236180904523	5.2236180904523	5.2236180904523	5.2236180904523	5.2236180904523	5.2236180904523	5.2236180904523	5.2236180904523	5.2236180904523	5.2236180904523	5.2236180904523	5.2236180904523	5.2236180904523	5.2236180904523	5.2236180904523	5.2236180904523	5.2236180904523	5.2236180904523	5.2236180904523	5.2236180904523	5.2236180904523	5.2236180904523	5.2236180904523	5.2236180904523	5.2236180904523	5.2236180904523	5.2236180904523	5.2236180904523	5.2236180904523	5.2236180904523	5.2236180904523	5.2236180904523	5.2236180904523	5.2236180904523
5.7211055276382	5.7211055276382	5.7211055276382	5.7211055276382	5.7211055276382	5.7211055276382	5.7211055276382	5.7211055276382	5.7211055276382	5.7211055276382	5.7211055276382	5.7211055276382	5.7211055276382	5.7211055276382	5.7211055276382	5.7211055276382	5.7211055276382	5.7211055276382	5.7211055276382	5.7211055276382	5.7211055276382	5.7211055276382	5.7211055276382	5.7211055276382	5.7211055276382	5.7211055276382	5.7211055276382	5.7211055276382	5.7211055276382	5.7211055276382	5.7211055276382	5.7211055276382	5.7211055276382	5.7211055276382	5.7211055276382	5.7211055276382	5.7211055276382	5.7211055276382	5.7211055276382	5.7211055276382	5.7211055276382	5.7211055276382	5.7211055276382	5.7211055276382	5.7211055276382	5.7211055276382	5.7211055276382	5.7211055276382	5.7211055276382	5.7211055276382	5.7211055276382	5.7211055276382	5.7211055276382	5.7211055276382	5.7211055276382	5.7211055276382	5.7211055276382	5.7211055276382	5.7211055276382	5.7211055276382	5.7211055276382	5.7211055276382	5.7211055276382	5.7211055276382	5.7211055276382	5.7211055276382	5.7211055276382	5.7211055276382	5.7211055276382	5.7211055276382	5.7211055276382	5.7211055276382	5.7211055276382	5.7211055276382	5.7211055276382	5.7211055276382	5.7211055276382	5.7211055276382	5.7211055276382	5.7211055276382	5.7211055276382	5.7211055276382	5.7211055276382	5.7211055276382	5.7211055276382	5.7211055276382	5.7211055276382	5.7211055276382	5.7211055276382	5.7211055276382	5.7211055276382	5.7211055276382	5.7211055276382	5.7211055276382	5.7211055276382	5.7211055276382	5.7211055276382	5.7211055276382	5.7211055276382	5.7211055276382	5.7211055276382	5.7211055276382	5.7211055276382	5.7211055276382	5.7211055276382	5.7211055276382	5.7211055276382	5.7211055276382	5.7211055276382	5.7211055276382	5.7211055276382	5.7211055276382	5.7211055276382	5.7211055276382	5.7211055276382	5.7211055276382	5.7211055276382	5.7211055276382	5.7211055276382	5.7211055276382	5.7211055276382	5.7211055276382	5.7211055276382	5.7211055276382	5.7211055276382	5.7211055276382	5.7211055276382	5.7211055276382	5.7211055276382	5.7211055276382	5.7211055276382	5.7211055276382	5.7211055276382	5.7211055276382	5.7211055276382	5.7211055276382	5.7211055276382	5.7211055276382	5.7211055276382	5.7211055276382	5.7211055276382	5.7211055276382	5.7211055276382	5.7211055276382	5.7211055276382	5.7211055276382	5.7211055276382	5.7211055276382	5.7211055276382	5.7211055276382	5.7211055276382	5.7211055276382	5.7211055276382	5.7211055276382	5.7211055276382	5.7211055276382	5.7211055276382	5.7211055276382	5.7211055276382	5.7211055276382	5.7211055276382	5.7211055276382	5.7211055276382	5.7211055276382	5.7211055276382	5.7211055276382	5.7211055276382	5.7211055276382	5.7211055276382	5.7211055276382	5.7211055276382	5.7211055276382	5.7211055276382	5.7211055276382	5.7211055276382	5.7211055276382	5.7211055276382	5.7211055276382	5.7211055276382	5.7211055276382	5.7211055276382	5.7211055276382	5.7211055276382	5.7211055276382	5.7211055276382	5.7211055276382	5.7211055276382	5.7211055276382	5.7211055276382	5.7211055276382	5.7211055276382	5.7211055276382	5.7211055276382	5.7211055276382	5.7211055276382	5.7211055276382	5.7211055276382	5.7211055276382	5.7211055276382	5.7211055276382
6.2185929648241	6.2185929648241	6.2185929648241	6.2185929648241	6.2185929648241	6.2185929648241	6.2185929648241	6.2185929648241	6.2185929648241	6.2185929648241	6.2185929648241	6.2185929648241	6.2185929648241	6.2185929648241	6.2185929648241	6.2185929648241	6.2185929648241	6.2185929648241	6.2185929648241	6.2185929648241	6.2185929648241	6.2185929648241	6.2185929648241	6.2185929648241	6.2185929648241	6.2185929648241	6.2185929648241	6.2185929648241	6.2185929648241	6.2185929648241	6.2185929648241	6.2185929648241	6.2185929648241	6.2185929648241	6.2185929648241	6.2185929648241	6.2185929648241	6.2185929648241	6.2185929648241	6.2185929648241	6.2185929648241	6.2185929648241	6.2185929648241	6.2185929648241	6.2185929648241	6.2185929648241	6.2185929648241	6.2185929648241	6.2185929648241	6.2185929648241	6.2185929648241	6.2185929648241	6.2185929648241	6.2185929648241	6.2185929648241	6.2185929648241	6.2185929648241	6.2185929648241	6.2185929648241	6.2185929648241	6.2185929648241	6.2185929648241	6.2185929648241	6.2185929648241	6.2185929648241	6.2185929648241	6.2185929648241	6.2185929648241	6.2185929648241	6.2185929648241	6.2185929648241	6.2185929648241	6.2185929648241	6.2185929648241	6.2185929648241	6.2185929648241	6.2185929648241	6.2185929648241	6.2185929648241	6.2185929648241	6.2185929648241	6.2185929648241	6.2185929648241	6.2185929648241	6.2185929648241	6.2185929648241	6.2185929648241	6.2185929648241	6.2185929648241	6.2185929648241	6.2185929648241	6.2185929648241	6.2185929648241	6.2185929648241	6.2185929648241	6.2185929648241	6.2185929648241	6.2185929648241	6.2185929648241	6.2185929648241	6.2185929648241	6.2185929648241	6.2185929648241	6.2185929648241	6.2185929648241	6.2185929648241	6.2185929648241	6.2185929648241	6.2185929648241	6.2185929648241	6.2185929648241	6.2185929648241	6.2185929648241	6.2185929648241	6.2185929648241	6.2185929648241	6.2185929648241	6.2185929648241	6.2185929648241	6.2185929648241	6.2185929648241	6.2185929648241	6.2185929648241	6.2185929648241	6.2185929648241	6.2185929648241	6.2185929648241	6.2185929648241	6.2185929648241	6.2185929648241	6.2185929648241	6.2185929648241	6.2185929648241	6.2185929648241	6.2185929648241	6.2185929648241	6.2185929648241	6.2185929648241	6.2185929648241	6.2185929648241	6.2185929648241	6.2185929648241	6.2185929648241	6.2185929648241	6.2185929648241	6.2185929648241	6.2185929648241	6.2185929648241	6.2185929648241	6.2185929648241	6.2185929648241	6.2185929648241	6.2185929648241	6.2185929648241	6.2185929648241	6.2185929648241	6.2185929648241	6.2185929648241	6.2185929648241	6.2185929648241	6.2185929648241	6.2185929648241	6.2185929648241	6.2185929648241	6.2185929648241	6.2185929648241	6.2185929648241	6.2185929648241	6.2185929648241	6.2185929648241	6.2185929648241	6.2185929648241	6.2185929648241	6.2185929648241	6.2185929648241	6.2185929648241	6.2185929648241	6.2185929648241	6.2185929648241	6.2185929648241	6.2185929648241	6.2185929648241	6.2185929648241	6.2185929648241	6.2185929648241	6.2185929648241	6.2185929648241	6.2185929648241	6.2185929648241	6.2185929648241	6.2185929648241	6.2185929648241	6.2185929648241	6.2185929648241	6.2185929648241	6.2185929648241	6.2185929648241	6.2185929648241	6.2185929648241	6.2185929648241
6.71608040201	6.71608040201	6.71608040201	6.71608040201	6.71608040201	6.71608040201	6.71608040201	6.71608040201	6.71608040201	6.71608040201	6.71608040201	6.71608040201	6.71608040201	6.71608040201	6.71608040201	6.71608040201	6.71608040201	6.71608040201	6.71608040201	6.71608040201	6.71608040201	6.71608040201	6.71608040201	6.71608040201	6.71608040201	6.71608040201	6.71608040201	6.71608040201	6.71608040201	6.71608040201	6.71608040201	6.71608040201	6.71608040201	6.71608040201	6.71608040201	6.71608040201	6.71608040201	6.71608040201	6.71608040201	6.71608040201	6.71608040201	6.71608040201	6.71608040201	6.71608040201	6.71608040201	6.71608040201	6.71608040201	6.71608040201	6.71608040201	6.71608040201	6.71608040201	6.71608040201	6.71608040201	6.71608040201	6.71608040201	6.71608040201	6.71608040201	6.71608040201	6.71608040201	6.71608040201	6.71608040201	6.71608040201	6.71608040201	6.71608040201	6.71608040201	6.71608040201	6.71608040201	6.71608040201	6.71608040201	6.71608040201	6.71608040201	6.71608040201	6.71608040201	6.71608040201	6.71608040201	6.71608040201	6.71608040201	6.71608040201	6.71608040201	6.71608040201	6.71608040201	6.71608040201	6.71608040201	6.71608040201	6.71608040201	6.71608040201	6.71608040201	6.71608040201	6.71608040201	6.71608040201	6.71608040201	6.71608040201	6.71608040201	6.71608040201	6.71608040201	6.71608040201	6.71608040201	6.71608040201	6.71608040201	6.71608040201	6.71608040201	6.71608040201	6.71608040201	6.71608040201	6.71608040201	6.71608040201	6.71608040201	6.71608040201	6.71608040201	6.71608040201	6.71608040201	6.71608040201	6.71608040201	6.71608040201	6.71608040201	6.71608040201	6.71608040201	6.71608040201	6.71608040201	6.71608040201	6.71608040201	6.71608040201	6.71608040201	6.71608040201	6.71608040201	6.71608040201	6.71608040201	6.71608040201	6.71608040201	6.71608040201	6.71608040201	6.71608040201	6.71608040201	6.71608040201	6.71608040201	6.71608040201	6.71608040201	6.71608040201	6.71608040201	6.71608040201	6.71608040201	6.71608040201	6.71608040201	6.71608040201	6.71608040201	6.71608040201	6.71608040201	6.71608040201	6.71608040201	6.71608040201	6.71608040201	6.71608040201	6.71608040201	6.71608040201	6.71608040201	6.71608040201	6.71608040201	6.71608040201	6.71608040201	6.71608040201	6.71608040201	6.71608040201	6.71608040201	6.71608040201	6.71608040201	6.71608040201	6.71608040201	6.71608040201	6.71608040201	6.71608040201	6.71608040201	6.71608040201	6.71608040201	6.71608040201	6.71608040201	6.71608040201	6.71608040201	6.71608040201	6.71608040201	6.71608040201	6.71608040201	6.71608040201	6.71608040201	6.71608040201	6.71608040201	6.71608040201	6.71608040201	6.71608040201	6.71608040201	6.71608040201	6.71608040201	6.71608040201	6.71608040201	6.71608040201	6.71608040201	6.71608040201	6.71608040201	6.71608040201	6.71608040201	6.71608040201
7.213567839196	7.213567839196	7.213567839196	7.213567839196	7.213567839196	7.213567839196	7.213567839196	7.213567839196	7.213567839196	7.213567839196	7.213567839196	7.213567839196	7.213567839196	7.213567839196	7.213567839196	7.213567839196	7.213567839196	7.213567839196	7.213567839196	7.213567839196	7.213567839196	7.213567839196	7.213567839196	7.213567839196	7.213567839196	7.213567839196	7.213567839196	7.213567839196	7.213567839196	7.213567839196	7.213567839196	7.213567839196	7.213567839196	7.213567839196	7.213567839196	7.213567839196	7.213567839196	7.213567839196	7.213567839196	7.213567839196	7.213567839196	7.213567839196	7.213567839196	7.213567839196	7.213567839196	7.213567839196	7.213567839196	7.213567839196	7.213567839196	7.213567839196	7.213567839196	7.213567839196	7.213567839196	7.213567839196	7.213567839196	7.213567839196	7.213567839196	7.213567839196	7.213567839196	7.213567839196	7.213567839196	7.213567839196	7.213567839196	7.213567839196	7.213567839196	7.213567839196	7.213567839196	7.213567839196	7.213567839196	7.213567839196	7.213567839196	7.213567839196	7.213567839196	7.213567839196	7.213567839196	7.213567839196	7.213567839196	7.213567839196	7.213567839196	7.213567839196	7.213567839196	7.213567839196	7.213567839196	7.213567839196	7.213567839196	7.213567839196	7.213567839196	7.213567839196	7.213567839196	7.213567839196	7.213567839196	7.213567839196	7.213567839196	7.213567839196	7.213567839196	7.213567839196	7.213567839196	7.213567839196	7.213567839196	7.213567839196	7.213567839196	7.213567839196	7.213567839196	7.213567839196	7.213567839196	7.213567839196	7.213567839196	7.213567839196	7.213567839196	7.213567839196	7.213567839196	7.213567839196	7.213567839196	7.213567839196	7.213567839196	7.213567839196	7.213567839196	7.213567839196	7.213567839196	7.213567839196	7.213567839196	7.213567839196	7.213567839196	7.213567839196	7.213567839196	7.213567839196	7.213567839196	7.213567839196	7.213567839196	7.213567839196	7.213567839196	7.213567839196	7.213567839196	7.213567839196	7.213567839196	7.213567839196	7.213567839196	7.213567839196	7.213567839196	7.213567839196	7.213567839196	7.213567839196	7.213567839196	7.213567839196	7.213567839196	7.213567839196	7.213567839196	7.213567839196	7.213567839196	7.213567839196	7.213567839196	7.213567839196	7.213567839196	7.213567839196	7.213567839196	7.213567839196	7.213567839196	7.213567839196	7.213567839196	7.213567839196	7.213567839196	7.213567839196	7.213567839196	7.213567839196	7.213567839196	7.213567839196	7.213567839196	7.213567839196	7.213567839196	7.213567839196	7.213567839196	7.213567839196	7.213567839196	7.213567839196	7.213567839196	7.213567839196	7.213567839196	7.213567839196	7.213567839196	7.213567839196	7.213567839196	7.213567839196	7.213567839196	7.213567839196	7.213567839196	7.213567839196	7.213567839196	7.213567839196	7.213567839196	7.213567839196	7.213567839196	7.213567839196	7.213567839196	7.213567839196	7.213567839196	7.213567839196	7.213567839196	7.213567839196	7.213567839196	7.213567839196
7.7110552763819	7.7110552763819	7.7110552763819	7.7110552763819	7.7110552763819	7.7110552763819	7.7110552763819	7.7110552763819	7.7110552763819	7.7110552763819	7.7110552763819	7.7110552763819	7.7110552763819	7.7110552763819	7.7110552763819	7.7110552763819	7.7110552763819	7.7110552763819	7.7110552763819	7.7110552763819	7.7110552763819	7.7110552763819	7.7110552763819	7.7110552763819	7.7110552763819	7.7110552763819	7.7110552763819	7.7110552763819	7.7110552763819	7.7110552763819	7.7110552763819	7.7110552763819	7.7110552763819	7.7110552763819	7.7110552763819	7.7110552763819	7.7110552763819	7.7110552763819	7.7110552763819	7.7110552763819	7.7110552763819	7.7110552763819	7.7110552763819	7.7110552763819	7.7110552763819	7.7110552763819	7.7110552763819	7.7110552763819	7.7110552763819	7.7110552763819	7.7110552763819	7.7110552763819	7.7110552763819	7.7110552763819	7.7110552763819	7.7110552763819	7.7110552763819	7.7110552763819	7.7110552763819	7.7110552763819	7.7110552763819	7.7110552763819	7.7110552763819	7.7110552763819	7.7110552763819	7.7110552763819	7.7110552763819	7.7110552763819	7.7110552763819	7.7110552763819	7.7110552763819	7.7110552763819	7.7110552763819	7.7110552763819	7.7110552763819	7.7110552763819	7.7110552763819	7.7110552763819	7.7110552763819	7.7110552763819	7.7110552763819	7.7110552763819	7.7110552763819	7.7110552763819	7.7110552763819	7.7110552763819	7.7110552763819	7.7110552763819	7.7110552763819	7.7110552763819	7.7110552763819	7.7110552763819	7.7110552763819	7.7110552763819	7.7110552763819	7.7110552763819	7.7110552763819	7.7110552763819	7.7110552763819	7.7110552763819	7.7110552763819	7.7110552763819	7.7110552763819	7.7110552763819	7.7110552763819	7.7110552763819	7.7110552763819	7.7110552763819	7.7110552763819	7.7110552763819	7.7110552763819	7.7110552763819	7.7110552763819	7.7110552763819	7.7110552763819	7.7110552763819	7.7110552763819	7.7110552763819	7.7110552763819	7.7110552763819	7.7110552763819	7.7110552763819	7.7110552763819	7.7110552763819	7.7110552763819	7.7110552763819	7.7110552763819	7.7110552763819	7.7110552763819	7.7110552763819	7.7110552763819	7.7110552763819	7.7110552763819	7.7110552763819	7.7110552763819	7.7110552763819	7.7110552763819	7.7110552763819	7.7110552763819	7.7110552763819	7.7110552763819	7.7110552763819	7.7110552763819	7.7110552763819	7.7110552763819	7.7110552763819	7.7110552763819	7.7110552763819	7.7110552763819	7.7110552763819	7.7110552763819	7.7110552763819	7.7110552763819	7.7110552763819	7.7110552763819	7.7110552763819	7.7110552763819	7.7110552763819	7.7110552763819	7.7110552763819	7.7110552763819	7.7110552763819	7.7110552763819	7.7110552763819	7.7110552763819	7.7110552763819	7.7110552763819	7.7110552763819	7.7110552763819	7.7110552763819	7.7110552763819	7.7110552763819	7.7110552763819	7.7110552763819	7.7110552763819	7.7110552763819	7.7110552763819	7.7110552763819	7.7110552763819	7.7110552763819	7.7110552763819	7.7110552763819	7.7110552763819	7.7110552763819	7.7110552763819	7.7110552763819	7.7110552763819	7.7110552763819	7.7110552763819	7.7110552763819	7.7110552763819	7.7110552763819	7.7110552763819	7.7110552763819	7.7110552763819	7.7110552763819	7.7110552763819	7.7110552763819	7.7110552763819	7.7110552763819
8.2085427135678	8.2085427135678	8.2085427135678	8.2085427135678	8.2085427135678	8.2085427135678	8.2085427135678	8.2085427135678	8.2085427135678	8.2085427135678	8.2085427135678	8.2085427135678	8.2085427135678	8.2085427135678	8.2085427135678	8.2085427135678	8.2085427135678	8.2085427135678	8.2085427135678	8.2085427135678	8.2085427135678	8.2085427135678	8.2085427135678	8.2085427135678	8.2085427135678	8.2085427135678	8.2085427135678	8.2085427135678	8.2085427135678	8.2085427135678	8.2085427135678	8.2085427135678	8.2085427135678	8.2085427135678	8.2085427135678	8.2085427135678	8.2085427135678	8.2085427135678	8.2085427135678	8.2085427135678	8.2085427135678	8.2085427135678	8.2085427135678	8.2085427135678	8.2085427135678	8.2085427135678	8.2085427135678	8.2085427135678	8.2085427135678	8.2085427135678	8.2085427135678	8.2085427135678	8.2085427135678	8.2085427135678	8.2085427135678	8.2085427135678	8.2085427135678	8.2085427135678	8.2085427135678	8.2085427135678	8.2085427135678	8.2085427135678	8.2085427135678	8.2085427135678	8.2085427135678	8.2085427135678	8.2085427135678	8.2085427135678	8.2085427135678	8.2085427135678	8.2085427135678	8.2085427135678	8.2085427135678	8.2085427135678	8.2085427135678	8.2085427135678	8.2085427135678	8.2085427135678	8.2085427135678	8.2085427135678	8.2085427135678	8.2085427135678	8.2085427135678	8.2085427135678	8.2085427135678	8.2085427135678	8.2085427135678	8.2085427135678	8.2085427135678	8.2085427135678	8.2085427135678	8.2085427135678	8.2085427135678	8.2085427135678	8.2085427135678	8.2085427135678	8.2085427135678	8.2085427135678	8.2085427135678	8.2085427135678	8.2085427135678	8.2085427135678	8.2085427135678	8.2085427135678	8.2085427135678	8.2085427135678	8.2085427135678	8.2085427135678	8.2085427135678	8.2085427135678	8.2085427135678	8.2085427135678	8.2085427135678	8.2085427135678	8.2085427135678	8.2085427135678	8.2085427135678	8.2085427135678	8.2085427135678	8.2085427135678	8.2085427135678	8.2085427135678	8.2085427135678	8.2085427135678	8.2085427135678	8.2085427135678	8.2085427135678	8.2085427135678	8.2085427135678	8.2085427135678	8.2085427135678	8.2085427135678	8.2085427135678	8.2085427135678	8.2085427135678	8.2085427135678	8.2085427135678	8.2085427135678	8.2085427135678	8.2085427135678	8.2085427135678	8.2085427135678	8.2085427135678	8.2085427135678	8.2085427135678	8.2085427135678	8.2085427135678	8.2085427135678	8.2085427135678	8.2085427135678	8.2085427135678	8.2085427135678	8.2085427135678	8.2085427135678	8.2085427135678	8.2085427135678	8.2085427135678	8.2085427135678	8.2085427135678	8.2085427135678	8.2085427135678	8.2085427135678	8.2085427135678	8.2085427135678	8.2085427135678	8.2085427135678	8.2085427135678	8.2085427135678	8.2085427135678	8.2085427135678	8.2085427135678	8.2085427135678	8.2085427135678	8.2085427135678	8.2085427135678	8.2085427135678	8.2085427135678	8.2085427135678	8.2085427135678	8.2085427135678	8.2085427135678	8.2085427135678	8.2085427135678	8.2085427135678	8.2085427135678	8.2085427135678	8.2085427135678	8.2085427135678	8.2085427135678	8.2085427135678	8.2085427135678	8.2085427135678	8.2085427135678	8.2085427135678	8.2085427135678	8.2085427135678	8.2085427135678	8.2085427135678	8.2085427135678	8.2085427135678
8.7060301507538	8.7060301507538	8.7060301507538	8.7060301507538	8.7060301507538	8.7060301507538	8.7060301507538	8.7060301507538	8.7060301507538	8.7060301507538	8.7060301507538	8.7060301507538	8.7060301507538	8.7060301507538	8.7060301507538	8.7060301507538	8.7060301507538	8.7060301507538	8.7060301507538	8.7060301507538	8.7060301507538	8.7060301507538	8.7060301507538	8.7060301507538	8.7060301507538	8.7060301507538	8.7060301507538	8.7060301507538	8.7060301507538	8.7060301507538	8.7060301507538	8.7060301507538	8.7060301507538	8.7060301507538	8.7060301507538	8.7060301507538	8.7060301507538	8.7060301507538	8.7060301507538	8.7060301507538	8.7060301507538	8.7060301507538	8.7060301507538	8.7060301507538	8.7060301507538	8.7060301507538	8.7060301507538	8.7060301507538	8.7060301507538	8.7060301507538	8.7060301507538	8.7060301507538	8.7060301507538	8.7060301507538	8.7060301507538	8.7060301507538	8.7060301507538	8.7060301507538	8.7060301507538	8.7060301507538	8.7060301507538	8.7060301507538	8.7060301507538	8.7060301507538	8.7060301507538	8.7060301507538	8.7060301507538	8.7060301507538	8.7060301507538	8.7060301507538	8.7060301507538	8.7060301507538	8.7060301507538	8.7060301507538	8.7060301507538	8.7060301507538	8.7060301507538	8.7060301507538	8.7060301507538	8.7060301507538	8.7060301507538	8.7060301507538	8.7060301507538	8.7060301507538	8.7060301507538	8.7060301507538	8.7060301507538	8.7060301507538	8.7060301507538	8.7060301507538	8.7060301507538	8.7060301507538	8.7060301507538	8.7060301507538	8.7060301507538	8.7060301507538	8.7060301507538	8.7060301507538	8.7060301507538	8.7060301507538	8.7060301507538	8.7060301507538	8.7060301507538	8.7060301507538	8.7060301507538	8.7060301507538	8.7060301507538	8.7060301507538	8.7060301507538	8.7060301507538	8.7060301507538	8.7060301507538	8.7060301507538	8.7060301507538	8.7060301507538	8.7060301507538	8.7060301507538	8.7060301507538	8.7060301507538	8.7060301507538	8.7060301507538	8.7060301507538	8.7060301507538	8.7060301507538	8.7060301507538	8.7060301507538	8.7060301507538	8.7060301507538	8.7060301507538	8.7060301507538	8.7060301507538	8.7060301507538	8.7060301507538	8.7060301507538	8.7060301507538	8.7060301507538	8.7060301507538	8.7060301507538	8.7060301507538	8.7060301507538	8.7060301507538	8.7060301507538	8.7060301507538	8.7060301507538	8.7060301507538	8.7060301507538	8.7060301507538	8.7060301507538	8.7060301507538	8.7060301507538	8.7060301507538	8.7060301507538	8.7060301507538	8.7060301507538	8.7060301507538	8.7060301507538	8.7060301507538	8.7060301507538	8.7060301507538	8.7060301507538	8.7060301507538	8.7060301507538	8.7060301507538	8.7060301507538	8.7060301507538	8.7060301507538	8.7060301507538	8.7060301507538	8.7060301507538	8.7060301507538	8.7060301507538	8.7060301507538	8.7060301507538	8.7060301507538	8.7060301507538	8.7060301507538	8.7060301507538	8.7060301507538	8.7060301507538	8.7060301507538	8.7060301507538	8.7060301507538	8.7060301507538	8.7060301507538	8.7060301507538	8.7060301507538	8.7060301507538	8.7060301507538	8.7060301507538	8.7060301507538	8.7060301507538	8.7060301507538	8.7060301507538	8.7060301507538	8.7060301507538	8.7060301507538	8.7060301507538	8.7060301507538	8.7060301507538	8.7060301507538
9.2035175879397	9.2035175879397	9.2035175879397	9.2035175879397	9.2035175879397	9.2035175879397	9.2035175879397	9.2035175879397	9.2035175879397	9.2035175879397	9.2035175879397	9.2035175879397	9.2035175879397	9.2035175879397	9.2035175879397	9.2035175879397	9.2035175879397	9.2035175879397	9.2035175879397	9.2035175879397	9.2035175879397	9.2035175879397	9.2035175879397	9.2035175879397	9.2035175879397	9.2035175879397	9.2035175879397	9.2035175879397	9.2035175879397	9.2035175879397	9.2035175879397	9.2035175879397	9.2035175879397	9.2035175879397	9.2035175879397	9.2035175879397	9.2035175879397	9.2035175879397	9.2035175879397	9.2035175879397	9.2035175879397	9.2035175879397	9.2035175879397	9.2035175879397	9.2035175879397	9.2035175879397	9.2035175879397	9.2035175879397	9.2035175879397	9.2035175879397	9.2035175879397	9.2035175879397	9.2035175879397	9.2035175879397	9.2035175879397	9.2035175879397	9.2035175879397	9.2035175879397	9.2035175879397	9.2035175879397	9.2035175879397	9.2035175879397	9.2035175879397	9.2035175879397	9.2035175879397	9.2035175879397	9.2035175879397	9.2035175879397	9.2035175879397	9.2035175879397	9.2035175879397	9.2035175879397	9.2035175879397	9.2035175879397	9.2035175879397	9.2035175879397	9.2035175879397	9.2035175879397	9.2035175879397	9.2035175879397	9.2035175879397	9.2035175879397	9.2035175879397	9.2035175879397	9.2035175879397	9.2035175879397	9.2035175879397	9.2035175879397	9.2035175879397	9.2035175879397	9.2035175879397	9.2035175879397	9.2035175879397	9.2035175879397	9.2035175879397	9.2035175879397	9.2035175879397	9.2035175879397	9.2035175879397	9.2035175879397	9.2035175879397	9.2035175879397	9.2035175879397	9.2035175879397	9.2035175879397	9.2035175879397	9.2035175879397	9.2035175879397	9.2035175879397	9.2035175879397	9.2035175879397	9.2035175879397	9.2035175879397	9.2035175879397	9.2035175879397	9.2035175879397	9.2035175879397	9.2035175879397	9.2035175879397	9.2035175879397	9.2035175879397	9.2035175879397	9.2035175879397	9.2035175879397	9.2035175879397	9.2035175879397	9.2035175879397	9.2035175879397	9.2035175879397	9.2035175879397	9.2035175879397	9.2035175879397	9.2035175879397	9.2035175879397	9.2035175879397	9.2035175879397	9.2035175879397	9.2035175879397	9.2035175879397	9.2035175879397	9.2035175879397	9.2035175879397	9.2035175879397	9.2035175879397	9.2035175879397	9.2035175879397	9.2035175879397	9.2035175879397	9.2035175879397	9.2035175879397	9.2035175879397	9.2035175879397	9.2035175879397	9.2035175879397	9.2035175879397	9.2035175879397	9.2035175879397	9.2035175879397	9.2035175879397	9.2035175879397	9.2035175879397	9.2035175879397	9.2035175879397	9.2035175879397	9.2035175879397	9.2035175879397	9.2035175879397	9.2035175879397	9.2035175879397	9.2035175879397	9.2035175879397	9.2035175879397	9.2035175879397	9.2035175879397	9.2035175879397	9.2035175879397	9.2035175879397	9.2035175879397	9.2035175879397	9.2035175879397	9.2035175879397	9.2035175879397	9.2035175879397	9.2035175879397	9.2035175879397	9.2035175879397	9.2035175879397	9.2035175879397	9.2035175879397	9.2035175879397	9.2035175879397	9.2035175879397	9.2035175879397	9.2035175879397	9.2035175879397	9.2035175879397	9.2035175879397	9.2035175879397	9.2035175879397	9.2035175879397
9.7010050251256	9.7010050251256	9.7010050251256	9.7010050251256	9.7010050251256	9.7010050251256	9.7010050251256	9.7010050251256	9.7010050251256	9.7010050251256	9.7010050251256	9.7010050251256	9.7010050251256	9.7010050251256	9.7010050251256	9.7010050251256	9.7010050251256	9.7010050251256	9.7010050251256	9.7010050251256	9.7010050251256	9.7010050251256	9.7010050251256	9.7010050251256	9.7010050251256	9.7010050251256	9.7010050251256	9.7010050251256	9.7010050251256	9.7010050251256	9.7010050251256	9.7010050251256	9.7010050251256	9.7010050251256	9.7010050251256	9.7010050251256	9.7010050251256	9.7010050251256	9.7010050251256	9.7010050251256	9.7010050251256	9.7010050251256	9.7010050251256	9.7010050251256	9.7010050251256	9.7010050251256	9.7010050251256	9.7010050251256	9.7010050251256	9.7010050251256	9.7010050251256	9.7010050251256	9.7010050251256	9.7010050251256	9.7010050251256	9.7010050251256	9.7010050251256	9.7010050251256	9.7010050251256	9.7010050251256	9.7010050251256	9.7010050251256	9.7010050251256	9.7010050251256	9.7010050251256	9.7010050251256	9.7010050251256	9.7010050251256	9.7010050251256	9.7010050251256	9.7010050251256	9.7010050251256	9.7010050251256	9.7010050251256	9.7010050251256	9.7010050251256	9.7010050251256	9.7010050251256	9.7010050251256	9.7010050251256	9.7010050251256	9.7010050251256	9.7010050251256	9.7010050251256	9.7010050251256	9.7010050251256	9.7010050251256	9.7010050251256	9.7010050251256	9.7010050251256	9.7010050251256	9.7010050251256	9.7010050251256	9.7010050251256	9.7010050251256	9.7010050251256	9.7010050251256	9.7010050251256	9.7010050251256	9.7010050251256	9.7010050251256	9.7010050251256	9.7010050251256	9.7010050251256	9.7010050251256	9.7010050251256	9.7010050251256	9.7010050251256	9.7010050251256	9.7010050251256	9.7010050251256	9.7010050251256	9.7010050251256	9.7010050251256	9.7010050251256	9.7010050251256	9.7010050251256	9.7010050251256	9.7010050251256	9.7010050251256	9.7010050251256	9.7010050251256	9.7010050251256	9.7010050251256	9.7010050251256	9.7010050251256	9.7010050251256	9.7010050251256	9.7010050251256	9.7010050251256	9.7010050251256	9.7010050251256	9.7010050251256	9.7010050251256	9.7010050251256	9.7010050251256	9.7010050251256	9.7010050251256	9.7010050251256	9.7010050251256	9.7010050251256	9.7010050251256	9.7010050251256	9.7010050251256	9.7010050251256	9.7010050251256	9.7010050251256	9.7010050251256	9.7010050251256	9.7010050251256	9.7010050251256	9.7010050251256	9.7010050251256	9.7010050251256	9.7010050251256	9.7010050251256	9.7010050251256	9.7010050251256	9.7010050251256	9.7010050251256	9.7010050251256	9.7010050251256	9.7010050251256	9.7010050251256	9.7010050251256	9.7010050251256	9.7010050251256	9.7010050251256	9.7010050251256	9.7010050251256	9.7010050251256	9.7010050251256	9.7010050251256	9.7010050251256	9.7010050251256	9.7010050251256	9.7010050251256	9.7010050251256	9.7010050251256	9.7010050251256	9.7010050251256	9.7010050251256	9.7010050251256	9.7010050251256	9.7010050251256	9.7010050251256	9.7010050251256	9.7010050251256	9.7010050251256	9.7010050251256	9.7010050251256	9.7010050251256	9.7010050251256	9.7010050251256	9.7010050251256	9.7010050251256	9.7010050251256	9.7010050251256	9.7010050251256	9.7010050251256
10.198492462312	10.198492462312	10.198492462312	10.198492462312	10.198492462312	10.198492462312	10.198492462312	10.198492462312	10.198492462312	10.198492462312	10.198492462312	10.198492462312	10.198492462312	10.198492462312	10.198492462312	10.198492462312	10.198492462312	10.198492462312	10.198492462312	10.198492462312	10.198492462312	10.198492462312	10.198492462312	10.198492462312	10.198492462312	10.198492462312	10.198492462312	10.198492462312	10.198492462312	10.198492462312	10.198492462312	10.198492462312	10.198492462312	10.198492462312	10.198492462312	10.198492462312	10.198492462312	10.198492462312	10.198492462312	10.198492462312	10.198492462312	10.198492462312	10.198492462312	10.198492462312	10.198492462312	10.198492462312	10.198492462312	10.198492462312	10.198492462312	10.198492462312	10.198492462312	10.198492462312	10.198492462312	10.198492462312	10.198492462312	10.198492462312	10.198492462312	10.198492462312	10.198492462312	10.198492462312	10.198492462312	10.198492462312	10.198492462312	10.198492462312	10.198492462312	10.198492462312	10.198492462312	10.198492462312	10.198492462312	10.198492462312	10.198492462312	10.198492462312	10.198492462312	10.198492462312	10.198492462312	10.198492462312	10.198492462312	10.198492462312	10.198492462312	10.198492462312	10.198492462312	10.198492462312	10.198492462312	10.198492462312	10.198492462312	10.198492462312	10.198492462312	10.198492462312	10.198492462312	10.198492462312	10.198492462312	10.198492462312	10.198492462312	10.198492462312	10.198492462312	10.198492462312	10.198492462312	10.198492462312	10.198492462312	10.198492462312	10.198492462312	10.198492462312	10.198492462312	10.198492462312	10.198492462312	10.198492462312	10.198492462312	10.198492462312	10.198492462312	10.198492462312	10.198492462312	10.198492462312	10.198492462312	10.198492462312	10.198492462312	10.198492462312	10.198492462312	10.198492462312	10.198492462312	10.198492462312	10.198492462312	10.198492462312	10.198492462312	10.198492462312	10.198492462312	10.198492462312	10.198492462312	10.198492462312	10.198492462312	10.198492462312	10.198492462312	10.198492462312	10.198492462312	10.198492462312	10.198492462312	10.198492462312	10.198492462312	10.198492462312	10.198492462312	10.198492462312	10.198492462312	10.198492462312	10.198492462312	10.198492462312	10.198492462312	10.198492462312	10.198492462312	10.198492462312	10.198492462312	10.198492462312	10.198492462312	10.198492462312	10.198492462312	10.198492462312	10.198492462312	10.198492462312	10.198492462312	10.198492462312	10.198492462312	10.198492462312	10.198492462312	10.198492462312	10.198492462312	10.198492462312	10.198492462312	10.198492462312	10.198492462312	10.198492462312	10.198492462312	10.198492462312	10.198492462312	10.198492462312	10.198492462312	10.198492462312	10.198492462312	10.198492462312	10.198492462312	10.198492462312	10.198492462312	10.198492462312	10.198492462312	10.198492462312	10.198492462312	10.198492462312	10.198492462312	10.198492462312	10.198492462312	10.198492462312	10.198492462312	10.198492462312	10.198492462312	10.198492462312	10.198492462312	10.198492462312	10.198492462312	10.198492462312	10.198492462312	10.198492462312	10.198492462312	10.198492462312
10.695979899497	10.695979899497	10.695979899497	10.695979899497	10.695979899497	10.695979899497	10.695979899497	10.695979899497	10.695979899497	10.695979899497	10.695979899497	10.695979899497	10.695979899497	10.695979899497	10.695979899497	10.695979899497	10.695979899497	10.695979899497	10.695979899497	10.695979899497	10.695979899497	10.695979899497	10.695979899497	10.695979899497	10.695979899497	10.695979899497	10.695979899497	10.695979899497	10.695979899497	10.695979899497	10.695979899497	10.695979899497	10.695979899497	10.695979899497	10.695979899497	10.695979899497	10.695979899497	10.695979899497	10.695979899497	10.695979899497	10.695979899497	10.695979899497	10.695979899497	10.695979899497	10.695979899497	10.695979899497	10.695979899497	10.695979899497	10.695979899497	10.695979899497	10.695979899497	10.695979899497	10.695979899497	10.695979899497	10.695979899497	10.695979899497	10.695979899497	10.695979899497	10.695979899497	10.695979899497	10.695979899497	10.695979899497	10.695979899497	10.695979899497	10.695979899497	10.695979899497	10.695979899497	10.695979899497	10.695979899497	10.695979899497	10.695979899497	10.695979899497	10.695979899497	10.695979899497	10.695979899497	10.695979899497	10.695979899497	10.695979899497	10.695979899497	10.695979899497	10.695979899497	10.695979899497	10.695979899497	10.695979899497	10.695979899497	10.695979899497	10.695979899497	10.695979899497	10.695979899497	10.695979899497	10.695979899497	10.695979899497	10.695979899497	10.695979899497	10.695979899497	10.695979899497	10.695979899497	10.695979899497	10.695979899497	10.695979899497	10.695979899497	10.695979899497	10.695979899497	10.695979899497	10.695979899497	10.695979899497	10.695979899497	10.695979899497	10.695979899497	10.695979899497	10.695979899497	10.695979899497	10.695979899497	10.695979899497	10.695979899497	10.695979899497	10.695979899497	10.695979899497	10.695979899497	10.695979899497	10.695979899497	10.695979899497	10.695979899497	10.695979899497	10.695979899497	10.695979899497	10.695979899497	10.695979899497	10.695979899497	10.695979899497	10.695979899497	10.695979899497	10.695979899497	10.695979899497	10.695979899497	10.695979899497	10.695979899497	10.695979899497	10.695979899497	10.695979899497	10.695979899497	10.695979899497	10.695979899497	10.695979899497	10.695979899497	10.695979899497	10.695979899497	10.695979899497	10.695979899497	10.695979899497	10.695979899497	10.695979899497	10.695979899497	10.695979899497	10.695979899497	10.695979899497	10.695979899497	10.695979899497	10.695979899497	10.695979899497	10.695979899497	10.695979899497	10.695979899497	10.695979899497	10.695979899497	10.695979899497	10.695979899497	10.695979899497	10.695979899497	10.695979899497	10.695979899497	10.695979899497	10.695979899497	10.695979899497	10.695979899497	10.695979899497	10.695979899497	10.695979899497	10.695979899497	10.695979899497	10.695979899497	10.695979899497	10.695979899497	10.695979899497	10.695979899497	10.695979899497	10.695979899497	10.695979899497	10.695979899497	10.695979899497	10.695979899497	10.695979899497	10.695979899497	10.695979899497	10.695979899497	10.695979899497	10.695979899497	10.695979899497	10.695979899497	10.695979899497
11.193467336683	11.193467336683	11.193467336683	11.193467336683	11.193467336683	11.193467336683	11.193467336683	11.193467336683	11.193467336683	11.193467336683	11.193467336683	11.193467336683	11.193467336683	11.193467336683	11.193467336683	11.193467336683	11.193467336683	11.193467336683	11.193467336683	11.193467336683	11.193467336683	11.193467336683	11.193467336683	11.193467336683	11.193467336683	11.193467336683	11.193467336683	11.193467336683	11.193467336683	11.193467336683	11.193467336683	11.193467336683	11.193467336683	11.193467336683	11.193467336683	11.193467336683	11.193467336683	11.193467336683	11.193467336683	11.193467336683	11.193467336683	11.193467336683	11.193467336683	11.193467336683	11.193467336683	11.193467336683	11.193467336683	11.193467336683	11.193467336683	11.193467336683	11.193467336683	11.193467336683	11.193467336683	11.193467336683	11.193467336683	11.193467336683	11.193467336683	11.193467336683	11.193467336683	11.193467336683	11.193467336683	11.193467336683	11.193467336683	11.193467336683	11.193467336683	11.193467336683	11.193467336683	11.193467336683	11.193467336683	11.193467336683	11.193467336683	11.193467336683	11.193467336683	11.193467336683	11.193467336683	11.193467336683	11.193467336683	11.193467336683	11.193467336683	11.193467336683	11.193467336683	11.193467336683	11.193467336683	11.193467336683	11.193467336683	11.193467336683	11.193467336683	11.193467336683	11.193467336683	11.193467336683	11.193467336683	11.193467336683	11.193467336683	11.193467336683	11.193467336683	11.193467336683	11.193467336683	11.193467336683	11.193467336683	11.193467336683	11.193467336683	11.193467336683	11.193467336683	11.193467336683	11.193467336683	11.193467336683	11.193467336683	11.193467336683	11.193467336683	11.193467336683	11.193467336683	11.193467336683	11.193467336683	11.193467336683	11.193467336683	11.193467336683	11.193467336683	11.193467336683	11.193467336683	11.193467336683	11.193467336683	11.193467336683	11.193467336683	11.193467336683	11.193467336683	11.193467336683	11.193467336683	11.193467336683	11.193467336683	11.193467336683	11.193467336683	11.193467336683	11.193467336683	11.193467336683	11.193467336683	11.193467336683	11.193467336683	11.193467336683	11.193467336683	11.193467336683	11.193467336683	11.193467336683	11.193467336683	11.193467336683	11.193467336683	11.193467336683	11.193467336683	11.193467336683	11.193467336683	11.193467336683	11.193467336683	11.193467336683	11.193467336683	11.193467336683	11.193467336683	11.193467336683	11.193467336683	11.193467336683	11.193467336683	11.193467336683	11.193467336683	11.193467336683	11.193467336683	11.193467336683	11.193467336683	11.193467336683	11.193467336683	11.193467336683	11.193467336683	11.193467336683	11.193467336683	11.193467336683	11.193467336683	11.193467336683	11.193467336683	11.193467336683	11.193467336683	11.193467336683	11.193467336683	11.193467336683	11.193467336683	11.193467336683	11.193467336683	11.193467336683	11.193467336683	11.193467336683	11.193467336683	11.193467336683	11.193467336683	11.193467336683	11.193467336683	11.193467336683	11.193467336683	11.193467336683	11.193467336683	11.193467336683	11.193467336683	11.193467336683	11.193467336683	11.193467336683
11.690954773869	11.690954773869	11.690954773869	11.690954773869	11.690954773869	11.690954773869	11.690954773869	11.690954773869	11.690954773869	11.690954773869	11.690954773869	11.690954773869	11.690954773869	11.690954773869	11.690954773869	11.690954773869	11.690954773869	11.690954773869	11.690954773869	11.690954773869	11.690954773869	11.690954773869	11.690954773869	11.690954773869	11.690954773869	11.690954773869	11.690954773869	11.690954773869	11.690954773869	11.690954773869	11.690954773869	11.690954773869	11.690954773869	11.690954773869	11.690954773869	11.690954773869	11.690954773869	11.690954773869	11.690954773869	11.690954773869	11.690954773869	11.690954773869	11.690954773869	11.690954773869	11.690954773869	11.690954773869	11.690954773869	11.690954773869	11.690954773869	11.690954773869	11.690954773869	11.690954773869	11.690954773869	11.690954773869	11.690954773869	11.690954773869	11.690954773869	11.690954773869	11.690954773869	11.690954773869	11.690954773869	11.690954773869	11.690954773869	11.690954773869	11.690954773869	11.690954773869	11.690954773869	11.690954773869	11.690954773869	11.690954773869	11.690954773869	11.690954773869	11.690954773869	11.690954773869	11.690954773869	11.690954773869	11.690954773869	11.690954773869	11.690954773869	11.690954773869	11.690954773869	11.690954773869	11.690954773869	11.690954773869	11.690954773869	11.690954773869	11.690954773869	11.690954773869	11.690954773869	11.690954773869	11.690954773869	11.690954773869	11.690954773869	11.690954773869	11.690954773869	11.690954773869	11.690954773869	11.690954773869	11.690954773869	11.690954773869	11.690954773869	11.690954773869	11.690954773869	11.690954773869	11.690954773869	11.690954773869	11.690954773869	11.690954773869	11.690954773869	11.690954773869	11.690954773869	11.690954773869	11.690954773869	11.690954773869	11.690954773869	11.690954773869	11.690954773869	11.690954773869	11.690954773869	11.690954773869	11.690954773869	11.690954773869	11.690954773869	11.690954773869	11.690954773869	11.690954773869	11.690954773869	11.690954773869	11.690954773869	11.690954773869	11.690954773869	11.690954773869	11.690954773869	11.690954773869	11.690954773869	11.690954773869	11.690954773869	11.690954773869	11.690954773869	11.690954773869	11.690954773869	11.690954773869	11.690954773869	11.690954773869	11.690954773869	11.690954773869	11.690954773869	11.690954773869	11.690954773869	11.690954773869	11.690954773869	11.690954773869	11.690954773869	11.690954773869	11.690954773869	11.690954773869	11.690954773869	11.690954773869	11.690954773869	11.690954773869	11.690954773869	11.690954773869	11.690954773869	11.690954773869	11.690954773869	11.690954773869	11.690954773869	11.690954773869	11.690954773869	11.690954773869	11.690954773869	11.690954773869	11.690954773869	11.690954773869	11.690954773869	11.690954773869	11.690954773869	11.690954773869	11.690954773869	11.690954773869	11.690954773869	11.690954773869	11.690954773869	11.690954773869	11.690954773869	11.690954773869	11.690954773869	11.690954773869	11.690954773869	11.690954773869	11.690954773869	11.690954773869	11.690954773869	11.690954773869	11.690954773869	11.690954773869	11.690954773869	11.690954773869	11.690954773869	11.690954773869
12.188442211055	12.188442211055	12.188442211055	12.188442211055	12.188442211055	12.188442211055	12.188442211055	12.188442211055	12.188442211055	12.188442211055	12.188442211055	12.188442211055	12.188442211055	12.188442211055	12.188442211055	12.188442211055	12.188442211055	12.188442211055	12.188442211055	12.188442211055	12.188442211055	12.188442211055	12.188442211055	12.188442211055	12.188442211055	12.188442211055	12.188442211055	12.188442211055	12.188442211055	12.188442211055	12.188442211055	12.188442211055	12.188442211055	12.188442211055	12.188442211055	12.188442211055	12.188442211055	12.188442211055	12.188442211055	12.188442211055	12.188442211055	12.188442211055	12.188442211055	12.188442211055	12.188442211055	12.188442211055	12.188442211055	12.188442211055	12.188442211055	12.188442211055	12.188442211055	12.188442211055	12.188442211055	12.188442211055	12.188442211055	12.188442211055	12.188442211055	12.188442211055	12.188442211055	12.188442211055	12.188442211055	12.188442211055	12.188442211055	12.188442211055	12.188442211055	12.188442211055	12.188442211055	12.188442211055	12.188442211055	12.188442211055	12.188442211055	12.188442211055	12.188442211055	12.188442211055	12.188442211055	12.188442211055	12.188442211055	12.188442211055	12.188442211055	12.188442211055	12.188442211055	12.188442211055	12.188442211055	12.188442211055	12.188442211055	12.188442211055	12.188442211055	12.188442211055	12.188442211055	12.188442211055	12.188442211055	12.188442211055	12.188442211055	12.188442211055	12.188442211055	12.188442211055	12.188442211055	12.188442211055	12.188442211055	12.188442211055	12.188442211055	12.188442211055	12.188442211055	12.188442211055	12.188442211055	12.188442211055	12.188442211055	12.188442211055	12.188442211055	12.188442211055	12.188442211055	12.188442211055	12.188442211055	12.188442211055	12.188442211055	12.188442211055	12.188442211055	12.188442211055	12.188442211055	12.188442211055	12.188442211055	12.188442211055	12.188442211055	12.188442211055	12.188442211055	12.188442211055	12.188442211055	12.188442211055	12.188442211055	12.188442211055	12.188442211055	12.188442211055	12.188442211055	12.188442211055	12.188442211055	12.188442211055	12.188442211055	12.188442211055	12.188442211055	12.188442211055	12.188442211055	12.188442211055	12.188442211055	12.188442211055	12.188442211055	12.188442211055	12.188442211055	12.188442211055	12.188442211055	12.188442211055	12.188442211055	12.188442211055	12.188442211055	12.188442211055	12.188442211055	12.188442211055	12.188442211055	12.188442211055	12.188442211055	12.188442211055	12.188442211055	12.188442211055	12.188442211055	12.188442211055	12.188442211055	12.188442211055	12.188442211055	12.188442211055	12.188442211055	12.188442211055	12.188442211055	12.188442211055	12.188442211055	12.188442211055	12.188442211055	12.188442211055	12.188442211055	12.188442211055	12.188442211055	12.188442211055	12.188442211055	12.188442211055	12.188442211055	12.188442211055	12.188442211055	12.188442211055	12.188442211055	12.188442211055	12.188442211055	12.188442211055	12.188442211055	12.188442211055	12.188442211055	12.188442211055	12.188442211055	12.188442211055	12.188442211055	12.188442211055	12.188442211055	12.188442211055
12.685929648241	12.685929648241	12.685929648241	12.685929648241	12.685929648241	12.685929648241	12.685929648241	12.685929648241	12.685929648241	12.685929648241	12.685929648241	12.685929648241	12.685929648241	12.685929648241	12.685929648241	12.685929648241	12.685929648241	12.685929648241	12.685929648241	12.685929648241	12.685929648241	12.685929648241	12.685929648241	12.685929648241	12.685929648241	12.685929648241	12.685929648241	12.685929648241	12.685929648241	12.685929648241	12.685929648241	12.685929648241	12.685929648241	12.685929648241	12.685929648241	12.685929648241	12.685929648241	12.685929648241	12.685929648241	12.685929648241	12.685929648241	12.685929648241	12.685929648241	12.685929648241	12.685929648241	12.685929648241	12.685929648241	12.685929648241	12.685929648241	12.685929648241	12.685929648241	12.685929648241	12.685929648241	12.685929648241	12.685929648241	12.685929648241	12.685929648241	12.685929648241	12.685929648241	12.685929648241	12.685929648241	12.685929648241	12.685929648241	12.685929648241	12.685929648241	12.685929648241	12.685929648241	12.685929648241	12.685929648241	12.685929648241	12.685929648241	12.685929648241	12.685929648241	12.685929648241	12.685929648241	12.685929648241	12.685929648241	12.685929648241	12.685929648241	12.685929648241	12.685929648241	12.685929648241	12.685929648241	12.685929648241	12.685929648241	12.685929648241	12.685929648241	12.685929648241	12.685929648241	12.685929648241	12.685929648241	12.685929648241	12.685929648241	12.685929648241	12.685929648241	12.685929648241	12.685929648241	12.685929648241	12.685929648241	12.685929648241	12.685929648241	12.685929648241	12.685929648241	12.685929648241	12.685929648241	12.685929648241	12.685929648241	12.685929648241	12.685929648241	12.685929648241	12.685929648241	12.685929648241	12.685929648241	12.685929648241	12.685929648241	12.685929648241	12.685929648241	12.685929648241	12.685929648241	12.685929648241	12.685929648241	12.685929648241	12.685929648241	12.685929648241	12.685929648241	12.685929648241	12.685929648241	12.685929648241	12.685929648241	12.685929648241	12.685929648241	12.685929648241	12.685929648241	12.685929648241	12.685929648241	12.685929648241	12.685929648241	12.685929648241	12.685929648241	12.685929648241	12.685929648241	12.685929648241	12.685929648241	12.685929648241	12.685929648241	12.685929648241	12.685929648241	12.685929648241	12.685929648241	12.685929648241	12.685929648241	12.685929648241	12.685929648241	12.685929648241	12.685929648241	12.685929648241	12.685929648241	12.685929648241	12.685929648241	12.685929648241	12.685929648241	12.685929648241	12.685929648241	12.685929648241	12.685929648241	12.685929648241	12.685929648241	12.685929648241	12.685929648241	12.685929648241	12.685929648241	12.685929648241	12.685929648241	12.685929648241	12.685929648241	12.685929648241	12.685929648241	12.685929648241	12.685929648241	12.685929648241	12.685929648241	12.685929648241	12.685929648241	12.685929648241	12.685929648241	12.685929648241	12.685929648241	12.685929648241	12.685929648241	12.685929648241	12.685929648241	12.685929648241	12.685929648241	12.685929648241	12.685929648241	12.685929648241	12.685929648241	12.685929648241	12.685929648241	12.685929648241
13.183417085427	13.183417085427	13.183417085427	13.183417085427	13.183417085427	13.183417085427	13.183417085427	13.183417085427	13.183417085427	13.183417085427	13.183417085427	13.183417085427	13.183417085427	13.183417085427	13.183417085427	13.183417085427	13.183417085427	13.183417085427	13.183417085427	13.183417085427	13.183417085427	13.183417085427	13.183417085427	13.183417085427	13.183417085427	13.183417085427	13.183417085427	13.183417085427	13.183417085427	13.183417085427	13.183417085427	13.183417085427	13.183417085427	13.183417085427	13.183417085427	13.183417085427	13.183417085427	13.183417085427	13.183417085427	13.183417085427	13.183417085427	13.183417085427	13.183417085427	13.183417085427	13.183417085427	13.183417085427	13.183417085427	13.183417085427	13.183417085427	13.183417085427	13.183417085427	13.183417085427	13.183417085427	13.183417085427	13.183417085427	13.183417085427	13.183417085427	13.183417085427	13.183417085427	13.183417085427	13.183417085427	13.183417085427	13.183417085427	13.183417085427	13.183417085427	13.183417085427	13.183417085427	13.183417085427	13.183417085427	13.183417085427	13.183417085427	13.183417085427	13.183417085427	13.183417085427	13.183417085427	13.183417085427	13.183417085427	13.183417085427	13.183417085427	13.183417085427	13.183417085427	13.183417085427	13.183417085427	13.183417085427	13.183417085427	13.183417085427	13.183417085427	13.183417085427	13.183417085427	13.183417085427	13.183417085427	13.183417085427	13.183417085427	13.183417085427	13.183417085427	13.183417085427	13.183417085427	13.183417085427	13.183417085427	13.183417085427	13.183417085427	13.183417085427	13.183417085427	13.183417085427	13.183417085427	13.183417085427	13.183417085427	13.183417085427	13.183417085427	13.183417085427	13.183417085427	13.183417085427	13.183417085427	13.183417085427	13.183417085427	13.183417085427	13.183417085427	13.183417085427	13.183417085427	13.183417085427	13.183417085427	13.183417085427	13.183417085427	13.183417085427	13.183417085427	13.183417085427	13.183417085427	13.183417085427	13.183417085427	13.183417085427	13.183417085427	13.183417085427	13.183417085427	13.183417085427	13.183417085427	13.183417085427	13.183417085427	13.183417085427	13.183417085427	13.183417085427	13.183417085427	13.183417085427	13.183417085427	13.183417085427	13.183417085427	13.183417085427	13.183417085427	13.183417085427	13.183417085427	13.183417085427	13.183417085427	13.183417085427	13.183417085427	13.183417085427	13.183417085427	13.183417085427	13.183417085427	13.183417085427	13.183417085427	13.183417085427	13.183417085427	13.183417085427	13.183417085427	13.183417085427	13.183417085427	13.183417085427	13.183417085427	13.183417085427	13.183417085427	13.183417085427	13.183417085427	13.183417085427	13.183417085427	13.183417085427	13.183417085427	13.183417085427	13.183417085427	13.183417085427	13.183417085427	13.183417085427	13.183417085427	13.183417085427	13.183417085427	13.183417085427	13.183417085427	13.183417085427	13.183417085427	13.183417085427	13.183417085427	13.183417085427	13.183417085427	13.183417085427	13.183417085427	13.183417085427	13.183417085427	13.183417085427	13.183417085427	13.183417085427	13.183417085427	13.183417085427
13.680904522613	13.680904522613	13.680904522613	13.680904522613	13.680904522613	13.680904522613	13.680904522613	13.680904522613	13.680904522613	13.680904522613	13.680904522613	13.680904522613	13.680904522613	13.680904522613	13.680904522613	13.680904522613	13.680904522613	13.680904522613	13.680904522613	13.680904522613	13.680904522613	13.680904522613	13.680904522613	13.680904522613	13.680904522613	13.680904522613	13.680904522613	13.680904522613	13.680904522613	13.680904522613	13.680904522613	13.680904522613	13.680904522613	13.680904522613	13.680904522613	13.680904522613	13.680904522613	13.680904522613	13.680904522613	13.680904522613	13.680904522613	13.680904522613	13.680904522613	13.680904522613	13.680904522613	13.680904522613	13.680904522613	13.680904522613	13.680904522613	13.680904522613	13.680904522613	13.680904522613	13.680904522613	13.680904522613	13.680904522613	13.680904522613	13.680904522613	13.680904522613	13.680904522613	13.680904522613	13.680904522613	13.680904522613	13.680904522613	13.680904522613	13.680904522613	13.680904522613	13.680904522613	13.680904522613	13.680904522613	13.680904522613	13.680904522613	13.680904522613	13.680904522613	13.680904522613	13.680904522613	13.680904522613	13.680904522613	13.680904522613	13.680904522613	13.680904522613	13.680904522613	13.680904522613	13.680904522613	13.680904522613	13.680904522613	13.680904522613	13.680904522613	13.680904522613	13.680904522613	13.680904522613	13.680904522613	13.680904522613	13.680904522613	13.680904522613	13.680904522613	13.680904522613	13.680904522613	13.680904522613	13.680904522613	13.680904522613	13.680904522613	13.680904522613	13.680904522613	13.680904522613	13.680904522613	13.680904522613	13.680904522613	13.680904522613	13.680904522613	13.680904522613	13.680904522613	13.680904522613	13.680904522613	13.680904522613	13.680904522613	13.680904522613	13.680904522613	13.680904522613	13.680904522613	13.680904522613	13.680904522613	13.680904522613	13.680904522613	13.680904522613	13.680904522613	13.680904522613	13.680904522613	13.680904522613	13.680904522613	13.680904522613	13.680904522613	13.680904522613	13.680904522613	13.680904522613	13.680904522613	13.680904522613	13.680904522613	13.680904522613	13.680904522613	13.680904522613	13.680904522613	13.680904522613	13.680904522613	13.680904522613	13.680904522613	13.680904522613	13.680904522613	13.680904522613	13.680904522613	13.680904522613	13.680904522613	13.680904522613	13.680904522613	13.680904522613	13.680904522613	13.680904522613	13.680904522613	13.680904522613	13.680904522613	13.680904522613	13.680904522613	13.680904522613	13.680904522613	13.680904522613	13.680904522613	13.680904522613	13.680904522613	13.680904522613	13.680904522613	13.680904522613	13.680904522613	13.680904522613	13.680904522613	13.680904522613	13.680904522613	13.680904522613	13.680904522613	13.680904522613	13.680904522613	13.680904522613	13.680904522613	13.680904522613	13.680904522613	13.680904522613	13.680904522613	13.680904522613	13.680904522613	13.680904522613	13.680904522613	13.680904522613	13.680904522613	13.680904522613	13.680904522613	13.680904522613	13.680904522613	13.680904522613	13.680904522613	13.680904522613	13.680904522613	13.680904522613
14.178391959799	14.178391959799	14.178391959799	14.178391959799	14.178391959799	14.178391959799	14.178391959799	14.178391959799	14.178391959799	14.178391959799	14.178391959799	14.178391959799	14.178391959799	14.178391959799	14.178391959799	14.178391959799	14.178391959799	14.178391959799	14.178391959799	14.178391959799	14.178391959799	14.178391959799	14.178391959799	14.178391959799	14.178391959799	14.178391959799	14.178391959799	14.178391959799	14.178391959799	14.178391959799	14.178391959799	14.178391959799	14.178391959799	14.178391959799	14.178391959799	14.178391959799	14.178391959799	14.178391959799	14.178391959799	14.178391959799	14.178391959799	14.178391959799	14.178391959799	14.178391959799	14.178391959799	14.178391959799	14.178391959799	14.178391959799	14.178391959799	14.178391959799	14.178391959799	14.178391959799	14.178391959799	14.178391959799	14.178391959799	14.178391959799	14.178391959799	14.178391959799	14.178391959799	14.178391959799	14.178391959799	14.178391959799	14.178391959799	14.178391959799	14.178391959799	14.178391959799	14.178391959799	14.178391959799	14.178391959799	14.178391959799	14.178391959799	14.178391959799	14.178391959799	14.178391959799	14.178391959799	14.178391959799	14.178391959799	14.178391959799	14.178391959799	14.178391959799	14.178391959799	14.178391959799	14.178391959799	14.178391959799	14.178391959799	14.178391959799	14.178391959799	14.178391959799	14.178391959799	14.178391959799	14.178391959799	14.178391959799	14.178391959799	14.178391959799	14.178391959799	14.178391959799	14.178391959799	14.178391959799	14.178391959799	14.178391959799	14.178391959799	14.178391959799	14.178391959799	14.178391959799	14.178391959799	14.178391959799	14.178391959799	14.178391959799	14.178391959799	14.178391959799	14.178391959799	14.178391959799	14.178391959799	14.178391959799	14.178391959799	14.178391959799	14.178391959799	14.178391959799	14.178391959799	14.178391959799	14.178391959799	14.178391959799	14.178391959799	14.178391959799	14.178391959799	14.178391959799	14.178391959799	14.178391959799	14.178391959799	14.178391959799	14.178391959799	14.178391959799	14.178391959799	14.178391959799	14.178391959799	14.178391959799	14.178391959799	14.178391959799	14.178391959799	14.178391959799	14.178391959799	14.178391959799	14.178391959799	14.178391959799	14.178391959799	14.178391959799	14.178391959799	14.178391959799	14.178391959799	14.178391959799	14.178391959799	14.178391959799	14.178391959799	14.178391959799	14.178391959799	14.178391959799	14.178391959799	14.178391959799	14.178391959799	14.178391959799	14.178391959799	14.178391959799	14.178391959799	14.178391959799	14.178391959799	14.178391959799	14.178391959799	14.178391959799	14.178391959799	14.178391959799	14.178391959799	14.178391959799	14.178391959799	14.178391959799	14.178391959799	14.178391959799	14.178391959799	14.178391959799	14.178391959799	14.178391959799	14.178391959799	14.178391959799	14.178391959799	14.178391959799	14.178391959799	14.178391959799	14.178391959799	14.178391959799	14.178391959799	14.178391959799	14.178391959799	14.178391959799	14.178391959799	14.178391959799	14.178391959799	14.178391959799	14.178391959799	14.178391959799	14.178391959799	14.178391959799
14.675879396985	14.675879396985	14.675879396985	14.675879396985	14.675879396985	14.675879396985	14.675879396985	14.675879396985	14.675879396985	14.675879396985	14.675879396985	14.675879396985	14.675879396985	14.675879396985	14.675879396985	14.675879396985	14.675879396985	14.675879396985	14.675879396985	14.675879396985	14.675879396985	14.675879396985	14.675879396985	14.675879396985	14.675879396985	14.675879396985	14.675879396985	14.675879396985	14.675879396985	14.675879396985	14.675879396985	14.675879396985	14.675879396985	14.675879396985	14.675879396985	14.675879396985	14.675879396985	14.675879396985	14.675879396985	14.675879396985	14.675879396985	14.675879396985	14.675879396985	14.675879396985	14.675879396985	14.675879396985	14.675879396985	14.675879396985	14.675879396985	14.675879396985	14.675879396985	14.675879396985	14.675879396985	14.675879396985	14.675879396985	14.675879396985	14.675879396985	14.675879396985	14.675879396985	14.675879396985	14.675879396985	14.675879396985	14.675879396985	14.675879396985	14.675879396985	14.675879396985	14.675879396985	14.675879396985	14.675879396985	14.675879396985	14.675879396985	14.675879396985	14.675879396985	14.675879396985	14.675879396985	14.675879396985	14.675879396985	14.675879396985	14.675879396985	14.675879396985	14.675879396985	14.675879396985	14.675879396985	14.675879396985	14.675879396985	14.675879396985	14.675879396985	14.675879396985	14.675879396985	14.675879396985	14.675879396985	14.675879396985	14.675879396985	14.675879396985	14.675879396985	14.675879396985	14.675879396985	14.675879396985	14.675879396985	14.675879396985	14.675879396985	14.675879396985	14.675879396985	14.675879396985	14.675879396985	14.675879396985	14.675879396985	14.675879396985	14.675879396985	14.675879396985	14.675879396985	14.675879396985	14.675879396985	14.675879396985	14.675879396985	14.675879396985	14.675879396985	14.675879396985	14.675879396985	14.675879396985	14.675879396985	14.675879396985	14.675879396985	14.675879396985	14.675879396985	14.675879396985	14.675879396985	14.675879396985	14.675879396985	14.675879396985	14.675879396985	14.675879396985	14.675879396985	14.675879396985	14.675879396985	14.675879396985	14.675879396985	14.675879396985	14.675879396985	14.675879396985	14.675879396985	14.675879396985	14.675879396985	14.675879396985	14.675879396985	14.675879396985	14.675879396985	14.675879396985	14.675879396985	14.675879396985	14.675879396985	14.675879396985	14.675879396985	14.675879396985	14.675879396985	14.675879396985	14.675879396985	14.675879396985	14.675879396985	14.675879396985	14.675879396985	14.675879396985	14.675879396985	14.675879396985	14.675879396985	14.675879396985	14.675879396985	14.675879396985	14.675879396985	14.675879396985	14.675879396985	14.675879396985	14.675879396985	14.675879396985	14.675879396985	14.675879396985	14.675879396985	14.675879396985	14.675879396985	14.675879396985	14.675879396985	14.675879396985	14.675879396985	14.675879396985	14.675879396985	14.675879396985	14.675879396985	14.675879396985	14.675879396985	14.675879396985	14.675879396985	14.675879396985	14.675879396985	14.675879396985	14.675879396985	14.675879396985	14.675879396985	14.675879396985	14.675879396985	14.675879396985
15.173366834171	15.173366834171	15.173366834171	15.173366834171	15.173366834171	15.173366834171	15.173366834171	15.173366834171	15.173366834171	15.173366834171	15.173366834171	15.173366834171	15.173366834171	15.173366834171	15.173366834171	15.173366834171	15.173366834171	15.173366834171	15.173366834171	15.173366834171	15.173366834171	15.173366834171	15.173366834171	15.173366834171	15.173366834171	15.173366834171	15.173366834171	15.173366834171	15.173366834171	15.173366834171	15.173366834171	15.173366834171	15.173366834171	15.173366834171	15.173366834171	15.173366834171	15.173366834171	15.173366834171	15.173366834171	15.173366834171	15.173366834171	15.173366834171	15.173366834171	15.173366834171	15.173366834171	15.173366834171	15.173366834171	15.173366834171	15.173366834171	15.173366834171	15.173366834171	15.173366834171	15.173366834171	15.173366834171	15.173366834171	15.173366834171	15.173366834171	15.173366834171	15.173366834171	15.173366834171	15.173366834171	15.173366834171	15.173366834171	15.173366834171	15.173366834171	15.173366834171	15.173366834171	15.173366834171	15.173366834171	15.173366834171	15.173366834171	15.173366834171	15.173366834171	15.173366834171	15.173366834171	15.173366834171	15.173366834171	15.173366834171	15.173366834171	15.173366834171	15.173366834171	15.173366834171	15.173366834171	15.173366834171	15.173366834171	15.173366834171	15.173366834171	15.173366834171	15.173366834171	15.173366834171	15.173366834171	15.173366834171	15.173366834171	15.173366834171	15.173366834171	15.173366834171	15.173366834171	15.173366834171	15.173366834171	15.173366834171	15.173366834171	15.173366834171	15.173366834171	15.173366834171	15.173366834171	15.173366834171	15.173366834171	15.173366834171	15.173366834171	15.173366834171	15.173366834171	15.173366834171	15.173366834171	15.173366834171	15.173366834171	15.173366834171	15.173366834171	15.173366834171	15.173366834171	15.173366834171	15.173366834171	15.173366834171	15.173366834171	15.173366834171	15.173366834171	15.173366834171	15.173366834171	15.173366834171	15.173366834171	15.173366834171	15.173366834171	15.173366834171	15.173366834171	15.173366834171	15.173366834171	15.173366834171	15.173366834171	15.173366834171	15.173366834171	15.173366834171	15.173366834171	15.173366834171	15.173366834171	15.173366834171	15.173366834171	15.173366834171	15.173366834171	15.173366834171	15.173366834171	15.173366834171	15.173366834171	15.173366834171	15.173366834171	15.173366834171	15.173366834171	15.173366834171	15.173366834171	15.173366834171	15.173366834171	15.173366834171	15.173366834171	15.173366834171	15.173366834171	15.173366834171	15.173366834171	15.173366834171	15.173366834171	15.173366834171	15.173366834171	15.173366834171	15.173366834171	15.173366834171	15.173366834171	15.173366834171	15.173366834171	15.173366834171	15.173366834171	15.173366834171	15.173366834171	15.173366834171	15.173366834171	15.173366834171	15.173366834171	15.173366834171	15.173366834171	15.173366834171	15.173366834171	15.173366834171	15.173366834171	15.173366834171	15.173366834171	15.173366834171	15.173366834171	15.173366834171	15.173366834171	15.173366834171	15.173366834171	15.173366834171	15.173366834171	15.173366834171
15.670854271357	15.670854271357	15.670854271357	15.670854271357	15.670854271357	15.670854271357	15.670854271357	15.670854271357	15.670854271357	15.670854271357	15.670854271357	15.670854271357	15.670854271357	15.670854271357	15.670854271357	15.670854271357	15.670854271357	15.670854271357	15.670854271357	15.670854271357	15.670854271357	15.670854271357	15.670854271357	15.670854271357	15.670854271357	15.670854271357	15.670854271357	15.670854271357	15.670854271357	15.670854271357	15.670854271357	15.670854271357	15.670854271357	15.670854271357	15.670854271357	15.670854271357	15.670854271357	15.670854271357	15.670854271357	15.670854271357	15.670854271357	15.670854271357	15.670854271357	15.670854271357	15.670854271357	15.670854271357	15.670854271357	15.670854271357	15.670854271357	15.670854271357	15.670854271357	15.670854271357	15.670854271357	15.670854271357	15.670854271357	15.670854271357	15.670854271357	15.670854271357	15.670854271357	15.670854271357	15.670854271357	15.670854271357	15.670854271357	15.670854271357	15.670854271357	15.670854271357	15.670854271357	15.670854271357	15.670854271357	15.670854271357	15.670854271357	15.670854271357	15.670854271357	15.670854271357	15.670854271357	15.670854271357	15.670854271357	15.670854271357	15.670854271357	15.670854271357	15.670854271357	15.670854271357	15.670854271357	15.670854271357	15.670854271357	15.670854271357	15.670854271357	15.670854271357	15.670854271357	15.670854271357	15.670854271357	15.670854271357	15.670854271357	15.670854271357	15.670854271357	15.670854271357	15.670854271357	15.670854271357	15.670854271357	15.670854271357	15.670854271357	15.670854271357	15.670854271357	15.670854271357	15.670854271357	15.670854271357	15.670854271357	15.670854271357	15.670854271357	15.670854271357	15.670854271357	15.670854271357	15.670854271357	15.670854271357	15.670854271357	15.670854271357	15.670854271357	15.670854271357	15.670854271357	15.670854271357	15.670854271357	15.670854271357	15.670854271357	15.670854271357	15.670854271357	15.670854271357	15.670854271357	15.670854271357	15.670854271357	15.670854271357	15.670854271357	15.670854271357	15.670854271357	15.670854271357	15.670854271357	15.670854271357	15.670854271357	15.670854271357	15.670854271357	15.670854271357	15.670854271357	15.670854271357	15.670854271357	15.670854271357	15.670854271357	15.670854271357	15.670854271357	15.670854271357	15.670854271357	15.670854271357	15.670854271357	15.670854271357	15.670854271357	15.670854271357	15.670854271357	15.670854271357	15.670854271357	15.670854271357	15.670854271357	15.670854271357	15.670854271357	15.670854271357	15.670854271357	15.670854271357	15.670854271357	15.670854271357	15.670854271357	15.670854271357	15.670854271357	15.670854271357	15.670854271357	15.670854271357	15.670854271357	15.670854271357	15.670854271357	15.670854271357	15.670854271357	15.670854271357	15.670854271357	15.670854271357	15.670854271357	15.670854271357	15.670854271357	15.670854271357	15.670854271357	15.670854271357	15.670854271357	15.670854271357	15.670854271357	15.670854271357	15.670854271357	15.670854271357	15.670854271357	15.670854271357	15.670854271357	15.670854271357	15.670854271357	15.670854271357	15.670854271357	15.670854271357
16.168341708543	16.168341708543	16.168341708543	16.168341708543	16.168341708543	16.168341708543	16.168341708543	16.168341708543	16.168341708543	16.168341708543	16.168341708543	16.168341708543	16.168341708543	16.168341708543	16.168341708543	16.168341708543	16.168341708543	16.168341708543	16.168341708543	16.168341708543	16.168341708543	16.168341708543	16.168341708543	16.168341708543	16.168341708543	16.168341708543	16.168341708543	16.168341708543	16.168341708543	16.168341708543	16.168341708543	16.168341708543	16.168341708543	16.168341708543	16.168341708543	16.168341708543	16.168341708543	16.168341708543	16.168341708543	16.168341708543	16.168341708543	16.168341708543	16.168341708543	16.168341708543	16.168341708543	16.168341708543	16.168341708543	16.168341708543	16.168341708543	16.168341708543	16.168341708543	16.168341708543	16.168341708543	16.168341708543	16.168341708543	16.168341708543	16.168341708543	16.168341708543	16.168341708543	16.168341708543	16.168341708543	16.168341708543	16.168341708543	16.168341708543	16.168341708543	16.168341708543	16.168341708543	16.168341708543	16.168341708543	16.168341708543	16.168341708543	16.168341708543	16.168341708543	16.168341708543	16.168341708543	16.168341708543	16.168341708543	16.168341708543	16.168341708543	16.168341708543	16.168341708543	16.168341708543	16.168341708543	16.168341708543	16.168341708543	16.168341708543	16.168341708543	16.168341708543	16.168341708543	16.168341708543	16.168341708543	16.168341708543	16.168341708543	16.168341708543	16.168341708543	16.168341708543	16.168341708543	16.168341708543	16.168341708543	16.168341708543	16.168341708543	16.168341708543	16.168341708543	16.168341708543	16.168341708543	16.168341708543	16.168341708543	16.168341708543	16.168341708543	16.168341708543	16.168341708543	16.168341708543	16.168341708543	16.168341708543	16.168341708543	16.168341708543	16.168341708543	16.168341708543	16.168341708543	16.168341708543	16.168341708543	16.168341708543	16.168341708543	16.168341708543	16.168341708543	16.168341708543	16.168341708543	16.168341708543	16.168341708543	16.168341708543	16.168341708543	16.168341708543	16.168341708543	16.168341708543	16.168341708543	16.168341708543	16.168341708543	16.168341708543	16.168341708543	16.168341708543	16.168341708543	16.168341708543	16.168341708543	16.168341708543	16.168341708543	16.168341708543	16.168341708543	16.168341708543	16.168341708543	16.168341708543	16.168341708543	16.168341708543	16.168341708543	16.168341708543	16.168341708543	16.168341708543	16.168341708543	16.168341708543	16.168341708543	16.168341708543	16.168341708543	16.168341708543	16.168341708543	16.168341708543	16.168341708543	16.168341708543	16.168341708543	16.168341708543	16.168341708543	16.168341708543	16.168341708543	16.168341708543	16.168341708543	16.168341708543	16.168341708543	16.168341708543	16.168341708543	16.168341708543	16.168341708543	16.168341708543	16.168341708543	16.168341708543	16.168341708543	16.168341708543	16.168341708543	16.168341708543	16.168341708543	16.168341708543	16.168341708543	16.168341708543	16.168341708543	16.168341708543	16.168341708543	16.168341708543	16.168341708543	16.168341708543	16.168341708543	16.168341708543	16.168341708543	16.168341708543
16.665829145729	16.665829145729	16.665829145729	16.665829145729	16.665829145729	16.665829145729	16.665829145729	16.665829145729	16.665829145729	16.665829145729	16.665829145729	16.665829145729	16.665829145729	16.665829145729	16.665829145729	16.665829145729	16.665829145729	16.665829145729	16.665829145729	16.665829145729	16.665829145729	16.665829145729	16.665829145729	16.665829145729	16.665829145729	16.665829145729	16.665829145729	16.665829145729	16.665829145729	16.665829145729	16.665829145729	16.665829145729	16.665829145729	16.665829145729	16.665829145729	16.665829145729	16.665829145729	16.665829145729	16.665829145729	16.665829145729	16.665829145729	16.665829145729	16.665829145729	16.665829145729	16.665829145729	16.665829145729	16.665829145729	16.665829145729	16.665829145729	16.665829145729	16.665829145729	16.665829145729	16.665829145729	16.665829145729	16.665829145729	16.665829145729	16.665829145729	16.665829145729	16.665829145729	16.665829145729	16.665829145729	16.665829145729	16.665829145729	16.665829145729	16.665829145729	16.665829145729	16.665829145729	16.665829145729	16.665829145729	16.665829145729	16.665829145729	16.665829145729	16.665829145729	16.665829145729	16.665829145729	16.665829145729	16.665829145729	16.665829145729	16.665829145729	16.665829145729	16.665829145729	16.665829145729	16.665829145729	16.665829145729	16.665829145729	16.665829145729	16.665829145729	16.665829145729	16.665829145729	16.665829145729	16.665829145729	16.665829145729	16.665829145729	16.665829145729	16.665829145729	16.665829145729	16.665829145729	16.665829145729	16.665829145729	16.665829145729	16.665829145729	16.665829145729	16.665829145729	16.665829145729	16.665829145729	16.665829145729	16.665829145729	16.665829145729	16.665829145729	16.665829145729	16.665829145729	16.665829145729	16.665829145729	16.665829145729	16.665829145729	16.665829145729	16.665829145729	16.665829145729	16.665829145729	16.665829145729	16.665829145729	16.665829145729	16.665829145729	16.665829145729	16.665829145729	16.665829145729	16.665829145729	16.665829145729	16.665829145729	16.665829145729	16.665829145729	16.665829145729	16.665829145729	16.665829145729	16.665829145729	16.665829145729	16.665829145729	16.665829145729	16.665829145729	16.665829145729	16.665829145729	16.665829145729	16.665829145729	16.665829145729	16.665829145729	16.665829145729	16.665829145729	16.665829145729	16.665829145729	16.665829145729	16.665829145729	16.665829145729	16.665829145729	16.665829145729	16.665829145729	16.665829145729	16.665829145729	16.665829145729	16.665829145729	16.665829145729	16.665829145729	16.665829145729	16.665829145729	16.665829145729	16.665829145729	16.665829145729	16.665829145729	16.665829145729	16.665829145729	16.665829145729	16.665829145729	16.665829145729	16.665829145729	16.665829145729	16.665829145729	16.665829145729	16.665829145729	16.665829145729	16.665829145729	16.665829145729	16.665829145729	16.665829145729	16.665829145729	16.665829145729	16.665829145729	16.665829145729	16.665829145729	16.665829145729	16.665829145729	16.665829145729	16.665829145729	16.665829145729	16.665829145729	16.665829145729	16.665829145729	16.665829145729	16.665829145729	16.665829145729	16.665829145729	16.665829145729
17.163316582915	17.163316582915	17.163316582915	17.163316582915	17.163316582915	17.163316582915	17.163316582915	17.163316582915	17.163316582915	17.163316582915	17.163316582915	17.163316582915	17.163316582915	17.163316582915	17.163316582915	17.163316582915	17.163316582915	17.163316582915	17.163316582915	17.163316582915	17.163316582915	17.163316582915	17.163316582915	17.163316582915	17.163316582915	17.163316582915	17.163316582915	17.163316582915	17.163316582915	17.163316582915	17.163316582915	17.163316582915	17.163316582915	17.163316582915	17.163316582915	17.163316582915	17.163316582915	17.163316582915	17.163316582915	17.163316582915	17.163316582915	17.163316582915	17.163316582915	17.163316582915	17.163316582915	17.163316582915	17.163316582915	17.163316582915	17.163316582915	17.163316582915	17.163316582915	17.163316582915	17.163316582915	17.163316582915	17.163316582915	17.163316582915	17.163316582915	17.163316582915	17.163316582915	17.163316582915	17.163316582915	17.163316582915	17.163316582915	17.163316582915	17.163316582915	17.163316582915	17.163316582915	17.163316582915	17.163316582915	17.163316582915	17.163316582915	17.163316582915	17.163316582915	17.163316582915	17.163316582915	17.163316582915	17.163316582915	17.163316582915	17.163316582915	17.163316582915	17.163316582915	17.163316582915	17.163316582915	17.163316582915	17.163316582915	17.163316582915	17.163316582915	17.163316582915	17.163316582915	17.163316582915	17.163316582915	17.163316582915	17.163316582915	17.163316582915	17.163316582915	17.163316582915	17.163316582915	17.163316582915	17.163316582915	17.163316582915	17.163316582915	17.163316582915	17.163316582915	17.163316582915	17.163316582915	17.163316582915	17.163316582915	17.163316582915	17.163316582915	17.163316582915	17.163316582915	17.163316582915	17.163316582915	17.163316582915	17.163316582915	17.163316582915	17.163316582915	17.163316582915	17.163316582915	17.163316582915	17.163316582915	17.163316582915	17.163316582915	17.163316582915	17.163316582915	17.163316582915	17.163316582915	17.163316582915	17.163316582915	17.163316582915	17.163316582915	17.163316582915	17.163316582915	17.163316582915	17.163316582915	17.163316582915	17.163316582915	17.163316582915	17.163316582915	17.163316582915	17.163316582915	17.163316582915	17.163316582915	17.163316582915	17.163316582915	17.163316582915	17.163316582915	17.163316582915	17.163316582915	17.163316582915	17.163316582915	17.163316582915	17.163316582915	17.163316582915	17.163316582915	17.163316582915	17.163316582915	17.163316582915	17.163316582915	17.163316582915	17.163316582915	17.163316582915	17.163316582915	17.163316582915	17.163316582915	17.163316582915	17.163316582915	17.163316582915	17.163316582915	17.163316582915	17.163316582915	17.163316582915	17.163316582915	17.163316582915	17.163316582915	17.163316582915	17.163316582915	17.163316582915	17.163316582915	17.163316582915	17.163316582915	17.163316582915	17.163316582915	17.163316582915	17.163316582915	17.163316582915	17.163316582915	17.163316582915	17.163316582915	17.163316582915	17.163316582915	17.163316582915	17.163316582915	17.163316582915	17.163316582915	17.163316582915	17.163316582915	17.163316582915	17.163316582915	17.163316582915
17.6608040201	17.6608040201	17.6608040201	17.6608040201	17.6608040201	17.6608040201	17.6608040201	17.6608040201	17.6608040201	17.6608040201	17.6608040201	17.6608040201	17.6608040201	17.6608040201	17.6608040201	17.6608040201	17.6608040201	17.6608040201	17.6608040201	17.6608040201	17.6608040201	17.6608040201	17.6608040201	17.6608040201	17.6608040201	17.6608040201	17.6608040201	17.6608040201	17.6608040201	17.6608040201	17.6608040201	17.6608040201	17.6608040201	17.6608040201	17.6608040201	17.6608040201	17.6608040201	17.6608040201	17.6608040201	17.6608040201	17.6608040201	17.6608040201	17.6608040201	17.6608040201	17.6608040201	17.6608040201	17.6608040201	17.6608040201	17.6608040201	17.6608040201	17.6608040201	17.6608040201	17.6608040201	17.6608040201	17.6608040201	17.6608040201	17.6608040201	17.6608040201	17.6608040201	17.6608040201	17.6608040201	17.6608040201	17.6608040201	17.6608040201	17.6608040201	17.6608040201	17.6608040201	17.6608040201	17.6608040201	17.6608040201	17.6608040201	17.6608040201	17.6608040201	17.6608040201	17.6608040201	17.6608040201	17.6608040201	17.6608040201	17.6608040201	17.6608040201	17.6608040201	17.6608040201	17.6608040201	17.6608040201	17.6608040201	17.6608040201	17.6608040201	17.6608040201	17.6608040201	17.6608040201	17.6608040201	17.6608040201	17.6608040201	17.6608040201	17.6608040201	17.6608040201	17.6608040201	17.6608040201	17.6608040201	17.6608040201	17.6608040201	17.6608040201	17.6608040201	17.6608040201	17.6608040201	17.6608040201	17.6608040201	17.6608040201	17.6608040201	17.6608040201	17.6608040201	17.6608040201	17.6608040201	17.6608040201	17.6608040201	17.6608040201	17.6608040201	17.6608040201	17.6608040201	17.6608040201	17.6608040201	17.6608040201	17.6608040201	17.6608040201	17.6608040201	17.6608040201	17.6608040201	17.6608040201	17.6608040201	17.6608040201	17.6608040201	17.6608040201	17.6608040201	17.6608040201	17.6608040201	17.6608040201	17.6608040201	17.6608040201	17.6608040201	17.6608040201	17.6608040201	17.6608040201	17.6608040201	17.6608040201	17.6608040201	17.6608040201	17.6608040201	17.6608040201	17.6608040201	17.6608040201	17.6608040201	17.6608040201	17.6608040201	17.6608040201	17.6608040201	17.6608040201	17.6608040201	17.6608040201	17.6608040201	17.6608040201	17.6608040201	17.6608040201	17.6608040201	17.6608040201	17.6608040201	17.6608040201	17.6608040201	17.6608040201	17.6608040201	17.6608040201	17.6608040201	17.6608040201	17.6608040201	17.6608040201	17.6608040201	17.6608040201	17.6608040201	17.6608040201	17.6608040201	17.6608040201	17.6608040201	17.6608040201	17.6608040201	17.6608040201	17.6608040201	17.6608040201	17.6608040201	17.6608040201	17.6608040201	17.6608040201	17.6608040201	17.6608040201	17.6608040201	17.6608040201	17.6608040201	17.6608040201	17.6608040201	17.6608040201	17.6608040201	17.6608040201
18.158291457286	18.158291457286	18.158291457286	18.158291457286	18.158291457286	18.158291457286	18.158291457286	18.158291457286	18.158291457286	18.158291457286	18.158291457286	18.158291457286	18.158291457286	18.158291457286	18.158291457286	18.158291457286	18.158291457286	18.158291457286	18.158291457286	18.158291457286	18.158291457286	18.158291457286	18.158291457286	18.158291457286	18.158291457286	18.158291457286	18.158291457286	18.158291457286	18.158291457286	18.158291457286	18.158291457286	18.158291457286	18.158291457286	18.158291457286	18.158291457286	18.158291457286	18.158291457286	18.158291457286	18.158291457286	18.158291457286	18.158291457286	18.158291457286	18.158291457286	18.158291457286	18.158291457286	18.158291457286	18.158291457286	18.158291457286	18.158291457286	18.158291457286	18.158291457286	18.158291457286	18.158291457286	18.158291457286	18.158291457286	18.158291457286	18.158291457286	18.158291457286	18.158291457286	18.158291457286	18.158291457286	18.158291457286	18.158291457286	18.158291457286	18.158291457286	18.158291457286	18.158291457286	18.158291457286	18.158291457286	18.158291457286	18.158291457286	18.158291457286	18.158291457286	18.158291457286	18.158291457286	18.158291457286	18.158291457286	18.158291457286	18.158291457286	18.158291457286	18.158291457286	18.158291457286	18.158291457286	18.158291457286	18.158291457286	18.158291457286	18.158291457286	18.158291457286	18.158291457286	18.158291457286	18.158291457286	18.158291457286	18.158291457286	18.158291457286	18.158291457286	18.158291457286	18.158291457286	18.158291457286	18.158291457286	18.158291457286	18.158291457286	18.158291457286	18.158291457286	18.158291457286	18.158291457286	18.158291457286	18.158291457286	18.158291457286	18.158291457286	18.158291457286	18.158291457286	18.158291457286	18.158291457286	18.158291457286	18.158291457286	18.158291457286	18.158291457286	18.158291457286	18.158291457286	18.158291457286	18.158291457286	18.158291457286	18.158291457286	18.158291457286	18.158291457286	18.158291457286	18.158291457286	18.158291457286	18.158291457286	18.158291457286	18.158291457286	18.158291457286	18.158291457286	18.158291457286	18.158291457286	18.158291457286	18.158291457286	18.158291457286	18.158291457286	18.158291457286	18.158291457286	18.158291457286	18.158291457286	18.158291457286	18.158291457286	18.158291457286	18.158291457286	18.158291457286	18.158291457286	18.158291457286	18.158291457286	18.158291457286	18.158291457286	18.158291457286	18.158291457286	18.158291457286	18.158291457286	18.158291457286	18.158291457286	18.158291457286	18.158291457286	18.158291457286	18.158291457286	18.158291457286	18.158291457286	18.158291457286	18.158291457286	18.158291457286	18.158291457286	18.158291457286	18.158291457286	18.158291457286	18.158291457286	18.158291457286	18.158291457286	18.158291457286	18.158291457286	18.158291457286	18.158291457286	18.158291457286	18.158291457286	18.158291457286	18.158291457286	18.158291457286	18.158291457286	18.158291457286	18.158291457286	18.158291457286	18.158291457286	18.158291457286	18.158291457286	18.158291457286	18.158291457286	18.158291457286	18.158291457286	18.158291457286	18.158291457286	18.158291457286	18.158291457286	18.158291457286
18.655778894472	18.655778894472	18.655778894472	18.655778894472	18.655778894472	18.655778894472	18.655778894472	18.655778894472	18.655778894472	18.655778894472	18.655778894472	18.655778894472	18.655778894472	18.655778894472	18.655778894472	18.655778894472	18.655778894472	18.655778894472	18.655778894472	18.655778894472	18.655778894472	18.655778894472	18.655778894472	18.655778894472	18.655778894472	18.655778894472	18.655778894472	18.655778894472	18.655778894472	18.655778894472	18.655778894472	18.655778894472	18.655778894472	18.655778894472	18.655778894472	18.655778894472	18.655778894472	18.655778894472	18.655778894472	18.655778894472	18.655778894472	18.655778894472	18.655778894472	18.655778894472	18.655778894472	18.655778894472	18.655778894472	18.655778894472	18.655778894472	18.655778894472	18.655778894472	18.655778894472	18.655778894472	18.655778894472	18.655778894472	18.655778894472	18.655778894472	18.655778894472	18.655778894472	18.655778894472	18.655778894472	18.655778894472	18.655778894472	18.655778894472	18.655778894472	18.655778894472	18.655778894472	18.655778894472	18.655778894472	18.655778894472	18.655778894472	18.655778894472	18.655778894472	18.655778894472	18.655778894472	18.655778894472	18.655778894472	18.655778894472	18.655778894472	18.655778894472	18.655778894472	18.655778894472	18.655778894472	18.655778894472	18.655778894472	18.655778894472	18.655778894472	18.655778894472	18.655778894472	18.655778894472	18.655778894472	18.655778894472	18.655778894472	18.655778894472	18.655778894472	18.655778894472	18.655778894472	18.655778894472	18.655778894472	18.655778894472	18.655778894472	18.655778894472	18.655778894472	18.655778894472	18.655778894472	18.655778894472	18.655778894472	18.655778894472	18.655778894472	18.655778894472	18.655778894472	18.655778894472	18.655778894472	18.655778894472	18.655778894472	18.655778894472	18.655778894472	18.655778894472	18.655778894472	18.655778894472	18.655778894472	18.655778894472	18.655778894472	18.655778894472	18.655778894472	18.655778894472	18.655778894472	18.655778894472	18.655778894472	18.655778894472	18.655778894472	18.655778894472	18.655778894472	18.655778894472	18.655778894472	18.655778894472	18.655778894472	18.655778894472	18.655778894472	18.655778894472	18.655778894472	18.655778894472	18.655778894472	18.655778894472	18.655778894472	18.655778894472	18.655778894472	18.655778894472	18.655778894472	18.655778894472	18.655778894472	18.655778894472	18.655778894472	18.655778894472	18.655778894472	18.655778894472	18.655778894472	18.655778894472	18.655778894472	18.655778894472	18.655778894472	18.655778894472	18.655778894472	18.655778894472	18.655778894472	18.655778894472	18.655778894472	18.655778894472	18.655778894472	18.655778894472	18.655778894472	18.655778894472	18.655778894472	18.655778894472	18.655778894472	18.655778894472	18.655778894472	18.655778894472	18.655778894472	18.655778894472	18.655778894472	18.655778894472	18.655778894472	18.655778894472	18.655778894472	18.655778894472	18.655778894472	18.655778894472	18.655778894472	18.655778894472	18.655778894472	18.655778894472	18.655778894472	18.655778894472	18.655778894472	18.655778894472	18.655778894472	18.655778894472	18.655778894472	18.655778894472
19.153266331658	19.153266331658	19.153266331658	19.153266331658	19.153266331658	19.153266331658	19.153266331658	19.153266331658	19.153266331658	19.153266331658	19.153266331658	19.153266331658	19.153266331658	19.153266331658	19.153266331658	19.153266331658	19.153266331658	19.153266331658	19.153266331658	19.153266331658	19.153266331658	19.153266331658	19.153266331658	19.153266331658	19.153266331658	19.153266331658	19.153266331658	19.153266331658	19.153266331658	19.153266331658	19.153266331658	19.153266331658	19.153266331658	19.153266331658	19.153266331658	19.153266331658	19.153266331658	19.153266331658	19.153266331658	19.153266331658	19.153266331658	19.153266331658	19.153266331658	19.153266331658	19.153266331658	19.153266331658	19.153266331658	19.153266331658	19.153266331658	19.153266331658	19.153266331658	19.153266331658	19.153266331658	19.153266331658	19.153266331658	19.153266331658	19.153266331658	19.153266331658	19.153266331658	19.153266331658	19.153266331658	19.153266331658	19.153266331658	19.153266331658	19.153266331658	19.153266331658	19.153266331658	19.153266331658	19.153266331658	19.153266331658	19.153266331658	19.153266331658	19.153266331658	19.153266331658	19.153266331658	19.153266331658	19.153266331658	19.153266331658	19.153266331658	19.153266331658	19.153266331658	19.153266331658	19.153266331658	19.153266331658	19.153266331658	19.153266331658	19.153266331658	19.153266331658	19.153266331658	19.153266331658	19.153266331658	19.153266331658	19.153266331658	19.153266331658	19.153266331658	19.153266331658	19.153266331658	19.153266331658	19.153266331658	19.153266331658	19.153266331658	19.153266331658	19.153266331658	19.153266331658	19.153266331658	19.153266331658	19.153266331658	19.153266331658	19.153266331658	19.153266331658	19.153266331658	19.153266331658	19.153266331658	19.153266331658	19.153266331658	19.153266331658	19.153266331658	19.153266331658	19.153266331658	19.153266331658	19.153266331658	19.153266331658	19.153266331658	19.153266331658	19.153266331658	19.153266331658	19.153266331658	19.153266331658	19.153266331658	19.153266331658	19.153266331658	19.153266331658	19.153266331658	19.153266331658	19.153266331658	19.153266331658	19.153266331658	19.153266331658	19.153266331658	19.153266331658	19.153266331658	19.153266331658	19.153266331658	19.153266331658	19.153266331658	19.153266331658	19.153266331658	19.153266331658	19.153266331658	19.153266331658	19.153266331658	19.153266331658	19.153266331658	19.153266331658	19.153266331658	19.153266331658	19.153266331658	19.153266331658	19.153266331658	19.153266331658	19.153266331658	19.153266331658	19.153266331658	19.153266331658	19.153266331658	19.153266331658	19.153266331658	19.153266331658	19.153266331658	19.153266331658	19.153266331658	19.153266331658	19.153266331658	19.153266331658	19.153266331658	19.153266331658	19.153266331658	19.153266331658	19.153266331658	19.153266331658	19.153266331658	19.153266331658	19.153266331658	19.153266331658	19.153266331658	19.153266331658	19.153266331658	19.153266331658	19.153266331658	19.153266331658	19.153266331658	19.153266331658	19.153266331658	19.153266331658	19.153266331658	19.153266331658	19.153266331658	19.153266331658	19.153266331658	19.153266331658
19.650753768844	19.650753768844	19.650753768844	19.650753768844	19.650753768844	19.650753768844	19.650753768844	19.650753768844	19.650753768844	19.650753768844	19.650753768844	19.650753768844	19.650753768844	19.650753768844	19.650753768844	19.650753768844	19.650753768844	19.650753768844	19.650753768844	19.650753768844	19.650753768844	19.650753768844	19.650753768844	19.650753768844	19.650753768844	19.650753768844	19.650753768844	19.650753768844	19.650753768844	19.650753768844	19.650753768844	19.650753768844	19.650753768844	19.650753768844	19.650753768844	19.650753768844	19.650753768844	19.650753768844	19.650753768844	19.650753768844	19.650753768844	19.650753768844	19.650753768844	19.650753768844	19.650753768844	19.650753768844	19.650753768844	19.650753768844	19.650753768844	19.650753768844	19.650753768844	19.650753768844	19.650753768844	19.650753768844	19.650753768844	19.650753768844	19.650753768844	19.650753768844	19.650753768844	19.650753768844	19.650753768844	19.650753768844	19.650753768844	19.650753768844	19.650753768844	19.650753768844	19.650753768844	19.650753768844	19.650753768844	19.650753768844	19.650753768844	19.650753768844	19.650753768844	19.650753768844	19.650753768844	19.650753768844	19.650753768844	19.650753768844	19.650753768844	19.650753768844	19.650753768844	19.650753768844	19.650753768844	19.650753768844	19.650753768844	19.650753768844	19.650753768844	19.650753768844	19.650753768844	19.650753768844	19.650753768844	19.650753768844	19.650753768844	19.650753768844	19.650753768844	19.650753768844	19.650753768844	19.650753768844	19.650753768844	19.650753768844	19.650753768844	19.650753768844	19.650753768844	19.650753768844	19.650753768844	19.650753768844	19.650753768844	19.650753768844	19.650753768844	19.650753768844	19.650753768844	19.650753768844	19.650753768844	19.650753768844	19.650753768844	19.650753768844	19.650753768844	19.650753768844	19.650753768844	19.650753768844	19.650753768844	19.650753768844	19.650753768844	19.650753768844	19.650753768844	19.650753768844	19.650753768844	19.650753768844	19.650753768844	19.650753768844	19.650753768844	19.650753768844	19.650753768844	19.650753768844	19.650753768844	19.650753768844	19.650753768844	19.650753768844	19.650753768844	19.650753768844	19.650753768844	19.650753768844	19.650753768844	19.650753768844	19.650753768844	19.650753768844	19.650753768844	19.650753768844	19.650753768844	19.650753768844	19.650753768844	19.650753768844	19.650753768844	19.650753768844	19.650753768844	19.650753768844	19.650753768844	19.650753768844	19.650753768844	19.650753768844	19.650753768844	19.650753768844	19.650753768844	19.650753768844	19.650753768844	19.650753768844	19.650753768844	19.650753768844	19.650753768844	19.650753768844	19.650753768844	19.650753768844	19.650753768844	19.650753768844	19.650753768844	19.650753768844	19.650753768844	19.650753768844	19.650753768844	19.650753768844	19.650753768844	19.650753768844	19.650753768844	19.650753768844	19.650753768844	19.650753768844	19.650753768844	19.650753768844	19.650753768844	19.650753768844	19.650753768844	19.650753768844	19.650753768844	19.650753768844	19.650753768844	19.650753768844	19.650753768844	19.650753768844	19.650753768844	19.650753768844
20.14824120603	20.14824120603	20.14824120603	20.14824120603	20.14824120603	20.14824120603	20.14824120603	20.14824120603	20.14824120603	20.14824120603	20.14824120603	20.14824120603	20.14824120603	20.14824120603	20.14824120603	20.14824120603	20.14824120603	20.14824120603	20.14824120603	20.14824120603	20.14824120603	20.14824120603	20.14824120603	20.14824120603	20.14824120603	20.14824120603	20.14824120603	20.14824120603	20.14824120603	20.14824120603	20.14824120603	20.14824120603	20.14824120603	20.14824120603	20.14824120603	20.14824120603	20.14824120603	20.14824120603	20.14824120603	20.14824120603	20.14824120603	20.14824120603	20.14824120603	20.14824120603	20.14824120603	20.14824120603	20.14824120603	20.14824120603	20.14824120603	20.14824120603	20.14824120603	20.14824120603	20.14824120603	20.14824120603	20.14824120603	20.14824120603	20.14824120603	20.14824120603	20.14824120603	20.14824120603	20.14824120603	20.14824120603	20.14824120603	20.14824120603	20.14824120603	20.14824120603	20.14824120603	20.14824120603	20.14824120603	20.14824120603	20.14824120603	20.14824120603	20.14824120603	20.14824120603	20.14824120603	20.14824120603	20.14824120603	20.14824120603	20.14824120603	20.14824120603	20.14824120603	20.14824120603	20.14824120603	20.14824120603	20.14824120603	20.14824120603	20.14824120603	20.14824120603	20.14824120603	20.14824120603	20.14824120603	20.14824120603	20.14824120603	20.14824120603	20.14824120603	20.14824120603	20.14824120603	20.14824120603	20.14824120603	20.14824120603	20.14824120603	20.14824120603	20.14824120603	20.14824120603	20.14824120603	20.14824120603	20.14824120603	20.14824120603	20.14824120603	20.14824120603	20.14824120603	20.14824120603	20.14824120603	20.14824120603	20.14824120603	20.14824120603	20.14824120603	20.14824120603	20.14824120603	20.14824120603	20.14824120603	20.14824120603	20.14824120603	20.14824120603	20.14824120603	20.14824120603	20.14824120603	20.14824120603	20.14824120603	20.14824120603	20.14824120603	20.14824120603	20.14824120603	20.14824120603	20.14824120603	20.14824120603	20.14824120603	20.14824120603	20.14824120603	20.14824120603	20.14824120603	20.14824120603	20.14824120603	20.14824120603	20.14824120603	20.14824120603	20.14824120603	20.14824120603	20.14824120603	20.14824120603	20.14824120603	20.14824120603	20.14824120603	20.14824120603	20.14824120603	20.14824120603	20.14824120603	20.14824120603	20.14824120603	20.14824120603	20.14824120603	20.14824120603	20.14824120603	20.14824120603	20.14824120603	20.14824120603	20.14824120603	20.14824120603	20.14824120603	20.14824120603	20.14824120603	20.14824120603	20.14824120603	20.14824120603	20.14824120603	20.14824120603	20.14824120603	20.14824120603	20.14824120603	20.14824120603	20.14824120603	20.14824120603	20.14824120603	20.14824120603	20.14824120603	20.14824120603	20.14824120603	20.14824120603	20.14824120603	20.14824120603	20.14824120603	20.14824120603	20.14824120603	20.14824120603	20.14824120603	20.14824120603	20.14824120603	20.14824120603	20.14824120603	20.14824120603
20.645728643216	20.645728643216	20.645728643216	20.645728643216	20.645728643216	20.645728643216	20.645728643216	20.645728643216	20.645728643216	20.645728643216	20.645728643216	20.645728643216	20.645728643216	20.645728643216	20.645728643216	20.645728643216	20.645728643216	20.645728643216	20.645728643216	20.645728643216	20.645728643216	20.645728643216	20.645728643216	20.645728643216	20.645728643216	20.645728643216	20.645728643216	20.645728643216	20.645728643216	20.645728643216	20.645728643216	20.645728643216	20.645728643216	20.645728643216	20.645728643216	20.645728643216	20.645728643216	20.645728643216	20.645728643216	20.645728643216	20.645728643216	20.645728643216	20.645728643216	20.645728643216	20.645728643216	20.645728643216	20.645728643216	20.645728643216	20.645728643216	20.645728643216	20.645728643216	20.645728643216	20.645728643216	20.645728643216	20.645728643216	20.645728643216	20.645728643216	20.645728643216	20.645728643216	20.645728643216	20.645728643216	20.645728643216	20.645728643216	20.645728643216	20.645728643216	20.645728643216	20.645728643216	20.645728643216	20.645728643216	20.645728643216	20.645728643216	20.645728643216	20.645728643216	20.645728643216	20.645728643216	20.645728643216	20.645728643216	20.645728643216	20.645728643216	20.645728643216	20.645728643216	20.645728643216	20.645728643216	20.645728643216	20.645728643216	20.645728643216	20.645728643216	20.645728643216	20.645728643216	20.645728643216	20.645728643216	20.645728643216	20.645728643216	20.645728643216	20.645728643216	20.645728643216	20.645728643216	20.645728643216	20.645728643216	20.645728643216	20.645728643216	20.645728643216	20.645728643216	20.645728643216	20.645728643216	20.645728643216	20.645728643216	20.645728643216	20.645728643216	20.645728643216	20.645728643216	20.645728643216	20.645728643216	20.645728643216	20.645728643216	20.645728643216	20.645728643216	20.645728643216	20.645728643216	20.645728643216	20.645728643216	20.645728643216	20.645728643216	20.645728643216	20.645728643216	20.645728643216	20.645728643216	20.645728643216	20.645728643216	20.645728643216	20.645728643216	20.645728643216	20.645728643216	20.645728643216	20.645728643216	20.645728643216	20.645728643216	20.645728643216	20.645728643216	20.645728643216	20.645728643216	20.645728643216	20.645728643216	20.645728643216	20.645728643216	20.645728643216	20.645728643216	20.645728643216	20.645728643216	20.645728643216	20.645728643216	20.645728643216	20.645728643216	20.645728643216	20.645728643216	20.645728643216	20.645728643216	20.645728643216	20.645728643216	20.645728643216	20.645728643216	20.645728643216	20.645728643216	20.645728643216	20.645728643216	20.645728643216	20.645728643216	20.645728643216	20.645728643216	20.645728643216	20.645728643216	20.645728643216	20.645728643216	20.645728643216	20.645728643216	20.645728643216	20.645728643216	20.645728643216	20.645728643216	20.645728643216	20.645728643216	20.645728643216	20.645728643216	20.645728643216	20.645728643216	20.645728643216	20.645728643216	20.645728643216	20.645728643216	20.645728643216	20.645728643216	20.645728643216	20.645728643216	20.645728643216	20.645728643216	20.645728643216	20.645728643216	20.645728643216	20.645728643216	20.645728643216
21.143216080402	21.143216080402	21.143216080402	21.143216080402	21.143216080402	21.143216080402	21.143216080402	21.143216080402	21.143216080402	21.143216080402	21.143216080402	21.143216080402	21.143216080402	21.143216080402	21.143216080402	21.143216080402	21.143216080402	21.143216080402	21.143216080402	21.143216080402	21.143216080402	21.143216080402	21.143216080402	21.143216080402	21.143216080402	21.143216080402	21.143216080402	21.143216080402	21.143216080402	21.143216080402	21.143216080402	21.143216080402	21.143216080402	21.143216080402	21.143216080402	21.143216080402	21.143216080402	21.143216080402	21.143216080402	21.143216080402	21.143216080402	21.143216080402	21.143216080402	21.143216080402	21.143216080402	21.143216080402	21.143216080402	21.143216080402	21.143216080402	21.143216080402	21.143216080402	21.143216080402	21.143216080402	21.143216080402	21.143216080402	21.143216080402	21.143216080402	21.143216080402	21.143216080402	21.143216080402	21.143216080402	21.143216080402	21.143216080402	21.143216080402	21.143216080402	21.143216080402	21.143216080402	21.143216080402	21.143216080402	21.143216080402	21.143216080402	21.143216080402	21.143216080402	21.143216080402	21.143216080402	21.143216080402	21.143216080402	21.143216080402	21.143216080402	21.143216080402	21.143216080402	21.143216080402	21.143216080402	21.143216080402	21.143216080402	21.143216080402	21.143216080402	21.143216080402	21.143216080402	21.143216080402	21.143216080402	21.143216080402	21.143216080402	21.143216080402	21.143216080402	21.143216080402	21.143216080402	21.143216080402	21.143216080402	21.143216080402	21.143216080402	21.143216080402	21.143216080402	21.143216080402	21.143216080402	21.143216080402	21.143216080402	21.143216080402	21.143216080402	21.143216080402	21.143216080402	21.143216080402	21.143216080402	21.143216080402	21.143216080402	21.143216080402	21.143216080402	21.143216080402	21.143216080402	21.143216080402	21.143216080402	21.143216080402	21.143216080402	21.143216080402	21.143216080402	21.143216080402	21.143216080402	21.143216080402	21.143216080402	21.143216080402	21.143216080402	21.143216080402	21.143216080402	21.143216080402	21.143216080402	21.143216080402	21.143216080402	21.143216080402	21.143216080402	21.143216080402	21.143216080402	21.143216080402	21.143216080402	21.143216080402	21.143216080402	21.143216080402	21.143216080402	21.143216080402	21.143216080402	21.143216080402	21.143216080402	21.143216080402	21.143216080402	21.143216080402	21.143216080402	21.143216080402	21.143216080402	21.143216080402	21.143216080402	21.143216080402	21.143216080402	21.143216080402	21.143216080402	21.143216080402	21.143216080402	21.143216080402	21.143216080402	21.143216080402	21.143216080402	21.143216080402	21.143216080402	21.143216080402	21.143216080402	21.143216080402	21.143216080402	21.143216080402	21.143216080402	21.143216080402	21.143216080402	21.143216080402	21.143216080402	21.143216080402	21.143216080402	21.143216080402	21.143216080402	21.143216080402	21.143216080402	21.143216080402	21.143216080402	21.143216080402	21.143216080402	21.143216080402	21.143216080402	21.143216080402	21.143216080402	21.143216080402	21.143216080402	21.143216080402	21.143216080402	21.143216080402
21.640703517588	21.640703517588	21.640703517588	21.640703517588	21.640703517588	21.640703517588	21.640703517588	21.640703517588	21.640703517588	21.640703517588	21.640703517588	21.640703517588	21.640703517588	21.640703517588	21.640703517588	21.640703517588	21.640703517588	21.640703517588	21.640703517588	21.640703517588	21.640703517588	21.640703517588	21.640703517588	21.640703517588	21.640703517588	21.640703517588	21.640703517588	21.640703517588	21.640703517588	21.640703517588	21.640703517588	21.640703517588	21.640703517588	21.640703517588	21.640703517588	21.640703517588	21.640703517588	21.640703517588	21.640703517588	21.640703517588	21.640703517588	21.640703517588	21.640703517588	21.640703517588	21.640703517588	21.640703517588	21.640703517588	21.640703517588	21.640703517588	21.640703517588	21.640703517588	21.640703517588	21.640703517588	21.640703517588	21.640703517588	21.640703517588	21.640703517588	21.640703517588	21.640703517588	21.640703517588	21.640703517588	21.640703517588	21.640703517588	21.640703517588	21.640703517588	21.640703517588	21.640703517588	21.640703517588	21.640703517588	21.640703517588	21.640703517588	21.640703517588	21.640703517588	21.640703517588	21.640703517588	21.640703517588	21.640703517588	21.640703517588	21.640703517588	21.640703517588	21.640703517588	21.640703517588	21.640703517588	21.640703517588	21.640703517588	21.640703517588	21.640703517588	21.640703517588	21.640703517588	21.640703517588	21.640703517588	21.640703517588	21.640703517588	21.640703517588	21.640703517588	21.640703517588	21.640703517588	21.640703517588	21.640703517588	21.640703517588	21.640703517588	21.640703517588	21.640703517588	21.640703517588	21.640703517588	21.640703517588	21.640703517588	21.640703517588	21.640703517588	21.640703517588	21.640703517588	21.640703517588	21.640703517588	21.640703517588	21.640703517588	21.640703517588	21.640703517588	21.640703517588	21.640703517588	21.640703517588	21.640703517588	21.640703517588	21.640703517588	21.640703517588	21.640703517588	21.640703517588	21.640703517588	21.640703517588	21.640703517588	21.640703517588	21.640703517588	21.640703517588	21.640703517588	21.640703517588	21.640703517588	21.640703517588	21.640703517588	21.640703517588	21.640703517588	21.640703517588	21.640703517588	21.640703517588	21.640703517588	21.640703517588	21.640703517588	21.640703517588	21.640703517588	21.640703517588	21.640703517588	21.640703517588	21.640703517588	21.640703517588	21.640703517588	21.640703517588	21.640703517588	21.640703517588	21.640703517588	21.640703517588	21.640703517588	21.640703517588	21.640703517588	21.640703517588	21.640703517588	21.640703517588	21.640703517588	21.640703517588	21.640703517588	21.640703517588	21.640703517588	21.640703517588	21.640703517588	21.640703517588	21.640703517588	21.640703517588	21.640703517588	21.640703517588	21.640703517588	21.640703517588	21.640703517588	21.640703517588	21.640703517588	21.640703517588	21.640703517588	21.640703517588	21.640703517588	21.640703517588	21.640703517588	21.640703517588	21.640703517588	21.640703517588	21.640703517588	21.640703517588	21.640703517588	21.640703517588	21.640703517588	21.640703517588	21.640703517588	21.640703517588	21.640703517588	21.640703517588
22.138190954774	22.138190954774	22.138190954774	22.138190954774	22.138190954774	22.138190954774	22.138190954774	22.138190954774	22.138190954774	22.138190954774	22.138190954774	22.138190954774	22.138190954774	22.138190954774	22.138190954774	22.138190954774	22.138190954774	22.138190954774	22.138190954774	22.138190954774	22.138190954774	22.138190954774	22.138190954774	22.138190954774	22.138190954774	22.138190954774	22.138190954774	22.138190954774	22.138190954774	22.138190954774	22.138190954774	22.138190954774	22.138190954774	22.138190954774	22.138190954774	22.138190954774	22.138190954774	22.138190954774	22.138190954774	22.138190954774	22.138190954774	22.138190954774	22.138190954774	22.138190954774	22.138190954774	22.138190954774	22.138190954774	22.138190954774	22.138190954774	22.138190954774	22.138190954774	22.138190954774	22.138190954774	22.138190954774	22.138190954774	22.138190954774	22.138190954774	22.138190954774	22.138190954774	22.138190954774	22.138190954774	22.138190954774	22.138190954774	22.138190954774	22.138190954774	22.138190954774	22.138190954774	22.138190954774	22.138190954774	22.138190954774	22.138190954774	22.138190954774	22.138190954774	22.138190954774	22.138190954774	22.138190954774	22.138190954774	22.138190954774	22.138190954774	22.138190954774	22.138190954774	22.138190954774	22.138190954774	22.138190954774	22.138190954774	22.138190954774	22.138190954774	22.138190954774	22.138190954774	22.138190954774	22.138190954774	22.138190954774	22.138190954774	22.138190954774	22.138190954774	22.138190954774	22.138190954774	22.138190954774	22.138190954774	22.138190954774	22.138190954774	22.138190954774	22.138190954774	22.138190954774	22.138190954774	22.138190954774	22.138190954774	22.138190954774	22.138190954774	22.138190954774	22.138190954774	22.138190954774	22.138190954774	22.138190954774	22.138190954774	22.138190954774	22.138190954774	22.138190954774	22.138190954774	22.138190954774	22.138190954774	22.138190954774	22.138190954774	22.138190954774	22.138190954774	22.138190954774	22.138190954774	22.138190954774	22.138190954774	22.138190954774	22.138190954774	22.138190954774	22.138190954774	22.138190954774	22.138190954774	22.138190954774	22.138190954774	22.138190954774	22.138190954774	22.138190954774	22.138190954774	22.138190954774	22.138190954774	22.138190954774	22.138190954774	22.138190954774	22.138190954774	22.138190954774	22.138190954774	22.138190954774	22.138190954774	22.138190954774	22.138190954774	22.138190954774	22.138190954774	22.138190954774	22.138190954774	22.138190954774	22.138190954774	22.138190954774	22.138190954774	22.138190954774	22.138190954774	22.138190954774	22.138190954774	22.138190954774	22.138190954774	22.138190954774	22.138190954774	22.138190954774	22.138190954774	22.138190954774	22.138190954774	22.138190954774	22.138190954774	22.138190954774	22.138190954774	22.138190954774	22.138190954774	22.138190954774	22.138190954774	22.138190954774	22.138190954774	22.138190954774	22.138190954774	22.138190954774	22.138190954774	22.138190954774	22.138190954774	22.138190954774	22.138190954774	22.138190954774	22.138190954774	22.138190954774	22.138190954774	22.138190954774	22.138190954774	22.138190954774	22.138190954774	22.138190954774
22.63567839196	22.63567839196	22.63567839196	22.63567839196	22.63567839196	22.63567839196	22.63567839196	22.63567839196	22.63567839196	22.63567839196	22.63567839196	22.63567839196	22.63567839196	22.63567839196	22.63567839196	22.63567839196	22.63567839196	22.63567839196	22.63567839196	22.63567839196	22.63567839196	22.63567839196	22.63567839196	22.63567839196	22.63567839196	22.63567839196	22.63567839196	22.63567839196	22.63567839196	22.63567839196	22.63567839196	22.63567839196	22.63567839196	22.63567839196	22.63567839196	22.63567839196	22.63567839196	22.63567839196	22.63567839196	22.63567839196	22.63567839196	22.63567839196	22.63567839196	22.63567839196	22.63567839196	22.63567839196	22.63567839196	22.63567839196	22.63567839196	22.63567839196	22.63567839196	22.63567839196	22.63567839196	22.63567839196	22.63567839196	22.63567839196	22.63567839196	22.63567839196	22.63567839196	22.63567839196	22.63567839196	22.63567839196	22.63567839196	22.63567839196	22.63567839196	22.63567839196	22.63567839196	22.63567839196	22.63567839196	22.63567839196	22.63567839196	22.63567839196	22.63567839196	22.63567839196	22.63567839196	22.63567839196	22.63567839196	22.63567839196	22.63567839196	22.63567839196	22.63567839196	22.63567839196	22.63567839196	22.63567839196	22.63567839196	22.63567839196	22.63567839196	22.63567839196	22.63567839196	22.63567839196	22.63567839196	22.63567839196	22.63567839196	22.63567839196	22.63567839196	22.63567839196	22.63567839196	22.63567839196	22.63567839196	22.63567839196	22.63567839196	22.63567839196	22.63567839196	22.63567839196	22.63567839196	22.63567839196	22.63567839196	22.63567839196	22.63567839196	22.63567839196	22.63567839196	22.63567839196	22.63567839196	22.63567839196	22.63567839196	22.63567839196	22.63567839196	22.63567839196	22.63567839196	22.63567839196	22.63567839196	22.63567839196	22.63567839196	22.63567839196	22.63567839196	22.63567839196	22.63567839196	22.63567839196	22.63567839196	22.63567839196	22.63567839196	22.63567839196	22.63567839196	22.63567839196	22.63567839196	22.63567839196	22.63567839196	22.63567839196	22.63567839196	22.63567839196	22.63567839196	22.63567839196	22.63567839196	22.63567839196	22.63567839196	22.63567839196	22.63567839196	22.63567839196	22.63567839196	22.63567839196	22.63567839196	22.63567839196	22.63567839196	22.63567839196	22.63567839196	22.63567839196	22.63567839196	22.63567839196	22.63567839196	22.63567839196	22.63567839196	22.63567839196	22.63567839196	22.63567839196	22.63567839196	22.63567839196	22.63567839196	22.63567839196	22.63567839196	22.63567839196	22.63567839196	22.63567839196	22.63567839196	22.63567839196	22.63567839196	22.63567839196	22.63567839196	22.63567839196	22.63567839196	22.63567839196	22.63567839196	22.63567839196	22.63567839196	22.63567839196	22.63567839196	22.63567839196	22.63567839196	22.63567839196	22.63567839196	22.63567839196	22.63567839196	22.63567839196	22.63567839196	22.63567839196	22.63567839196	22.63567839196	22.63567839196	22.63567839196	22.63567839196	22.63567839196
23.133165829146	23.133165829146	23.133165829146	23.133165829146	23.133165829146	23.133165829146	23.133165829146	23.133165829146	23.133165829146	23.133165829146	23.133165829146	23.133165829146	23.133165829146	23.133165829146	23.133165829146	23.133165829146	23.133165829146	23.133165829146	23.133165829146	23.133165829146	23.133165829146	23.133165829146	23.133165829146	23.133165829146	23.133165829146	23.133165829146	23.133165829146	23.133165829146	23.133165829146	23.133165829146	23.133165829146	23.133165829146	23.133165829146	23.133165829146	23.133165829146	23.133165829146	23.133165829146	23.133165829146	23.133165829146	23.133165829146	23.133165829146	23.133165829146	23.133165829146	23.133165829146	23.133165829146	23.133165829146	23.133165829146	23.133165829146	23.133165829146	23.133165829146	23.133165829146	23.133165829146	23.133165829146	23.133165829146	23.133165829146	23.133165829146	23.133165829146	23.133165829146	23.133165829146	23.133165829146	23.133165829146	23.133165829146	23.133165829146	23.133165829146	23.133165829146	23.133165829146	23.133165829146	23.133165829146	23.133165829146	23.133165829146	23.133165829146	23.133165829146	23.133165829146	23.133165829146	23.133165829146	23.133165829146	23.133165829146	23.133165829146	23.133165829146	23.133165829146	23.133165829146	23.133165829146	23.133165829146	23.133165829146	23.133165829146	23.133165829146	23.133165829146	23.133165829146	23.133165829146	23.133165829146	23.133165829146	23.133165829146	23.133165829146	23.133165829146	23.133165829146	23.133165829146	23.133165829146	23.133165829146	23.133165829146	23.133165829146	23.133165829146	23.133165829146	23.133165829146	23.133165829146	23.133165829146	23.133165829146	23.133165829146	23.133165829146	23.133165829146	23.133165829146	23.133165829146	23.133165829146	23.133165829146	23.133165829146	23.133165829146	23.133165829146	23.133165829146	23.133165829146	23.133165829146	23.133165829146	23.133165829146	23.133165829146	23.133165829146	23.133165829146	23.133165829146	23.133165829146	23.133165829146	23.133165829146	23.133165829146	23.133165829146	23.133165829146	23.133165829146	23.133165829146	23.133165829146	23.133165829146	23.133165829146	23.133165829146	23.133165829146	23.133165829146	23.133165829146	23.133165829146	23.133165829146	23.133165829146	23.133165829146	23.133165829146	23.133165829146	23.133165829146	23.133165829146	23.133165829146	23.133165829146	23.133165829146	23.133165829146	23.133165829146	23.133165829146	23.133165829146	23.133165829146	23.133165829146	23.133165829146	23.133165829146	23.133165829146	23.133165829146	23.133165829146	23.133165829146	23.133165829146	23.133165829146	23.133165829146	23.133165829146	23.133165829146	23.133165829146	23.133165829146	23.133165829146	23.133165829146	23.133165829146	23.133165829146	23.133165829146	23.133165829146	23.133165829146	23.133165829146	23.133165829146	23.133165829146	23.133165829146	23.133165829146	23.133165829146	23.133165829146	23.133165829146	23.133165829146	23.133165829146	23.133165829146	23.133165829146	23.133165829146	23.133165829146	23.133165829146	23.133165829146	23.133165829146	23.133165829146	23.133165829146	23.133165829146	23.133165829146	23.133165829146	23.133165829146
23.630653266332	23.630653266332	23.630653266332	23.630653266332	23.630653266332	23.630653266332	23.630653266332	23.630653266332	23.630653266332	23.630653266332	23.630653266332	23.630653266332	23.630653266332	23.630653266332	23.630653266332	23.630653266332	23.630653266332	23.630653266332	23.630653266332	23.630653266332	23.630653266332	23.630653266332	23.630653266332	23.630653266332	23.630653266332	23.630653266332	23.630653266332	23.630653266332	23.630653266332	23.630653266332	23.630653266332	23.630653266332	23.630653266332	23.630653266332	23.630653266332	23.630653266332	23.630653266332	23.630653266332	23.630653266332	23.630653266332	23.630653266332	23.630653266332	23.630653266332	23.630653266332	23.630653266332	23.630653266332	23.630653266332	23.630653266332	23.630653266332	23.630653266332	23.630653266332	23.630653266332	23.630653266332	23.630653266332	23.630653266332	23.630653266332	23.630653266332	23.630653266332	23.630653266332	23.630653266332	23.630653266332	23.630653266332	23.630653266332	23.630653266332	23.630653266332	23.630653266332	23.630653266332	23.630653266332	23.630653266332	23.630653266332	23.630653266332	23.630653266332	23.630653266332	23.630653266332	23.630653266332	23.630653266332	23.630653266332	23.630653266332	23.630653266332	23.630653266332	23.630653266332	23.630653266332	23.630653266332	23.630653266332	23.630653266332	23.630653266332	23.630653266332	23.630653266332	23.630653266332	23.630653266332	23.630653266332	23.630653266332	23.630653266332	23.630653266332	23.630653266332	23.630653266332	23.630653266332	23.630653266332	23.630653266332	23.630653266332	23.630653266332	23.630653266332	23.630653266332	23.630653266332	23.630653266332	23.630653266332	23.630653266332	23.630653266332	23.630653266332	23.630653266332	23.630653266332	23.630653266332	23.630653266332	23.630653266332	23.630653266332	23.630653266332	23.630653266332	23.630653266332	23.630653266332	23.630653266332	23.630653266332	23.630653266332	23.630653266332	23.630653266332	23.630653266332	23.630653266332	23.630653266332	23.630653266332	23.630653266332	23.630653266332	23.630653266332	23.630653266332	23.630653266332	23.630653266332	23.630653266332	23.630653266332	23.630653266332	23.630653266332	23.630653266332	23.630653266332	23.630653266332	23.630653266332	23.630653266332	23.630653266332	23.630653266332	23.630653266332	23.630653266332	23.630653266332	23.630653266332	23.630653266332	23.630653266332	23.630653266332	23.630653266332	23.630653266332	23.630653266332	23.630653266332	23.630653266332	23.630653266332	23.630653266332	23.630653266332	23.630653266332	23.630653266332	23.630653266332	23.630653266332	23.630653266332	23.630653266332	23.630653266332	23.630653266332	23.630653266332	23.630653266332	23.630653266332	23.630653266332	23.630653266332	23.630653266332	23.630653266332	23.630653266332	23.630653266332	23.630653266332	23.630653266332	23.630653266332	23.630653266332	23.630653266332	23.630653266332	23.630653266332	23.630653266332	23.630653266332	23.630653266332	23.630653266332	23.630653266332	23.630653266332	23.630653266332	23.630653266332	23.630653266332	23.630653266332	23.630653266332	23.630653266332	23.630653266332	23.630653266332	23.630653266332	23.630653266332
24.128140703518	24.128140703518	24.128140703518	24.128140703518	24.128140703518	24.128140703518	24.128140703518	24.128140703518	24.128140703518	24.128140703518	24.128140703518	24.128140703518	24.128140703518	24.128140703518	24.128140703518	24.128140703518	24.128140703518	24.128140703518	24.128140703518	24.128140703518	24.128140703518	24.128140703518	24.128140703518	24.128140703518	24.128140703518	24.128140703518	24.128140703518	24.128140703518	24.128140703518	24.128140703518	24.128140703518	24.128140703518	24.128140703518	24.128140703518	24.128140703518	24.128140703518	24.128140703518	24.128140703518	24.128140703518	24.128140703518	24.128140703518	24.128140703518	24.128140703518	24.128140703518	24.128140703518	24.128140703518	24.128140703518	24.128140703518	24.128140703518	24.128140703518	24.128140703518	24.128140703518	24.128140703518	24.128140703518	24.128140703518	24.128140703518	24.128140703518	24.128140703518	24.128140703518	24.128140703518	24.128140703518	24.128140703518	24.128140703518	24.128140703518	24.128140703518	24.128140703518	24.128140703518	24.128140703518	24.128140703518	24.128140703518	24.128140703518	24.128140703518	24.128140703518	24.128140703518	24.128140703518	24.128140703518	24.128140703518	24.128140703518	24.128140703518	24.128140703518	24.128140703518	24.128140703518	24.128140703518	24.128140703518	24.128140703518	24.128140703518	24.128140703518	24.128140703518	24.128140703518	24.128140703518	24.128140703518	24.128140703518	24.128140703518	24.128140703518	24.128140703518	24.128140703518	24.128140703518	24.128140703518	24.128140703518	24.128140703518	24.128140703518	24.128140703518	24.128140703518	24.128140703518	24.128140703518	24.128140703518	24.128140703518	24.128140703518	24.128140703518	24.128140703518	24.128140703518	24.128140703518	24.128140703518	24.128140703518	24.128140703518	24.128140703518	24.128140703518	24.128140703518	24.128140703518	24.128140703518	24.128140703518	24.128140703518	24.128140703518	24.128140703518	24.128140703518	24.128140703518	24.128140703518	24.128140703518	24.128140703518	24.128140703518	24.128140703518	24.128140703518	24.128140703518	24.128140703518	24.128140703518	24.128140703518	24.128140703518	24.128140703518	24.128140703518	24.128140703518	24.128140703518	24.128140703518	24.128140703518	24.128140703518	24.128140703518	24.128140703518	24.128140703518	24.128140703518	24.128140703518	24.128140703518	24.128140703518	24.128140703518	24.128140703518	24.128140703518	24.128140703518	24.128140703518	24.128140703518	24.128140703518	24.128140703518	24.128140703518	24.128140703518	24.128140703518	24.128140703518	24.128140703518	24.128140703518	24.128140703518	24.128140703518	24.128140703518	24.128140703518	24.128140703518	24.128140703518	24.128140703518	24.128140703518	24.128140703518	24.128140703518	24.128140703518	24.128140703518	24.128140703518	24.128140703518	24.128140703518	24.128140703518	24.128140703518	24.128140703518	24.128140703518	24.128140703518	24.128140703518	24.128140703518	24.128140703518	24.128140703518	24.128140703518	24.128140703518	24.128140703518	24.128140703518	24.128140703518	24.128140703518	24.128140703518	24.128140703518	24.128140703518	24.128140703518	24.128140703518
24.625628140704	24.625628140704	24.625628140704	24.625628140704	24.625628140704	24.625628140704	24.625628140704	24.625628140704	24.625628140704	24.625628140704	24.625628140704	24.625628140704	24.625628140704	24.625628140704	24.625628140704	24.625628140704	24.625628140704	24.625628140704	24.625628140704	24.625628140704	24.625628140704	24.625628140704	24.625628140704	24.625628140704	24.625628140704	24.625628140704	24.625628140704	24.625628140704	24.625628140704	24.625628140704	24.625628140704	24.625628140704	24.625628140704	24.625628140704	24.625628140704	24.625628140704	24.625628140704	24.625628140704	24.625628140704	24.625628140704	24.625628140704	24.625628140704	24.625628140704	24.625628140704	24.625628140704	24.625628140704	24.625628140704	24.625628140704	24.625628140704	24.625628140704	24.625628140704	24.625628140704	24.625628140704	24.625628140704	24.625628140704	24.625628140704	24.625628140704	24.625628140704	24.625628140704	24.625628140704	24.625628140704	24.625628140704	24.625628140704	24.625628140704	24.625628140704	24.625628140704	24.625628140704	24.625628140704	24.625628140704	24.625628140704	24.625628140704	24.625628140704	24.625628140704	24.625628140704	24.625628140704	24.625628140704	24.625628140704	24.625628140704	24.625628140704	24.625628140704	24.625628140704	24.625628140704	24.625628140704	24.625628140704	24.625628140704	24.625628140704	24.625628140704	24.625628140704	24.625628140704	24.625628140704	24.625628140704	24.625628140704	24.625628140704	24.625628140704	24.625628140704	24.625628140704	24.625628140704	24.625628140704	24.625628140704	24.625628140704	24.625628140704	24.625628140704	24.625628140704	24.625628140704	24.625628140704	24.625628140704	24.625628140704	24.625628140704	24.625628140704	24.625628140704	24.625628140704	24.625628140704	24.625628140704	24.625628140704	24.625628140704	24.625628140704	24.625628140704	24.625628140704	24.625628140704	24.625628140704	24.625628140704	24.625628140704	24.625628140704	24.625628140704	24.625628140704	24.625628140704	24.625628140704	24.625628140704	24.625628140704	24.625628140704	24.625628140704	24.625628140704	24.625628140704	24.625628140704	24.625628140704	24.625628140704	24.625628140704	24.625628140704	24.625628140704	24.625628140704	24.625628140704	24.625628140704	24.625628140704	24.625628140704	24.625628140704	24.625628140704	24.625628140704	24.625628140704	24.625628140704	24.625628140704	24.625628140704	24.625628140704	24.625628140704	24.625628140704	24.625628140704	24.625628140704	24.625628140704	24.625628140704	24.625628140704	24.625628140704	24.625628140704	24.625628140704	24.625628140704	24.625628140704	24.625628140704	24.625628140704	24.625628140704	24.625628140704	24.625628140704	24.625628140704	24.625628140704	24.625628140704	24.625628140704	24.625628140704	24.625628140704	24.625628140704	24.625628140704	24.625628140704	24.625628140704	24.625628140704	24.625628140704	24.625628140704	24.625628140704	24.625628140704	24.625628140704	24.625628140704	24.625628140704	24.625628140704	24.625628140704	24.625628140704	24.625628140704	24.625628140704	24.625628140704	24.625628140704	24.625628140704	24.625628140704	24.625628140704	24.625628140704	24.625628140704	24.625628140704
25.123115577889	25.123115577889	25.123115577889	25.123115577889	25.123115577889	25.123115577889	25.123115577889	25.123115577889	25.123115577889	25.123115577889	25.123115577889	25.123115577889	25.123115577889	25.123115577889	25.123115577889	25.123115577889	25.123115577889	25.123115577889	25.123115577889	25.123115577889	25.123115577889	25.123115577889	25.123115577889	25.123115577889	25.123115577889	25.123115577889	25.123115577889	25.123115577889	25.123115577889	25.123115577889	25.123115577889	25.123115577889	25.123115577889	25.123115577889	25.123115577889	25.123115577889	25.123115577889	25.123115577889	25.123115577889	25.123115577889	25.123115577889	25.123115577889	25.123115577889	25.123115577889	25.123115577889	25.123115577889	25.123115577889	25.123115577889	25.123115577889	25.123115577889	25.123115577889	25.123115577889	25.123115577889	25.123115577889	25.123115577889	25.123115577889	25.123115577889	25.123115577889	25.123115577889	25.123115577889	25.123115577889	25.123115577889	25.123115577889	25.123115577889	25.123115577889	25.123115577889	25.123115577889	25.123115577889	25.123115577889	25.123115577889	25.123115577889	25.123115577889	25.123115577889	25.123115577889	25.123115577889	25.123115577889	25.123115577889	25.123115577889	25.123115577889	25.123115577889	25.123115577889	25.123115577889	25.123115577889	25.123115577889	25.123115577889	25.123115577889	25.123115577889	25.123115577889	25.123115577889	25.123115577889	25.123115577889	25.123115577889	25.123115577889	25.123115577889	25.123115577889	25.123115577889	25.123115577889	25.123115577889	25.123115577889	25.123115577889	25.123115577889	25.123115577889	25.123115577889	25.123115577889	25.123115577889	25.123115577889	25.123115577889	25.123115577889	25.123115577889	25.123115577889	25.123115577889	25.123115577889	25.123115577889	25.123115577889	25.123115577889	25.123115577889	25.123115577889	25.123115577889	25.123115577889	25.123115577889	25.123115577889	25.123115577889	25.123115577889	25.123115577889	25.123115577889	25.123115577889	25.123115577889	25.123115577889	25.123115577889	25.123115577889	25.123115577889	25.123115577889	25.123115577889	25.123115577889	25.123115577889	25.123115577889	25.123115577889	25.123115577889	25.123115577889	25.123115577889	25.123115577889	25.123115577889	25.123115577889	25.123115577889	25.123115577889	25.123115577889	25.123115577889	25.123115577889	25.123115577889	25.123115577889	25.123115577889	25.123115577889	25.123115577889	25.123115577889	25.123115577889	25.123115577889	25.123115577889	25.123115577889	25.123115577889	25.123115577889	25.123115577889	25.123115577889	25.123115577889	25.123115577889	25.123115577889	25.123115577889	25.123115577889	25.123115577889	25.123115577889	25.123115577889	25.123115577889	25.123115577889	25.123115577889	25.123115577889	25.123115577889	25.123115577889	25.123115577889	25.123115577889	25.123115577889	25.123115577889	25.123115577889	25.123115577889	25.123115577889	25.123115577889	25.123115577889	25.123115577889	25.123115577889	25.123115577889	25.123115577889	25.123115577889	25.123115577889	25.123115577889	25.123115577889	25.123115577889	25.123115577889	25.123115577889	25.123115577889	25.123115577889	25.123115577889	25.123115577889
25.620603015075	25.620603015075	25.620603015075	25.620603015075	25.620603015075	25.620603015075	25.620603015075	25.620603015075	25.620603015075	25.620603015075	25.620603015075	25.620603015075	25.620603015075	25.620603015075	25.620603015075	25.620603015075	25.620603015075	25.620603015075	25.620603015075	25.620603015075	25.620603015075	25.620603015075	25.620603015075	25.620603015075	25.620603015075	25.620603015075	25.620603015075	25.620603015075	25.620603015075	25.620603015075	25.620603015075	25.620603015075	25.620603015075	25.620603015075	25.620603015075	25.620603015075	25.620603015075	25.620603015075	25.620603015075	25.620603015075	25.620603015075	25.620603015075	25.620603015075	25.620603015075	25.620603015075	25.620603015075	25.620603015075	25.620603015075	25.620603015075	25.620603015075	25.620603015075	25.620603015075	25.620603015075	25.620603015075	25.620603015075	25.620603015075	25.620603015075	25.620603015075	25.620603015075	25.620603015075	25.620603015075	25.620603015075	25.620603015075	25.620603015075	25.620603015075	25.620603015075	25.620603015075	25.620603015075	25.620603015075	25.620603015075	25.620603015075	25.620603015075	25.620603015075	25.620603015075	25.620603015075	25.620603015075	25.620603015075	25.620603015075	25.620603015075	25.620603015075	25.620603015075	25.620603015075	25.620603015075	25.620603015075	25.620603015075	25.620603015075	25.620603015075	25.620603015075	25.620603015075	25.620603015075	25.620603015075	25.620603015075	25.620603015075	25.620603015075	25.620603015075	25.620603015075	25.620603015075	25.620603015075	25.620603015075	25.620603015075	25.620603015075	25.620603015075	25.620603015075	25.620603015075	25.620603015075	25.620603015075	25.620603015075	25.620603015075	25.620603015075	25.620603015075	25.620603015075	25.620603015075	25.620603015075	25.620603015075	25.620603015075	25.620603015075	25.620603015075	25.620603015075	25.620603015075	25.620603015075	25.620603015075	25.620603015075	25.620603015075	25.620603015075	25.620603015075	25.620603015075	25.620603015075	25.620603015075	25.620603015075	25.620603015075	25.620603015075	25.620603015075	25.620603015075	25.620603015075	25.620603015075	25.620603015075	25.620603015075	25.620603015075	25.620603015075	25.620603015075	25.620603015075	25.620603015075	25.620603015075	25.620603015075	25.620603015075	25.620603015075	25.620603015075	25.620603015075	25.620603015075	25.620603015075	25.620603015075	25.620603015075	25.620603015075	25.620603015075	25.620603015075	25.620603015075	25.620603015075	25.620603015075	25.620603015075	25.620603015075	25.620603015075	25.620603015075	25.620603015075	25.620603015075	25.620603015075	25.620603015075	25.620603015075	25.620603015075	25.620603015075	25.620603015075	25.620603015075	25.620603015075	25.620603015075	25.620603015075	25.620603015075	25.620603015075	25.620603015075	25.620603015075	25.620603015075	25.620603015075	25.620603015075	25.620603015075	25.620603015075	25.620603015075	25.620603015075	25.620603015075	25.620603015075	25.620603015075	25.620603015075	25.620603015075	25.620603015075	25.620603015075	25.620603015075	25.620603015075	25.620603015075	25.620603015075	25.620603015075	25.620603015075	25.620603015075	25.620603015075
26.118090452261	26.118090452261	26.118090452261	26.118090452261	26.118090452261	26.118090452261	26.118090452261	26.118090452261	26.118090452261	26.118090452261	26.118090452261	26.118090452261	26.118090452261	26.118090452261	26.118090452261	26.118090452261	26.118090452261	26.118090452261	26.118090452261	26.118090452261	26.118090452261	26.118090452261	26.118090452261	26.118090452261	26.118090452261	26.118090452261	26.118090452261	26.118090452261	26.118090452261	26.118090452261	26.118090452261	26.118090452261	26.118090452261	26.118090452261	26.118090452261	26.118090452261	26.118090452261	26.118090452261	26.118090452261	26.118090452261	26.118090452261	26.118090452261	26.118090452261	26.118090452261	26.118090452261	26.118090452261	26.118090452261	26.118090452261	26.118090452261	26.118090452261	26.118090452261	26.118090452261	26.118090452261	26.118090452261	26.118090452261	26.118090452261	26.118090452261	26.118090452261	26.118090452261	26.118090452261	26.118090452261	26.118090452261	26.118090452261	26.118090452261	26.118090452261	26.118090452261	26.118090452261	26.118090452261	26.118090452261	26.118090452261	26.118090452261	26.118090452261	26.118090452261	26.118090452261	26.118090452261	26.118090452261	26.118090452261	26.118090452261	26.118090452261	26.118090452261	26.118090452261	26.118090452261	26.118090452261	26.118090452261	26.118090452261	26.118090452261	26.118090452261	26.118090452261	26.118090452261	26.118090452261	26.118090452261	26.118090452261	26.118090452261	26.118090452261	26.118090452261	26.118090452261	26.118090452261	26.118090452261	26.118090452261	26.118090452261	26.118090452261	26.118090452261	26.118090452261	26.118090452261	26.118090452261	26.118090452261	26.118090452261	26.118090452261	26.118090452261	26.118090452261	26.118090452261	26.118090452261	26.118090452261	26.118090452261	26.118090452261	26.118090452261	26.118090452261	26.118090452261	26.118090452261	26.118090452261	26.118090452261	26.118090452261	26.118090452261	26.118090452261	26.118090452261	26.118090452261	26.118090452261	26.118090452261	26.118090452261	26.118090452261	26.118090452261	26.118090452261	26.118090452261	26.118090452261	26.118090452261	26.118090452261	26.118090452261	26.118090452261	26.118090452261	26.118090452261	26.118090452261	26.118090452261	26.118090452261	26.118090452261	26.118090452261	26.118090452261	26.118090452261	26.118090452261	26.118090452261	26.118090452261	26.118090452261	26.118090452261	26.118090452261	26.118090452261	26.118090452261	26.118090452261	26.118090452261	26.118090452261	26.118090452261	26.118090452261	26.118090452261	26.118090452261	26.118090452261	26.118090452261	26.118090452261	26.118090452261	26.118090452261	26.118090452261	26.118090452261	26.118090452261	26.118090452261	26.118090452261	26.118090452261	26.118090452261	26.118090452261	26.118090452261	26.118090452261	26.118090452261	26.118090452261	26.118090452261	26.118090452261	26.118090452261	26.118090452261	26.118090452261	26.118090452261	26.118090452261	26.118090452261	26.118090452261	26.118090452261	26.118090452261	26.118090452261	26.118090452261	26.118090452261	26.118090452261	26.118090452261	26.118090452261	26.118090452261	26.118090452261	26.118090452261	26.118090452261
26.615577889447	26.615577889447	26.615577889447	26.615577889447	26.615577889447	26.615577889447	26.615577889447	26.615577889447	26.615577889447	26.615577889447	26.615577889447	26.615577889447	26.615577889447	26.615577889447	26.615577889447	26.615577889447	26.615577889447	26.615577889447	26.615577889447	26.615577889447	26.615577889447	26.615577889447	26.615577889447	26.615577889447	26.615577889447	26.615577889447	26.615577889447	26.615577889447	26.615577889447	26.615577889447	26.615577889447	26.615577889447	26.615577889447	26.615577889447	26.615577889447	26.615577889447	26.615577889447	26.615577889447	26.615577889447	26.615577889447	26.615577889447	26.615577889447	26.615577889447	26.615577889447	26.615577889447	26.615577889447	26.615577889447	26.615577889447	26.615577889447	26.615577889447	26.615577889447	26.615577889447	26.615577889447	26.615577889447	26.615577889447	26.615577889447	26.615577889447	26.615577889447	26.615577889447	26.615577889447	26.615577889447	26.615577889447	26.615577889447	26.615577889447	26.615577889447	26.615577889447	26.615577889447	26.615577889447	26.615577889447	26.615577889447	26.615577889447	26.615577889447	26.615577889447	26.615577889447	26.615577889447	26.615577889447	26.615577889447	26.615577889447	26.615577889447	26.615577889447	26.615577889447	26.615577889447	26.615577889447	26.615577889447	26.615577889447	26.615577889447	26.615577889447	26.615577889447	26.615577889447	26.615577889447	26.615577889447	26.615577889447	26.615577889447	26.615577889447	26.615577889447	26.615577889447	26.615577889447	26.615577889447	26.615577889447	26.615577889447	26.615577889447	26.615577889447	26.615577889447	26.615577889447	26.615577889447	26.615577889447	26.615577889447	26.615577889447	26.615577889447	26.615577889447	26.615577889447	26.615577889447	26.615577889447	26.615577889447	26.615577889447	26.615577889447	26.615577889447	26.615577889447	26.615577889447	26.615577889447	26.615577889447	26.615577889447	26.615577889447	26.615577889447	26.615577889447	26.615577889447	26.615577889447	26.615577889447	26.615577889447	26.615577889447	26.615577889447	26.615577889447	26.615577889447	26.615577889447	26.615577889447	26.615577889447	26.615577889447	26.615577889447	26.615577889447	26.615577889447	26.615577889447	26.615577889447	26.615577889447	26.615577889447	26.615577889447	26.615577889447	26.615577889447	26.615577889447	26.615577889447	26.615577889447	26.615577889447	26.615577889447	26.615577889447	26.615577889447	26.615577889447	26.615577889447	26.615577889447	26.615577889447	26.615577889447	26.615577889447	26.615577889447	26.615577889447	26.615577889447	26.615577889447	26.615577889447	26.615577889447	26.615577889447	26.615577889447	26.615577889447	26.615577889447	26.615577889447	26.615577889447	26.615577889447	26.615577889447	26.615577889447	26.615577889447	26.615577889447	26.615577889447	26.615577889447	26.615577889447	26.615577889447	26.615577889447	26.615577889447	26.615577889447	26.615577889447	26.615577889447	26.615577889447	26.615577889447	26.615577889447	26.615577889447	26.615577889447	26.615577889447	26.615577889447	26.615577889447	26.615577889447	26.615577889447	26.615577889447	26.615577889447	26.615577889447	26.615577889447
27.113065326633	27.113065326633	27.113065326633	27.113065326633	27.113065326633	27.113065326633	27.113065326633	27.113065326633	27.113065326633	27.113065326633	27.113065326633	27.113065326633	27.113065326633	27.113065326633	27.113065326633	27.113065326633	27.113065326633	27.113065326633	27.113065326633	27.113065326633	27.113065326633	27.113065326633	27.113065326633	27.113065326633	27.113065326633	27.113065326633	27.113065326633	27.113065326633	27.113065326633	27.113065326633	27.113065326633	27.113065326633	27.113065326633	27.113065326633	27.113065326633	27.113065326633	27.113065326633	27.113065326633	27.113065326633	27.113065326633	27.113065326633	27.113065326633	27.113065326633	27.113065326633	27.113065326633	27.113065326633	27.113065326633	27.113065326633	27.113065326633	27.113065326633	27.113065326633	27.113065326633	27.113065326633	27.113065326633	27.113065326633	27.113065326633	27.113065326633	27.113065326633	27.113065326633	27.113065326633	27.113065326633	27.113065326633	27.113065326633	27.113065326633	27.113065326633	27.113065326633	27.113065326633	27.113065326633	27.113065326633	27.113065326633	27.113065326633	27.113065326633	27.113065326633	27.113065326633	27.113065326633	27.113065326633	27.113065326633	27.113065326633	27.113065326633	27.113065326633	27.113065326633	27.113065326633	27.113065326633	27.113065326633	27.113065326633	27.113065326633	27.113065326633	27.113065326633	27.113065326633	27.113065326633	27.113065326633	27.113065326633	27.113065326633	27.113065326633	27.113065326633	27.113065326633	27.113065326633	27.113065326633	27.113065326633	27.113065326633	27.113065326633	27.113065326633	27.113065326633	27.113065326633	27.113065326633	27.113065326633	27.113065326633	27.113065326633	27.113065326633	27.113065326633	27.113065326633	27.113065326633	27.113065326633	27.113065326633	27.113065326633	27.113065326633	27.113065326633	27.113065326633	27.113065326633	27.113065326633	27.113065326633	27.113065326633	27.113065326633	27.113065326633	27.113065326633	27.113065326633	27.113065326633	27.113065326633	27.113065326633	27.113065326633	27.113065326633	27.113065326633	27.113065326633	27.113065326633	27.113065326633	27.113065326633	27.113065326633	27.113065326633	27.113065326633	27.113065326633	27.113065326633	27.113065326633	27.113065326633	27.113065326633	27.113065326633	27.113065326633	27.113065326633	27.113065326633	27.113065326633	27.113065326633	27.113065326633	27.113065326633	27.113065326633	27.113065326633	27.113065326633	27.113065326633	27.113065326633	27.113065326633	27.113065326633	27.113065326633	27.113065326633	27.113065326633	27.113065326633	27.113065326633	27.113065326633	27.113065326633	27.113065326633	27.113065326633	27.113065326633	27.113065326633	27.113065326633	27.113065326633	27.113065326633	27.113065326633	27.113065326633	27.113065326633	27.113065326633	27.113065326633	27.113065326633	27.113065326633	27.113065326633	27.113065326633	27.113065326633	27.113065326633	27.113065326633	27.113065326633	27.113065326633	27.113065326633	27.113065326633	27.113065326633	27.113065326633	27.113065326633	27.113065326633	27.113065326633	27.113065326633	27.113065326633	27.113065326633	27.113065326633	27.113065326633	27.113065326633
27.610552763819	27.610552763819	27.610552763819	27.610552763819	27.610552763819	27.610552763819	27.610552763819	27.610552763819	27.610552763819	27.610552763819	27.610552763819	27.610552763819	27.610552763819	27.610552763819	27.610552763819	27.610552763819	27.610552763819	27.610552763819	27.610552763819	27.610552763819	27.610552763819	27.610552763819	27.610552763819	27.610552763819	27.610552763819	27.610552763819	27.610552763819	27.610552763819	27.610552763819	27.610552763819	27.610552763819	27.610552763819	27.610552763819	27.610552763819	27.610552763819	27.610552763819	27.610552763819	27.610552763819	27.610552763819	27.610552763819	27.610552763819	27.610552763819	27.610552763819	27.610552763819	27.610552763819	27.610552763819	27.610552763819	27.610552763819	27.610552763819	27.610552763819	27.610552763819	27.610552763819	27.610552763819	27.610552763819	27.610552763819	27.610552763819	27.610552763819	27.610552763819	27.610552763819	27.610552763819	27.610552763819	27.610552763819	27.610552763819	27.610552763819	27.610552763819	27.610552763819	27.610552763819	27.610552763819	27.610552763819	27.610552763819	27.610552763819	27.610552763819	27.610552763819	27.610552763819	27.610552763819	27.610552763819	27.610552763819	27.610552763819	27.610552763819	27.610552763819	27.610552763819	27.610552763819	27.610552763819	27.610552763819	27.610552763819	27.610552763819	27.610552763819	27.610552763819	27.610552763819	27.610552763819	27.610552763819	27.610552763819	27.610552763819	27.610552763819	27.610552763819	27.610552763819	27.610552763819	27.610552763819	27.610552763819	27.610552763819	27.610552763819	27.610552763819	27.610552763819	27.610552763819	27.610552763819	27.610552763819	27.610552763819	27.610552763819	27.610552763819	27.610552763819	27.610552763819	27.610552763819	27.610552763819	27.610552763819	27.610552763819	27.610552763819	27.610552763819	27.610552763819	27.610552763819	27.610552763819	27.610552763819	27.610552763819	27.610552763819	27.610552763819	27.610552763819	27.610552763819	27.610552763819	27.610552763819	27.610552763819	27.610552763819	27.610552763819	27.610552763819	27.610552763819	27.610552763819	27.610552763819	27.610552763819	27.610552763819	27.610552763819	27.610552763819	27.610552763819	27.610552763819	27.610552763819	27.610552763819	27.610552763819	27.610552763819	27.610552763819	27.610552763819	27.610552763819	27.610552763819	27.610552763819	27.610552763819	27.610552763819	27.610552763819	27.610552763819	27.610552763819	27.610552763819	27.610552763819	27.610552763819	27.610552763819	27.610552763819	27.610552763819	27.610552763819	27.610552763819	27.610552763819	27.610552763819	27.610552763819	27.610552763819	27.610552763819	27.610552763819	27.610552763819	27.610552763819	27.610552763819	27.610552763819	27.610552763819	27.610552763819	27.610552763819	27.610552763819	27.610552763819	27.610552763819	27.610552763819	27.610552763819	27.610552763819	27.610552763819	27.610552763819	27.610552763819	27.610552763819	27.610552763819	27.610552763819	27.610552763819	27.610552763819	27.610552763819	27.610552763819	27.610552763819	27.610552763819	27.610552763819	27.610552763819	27.610552763819	27.610552763819	27.610552763819	27.610552763819
28.108040201005	28.108040201005	28.108040201005	28.108040201005	28.108040201005	28.108040201005	28.108040201005	28.108040201005	28.108040201005	28.108040201005	28.108040201005	28.108040201005	28.108040201005	28.108040201005	28.108040201005	28.108040201005	28.108040201005	28.108040201005	28.108040201005	28.108040201005	28.108040201005	28.108040201005	28.108040201005	28.108040201005	28.108040201005	28.108040201005	28.108040201005	28.108040201005	28.108040201005	28.108040201005	28.108040201005	28.108040201005	28.108040201005	28.108040201005	28.108040201005	28.108040201005	28.108040201005	28.108040201005	28.108040201005	28.108040201005	28.108040201005	28.108040201005	28.108040201005	28.108040201005	28.108040201005	28.108040201005	28.108040201005	28.108040201005	28.108040201005	28.108040201005	28.108040201005	28.108040201005	28.108040201005	28.108040201005	28.108040201005	28.108040201005	28.108040201005	28.108040201005	28.108040201005	28.108040201005	28.108040201005	28.108040201005	28.108040201005	28.108040201005	28.108040201005	28.108040201005	28.108040201005	28.108040201005	28.108040201005	28.108040201005	28.108040201005	28.108040201005	28.108040201005	28.108040201005	28.108040201005	28.108040201005	28.108040201005	28.108040201005	28.108040201005	28.108040201005	28.108040201005	28.108040201005	28.108040201005	28.108040201005	28.108040201005	28.108040201005	28.108040201005	28.108040201005	28.108040201005	28.108040201005	28.108040201005	28.108040201005	28.108040201005	28.108040201005	28.108040201005	28.108040201005	28.108040201005	28.108040201005	28.108040201005	28.108040201005	28.108040201005	28.108040201005	28.108040201005	28.108040201005	28.108040201005	28.108040201005	28.108040201005	28.108040201005	28.108040201005	28.108040201005	28.108040201005	28.108040201005	28.108040201005	28.108040201005	28.108040201005	28.108040201005	28.108040201005	28.108040201005	28.108040201005	28.108040201005	28.108040201005	28.108040201005	28.108040201005	28.108040201005	28.108040201005	28.108040201005	28.108040201005	28.108040201005	28.108040201005	28.108040201005	28.108040201005	28.108040201005	28.108040201005	28.108040201005	28.108040201005	28.108040201005	28.108040201005	28.108040201005	28.108040201005	28.108040201005	28.108040201005	28.108040201005	28.108040201005	28.108040201005	28.108040201005	28.108040201005	28.108040201005	28.108040201005	28.108040201005	28.108040201005	28.108040201005	28.108040201005	28.108040201005	28.108040201005	28.108040201005	28.108040201005	28.108040201005	28.108040201005	28.108040201005	28.108040201005	28.108040201005	28.108040201005	28.108040201005	28.108040201005	28.108040201005	28.108040201005	28.108040201005	28.108040201005	28.108040201005	28.108040201005	28.108040201005	28.108040201005	28.108040201005	28.108040201005	28.108040201005	28.108040201005	28.108040201005	28.108040201005	28.108040201005	28.108040201005	28.108040201005	28.108040201005	28.108040201005	28.108040201005	28.108040201005	28.108040201005	28.108040201005	28.108040201005	28.108040201005	28.108040201005	28.108040201005	28.108040201005	28.108040201005	28.108040201005	28.108040201005	28.108040201005	28.108040201005	28.108040201005	28.108040201005	28.108040201005
28.605527638191	28.605527638191	28.605527638191	28.605527638191	28.605527638191	28.605527638191	28.605527638191	28.605527638191	28.605527638191	28.605527638191	28.605527638191	28.605527638191	28.605527638191	28.605527638191	28.605527638191	28.605527638191	28.605527638191	28.605527638191	28.605527638191	28.605527638191	28.605527638191	28.605527638191	28.605527638191	28.605527638191	28.605527638191	28.605527638191	28.605527638191	28.605527638191	28.605527638191	28.605527638191	28.605527638191	28.605527638191	28.605527638191	28.605527638191	28.605527638191	28.605527638191	28.605527638191	28.605527638191	28.605527638191	28.605527638191	28.605527638191	28.605527638191	28.605527638191	28.605527638191	28.605527638191	28.605527638191	28.605527638191	28.605527638191	28.605527638191	28.605527638191	28.605527638191	28.605527638191	28.605527638191	28.605527638191	28.605527638191	28.605527638191	28.605527638191	28.605527638191	28.605527638191	28.605527638191	28.605527638191	28.605527638191	28.605527638191	28.605527638191	28.605527638191	28.605527638191	28.605527638191	28.605527638191	28.605527638191	28.605527638191	28.605527638191	28.605527638191	28.605527638191	28.605527638191	28.605527638191	28.605527638191	28.605527638191	28.605527638191	28.605527638191	28.605527638191	28.605527638191	28.605527638191	28.605527638191	28.605527638191	28.605527638191	28.605527638191	28.605527638191	28.605527638191	28.605527638191	28.605527638191	28.605527638191	28.605527638191	28.605527638191	28.605527638191	28.605527638191	28.605527638191	28.605527638191	28.605527638191	28.605527638191	28.605527638191	28.605527638191	28.605527638191	28.605527638191	28.605527638191	28.605527638191	28.605527638191	28.605527638191	28.605527638191	28.605527638191	28.605527638191	28.605527638191	28.605527638191	28.605527638191	28.605527638191	28.605527638191	28.605527638191	28.605527638191	28.605527638191	28.605527638191	28.605527638191	28.605527638191	28.605527638191	28.605527638191	28.605527638191	28.605527638191	28.605527638191	28.605527638191	28.605527638191	28.605527638191	28.605527638191	28.605527638191	28.605527638191	28.605527638191	28.605527638191	28.605527638191	28.605527638191	28.605527638191	28.605527638191	28.605527638191	28.605527638191	28.605527638191	28.605527638191	28.605527638191	28.605527638191	28.605527638191	28.605527638191	28.605527638191	28.605527638191	28.605527638191	28.605527638191	28.605527638191	28.605527638191	28.605527638191	28.605527638191	28.605527638191	28.605527638191	28.605527638191	28.605527638191	28.605527638191	28.605527638191	28.605527638191	28.605527638191	28.605527638191	28.605527638191	28.605527638191	28.605527638191	28.605527638191	28.605527638191	28.605527638191	28.605527638191	28.605527638191	28.605527638191	28.605527638191	28.605527638191	28.605527638191	28.605527638191	28.605527638191	28.605527638191	28.605527638191	28.605527638191	28.605527638191	28.605527638191	28.605527638191	28.605527638191	28.605527638191	28.605527638191	28.605527638191	28.605527638191	28.605527638191	28.605527638191	28.605527638191	28.605527638191	28.605527638191	28.605527638191	28.605527638191	28.605527638191	28.605527638191	28.605527638191	28.605527638191	28.605527638191
29.103015075377	29.103015075377	29.103015075377	29.103015075377	29.103015075377	29.103015075377	29.103015075377	29.103015075377	29.103015075377	29.103015075377	29.103015075377	29.103015075377	29.103015075377	29.103015075377	29.103015075377	29.103015075377	29.103015075377	29.103015075377	29.103015075377	29.103015075377	29.103015075377	29.103015075377	29.103015075377	29.103015075377	29.103015075377	29.103015075377	29.103015075377	29.103015075377	29.103015075377	29.103015075377	29.103015075377	29.103015075377	29.103015075377	29.103015075377	29.103015075377	29.103015075377	29.103015075377	29.103015075377	29.103015075377	29.103015075377	29.103015075377	29.103015075377	29.103015075377	29.103015075377	29.103015075377	29.103015075377	29.103015075377	29.103015075377	29.103015075377	29.103015075377	29.103015075377	29.103015075377	29.103015075377	29.103015075377	29.103015075377	29.103015075377	29.103015075377	29.103015075377	29.103015075377	29.103015075377	29.103015075377	29.103015075377	29.103015075377	29.103015075377	29.103015075377	29.103015075377	29.103015075377	29.103015075377	29.103015075377	29.103015075377	29.103015075377	29.103015075377	29.103015075377	29.103015075377	29.103015075377	29.103015075377	29.103015075377	29.103015075377	29.103015075377	29.103015075377	29.103015075377	29.103015075377	29.103015075377	29.103015075377	29.103015075377	29.103015075377	29.103015075377	29.103015075377	29.103015075377	29.103015075377	29.103015075377	29.103015075377	29.103015075377	29.103015075377	29.103015075377	29.103015075377	29.103015075377	29.103015075377	29.103015075377	29.103015075377	29.103015075377	29.103015075377	29.103015075377	29.103015075377	29.103015075377	29.103015075377	29.103015075377	29.103015075377	29.103015075377	29.103015075377	29.103015075377	29.103015075377	29.103015075377	29.103015075377	29.103015075377	29.103015075377	29.103015075377	29.103015075377	29.103015075377	29.103015075377	29.103015075377	29.103015075377	29.103015075377	29.103015075377	29.103015075377	29.103015075377	29.103015075377	29.103015075377	29.103015075377	29.103015075377	29.103015075377	29.103015075377	29.103015075377	29.103015075377	29.103015075377	29.103015075377	29.103015075377	29.103015075377	29.103015075377	29.103015075377	29.103015075377	29.103015075377	29.103015075377	29.103015075377	29.103015075377	29.103015075377	29.103015075377	29.103015075377	29.103015075377	29.103015075377	29.103015075377	29.103015075377	29.103015075377	29.103015075377	29.103015075377	29.103015075377	29.103015075377	29.103015075377	29.103015075377	29.103015075377	29.103015075377	29.103015075377	29.103015075377	29.103015075377	29.103015075377	29.103015075377	29.103015075377	29.103015075377	29.103015075377	29.103015075377	29.103015075377	29.103015075377	29.103015075377	29.103015075377	29.103015075377	29.103015075377	29.103015075377	29.103015075377	29.103015075377	29.103015075377	29.103015075377	29.103015075377	29.103015075377	29.103015075377	29.103015075377	29.103015075377	29.103015075377	29.103015075377	29.103015075377	29.103015075377	29.103015075377	29.103015075377	29.103015075377	29.103015075377	29.103015075377	29.103015075377	29.103015075377	29.103015075377	29.103015075377	29.103015075377
29.600502512563	29.600502512563	29.600502512563	29.600502512563	29.600502512563	29.600502512563	29.600502512563	29.600502512563	29.600502512563	29.600502512563	29.600502512563	29.600502512563	29.600502512563	29.600502512563	29.600502512563	29.600502512563	29.600502512563	29.600502512563	29.600502512563	29.600502512563	29.600502512563	29.600502512563	29.600502512563	29.600502512563	29.600502512563	29.600502512563	29.600502512563	29.600502512563	29.600502512563	29.600502512563	29.600502512563	29.600502512563	29.600502512563	29.600502512563	29.600502512563	29.600502512563	29.600502512563	29.600502512563	29.600502512563	29.600502512563	29.600502512563	29.600502512563	29.600502512563	29.600502512563	29.600502512563	29.600502512563	29.600502512563	29.600502512563	29.600502512563	29.600502512563	29.600502512563	29.600502512563	29.600502512563	29.600502512563	29.600502512563	29.600502512563	29.600502512563	29.600502512563	29.600502512563	29.600502512563	29.600502512563	29.600502512563	29.600502512563	29.600502512563	29.600502512563	29.600502512563	29.600502512563	29.600502512563	29.600502512563	29.600502512563	29.600502512563	29.600502512563	29.600502512563	29.600502512563	29.600502512563	29.600502512563	29.600502512563	29.600502512563	29.600502512563	29.600502512563	29.600502512563	29.600502512563	29.600502512563	29.600502512563	29.600502512563	29.600502512563	29.600502512563	29.600502512563	29.600502512563	29.600502512563	29.600502512563	29.600502512563	29.600502512563	29.600502512563	29.600502512563	29.600502512563	29.600502512563	29.600502512563	29.600502512563	29.600502512563	29.600502512563	29.600502512563	29.600502512563	29.600502512563	29.600502512563	29.600502512563	29.600502512563	29.600502512563	29.600502512563	29.600502512563	29.600502512563	29.600502512563	29.600502512563	29.600502512563	29.600502512563	29.600502512563	29.600502512563	29.600502512563	29.600502512563	29.600502512563	29.600502512563	29.600502512563	29.600502512563	29.600502512563	29.600502512563	29.600502512563	29.600502512563	29.600502512563	29.600502512563	29.600502512563	29.600502512563	29.600502512563	29.600502512563	29.600502512563	29.600502512563	29.600502512563	29.600502512563	29.600502512563	29.600502512563	29.600502512563	29.600502512563	29.600502512563	29.600502512563	29.600502512563	29.600502512563	29.600502512563	29.600502512563	29.600502512563	29.600502512563	29.600502512563	29.600502512563	29.600502512563	29.600502512563	29.600502512563	29.600502512563	29.600502512563	29.600502512563	29.600502512563	29.600502512563	29.600502512563	29.600502512563	29.600502512563	29.600502512563	29.600502512563	29.600502512563	29.600502512563	29.600502512563	29.600502512563	29.600502512563	29.600502512563	29.600502512563	29.600502512563	29.600502512563	29.600502512563	29.600502512563	29.600502512563	29.600502512563	29.600502512563	29.600502512563	29.600502512563	29.600502512563	29.600502512563	29.600502512563	29.600502512563	29.600502512563	29.600502512563	29.600502512563	29.600502512563	29.600502512563	29.600502512563	29.600502512563	29.600502512563	29.600502512563	29.600502512563	29.600502512563	29.600502512563	29.600502512563	29.600502512563	29.600502512563	29.600502512563
30.097989949749	30.097989949749	30.097989949749	30.097989949749	30.097989949749	30.097989949749	30.097989949749	30.097989949749	30.097989949749	30.097989949749	30.097989949749	30.097989949749	30.097989949749	30.097989949749	30.097989949749	30.097989949749	30.097989949749	30.097989949749	30.097989949749	30.097989949749	30.097989949749	30.097989949749	30.097989949749	30.097989949749	30.097989949749	30.097989949749	30.097989949749	30.097989949749	30.097989949749	30.097989949749	30.097989949749	30.097989949749	30.097989949749	30.097989949749	30.097989949749	30.097989949749	30.097989949749	30.097989949749	30.097989949749	30.097989949749	30.097989949749	30.097989949749	30.097989949749	30.097989949749	30.097989949749	30.097989949749	30.097989949749	30.097989949749	30.097989949749	30.097989949749	30.097989949749	30.097989949749	30.097989949749	30.097989949749	30.097989949749	30.097989949749	30.097989949749	30.097989949749	30.097989949749	30.097989949749	30.097989949749	30.097989949749	30.097989949749	30.097989949749	30.097989949749	30.097989949749	30.097989949749	30.097989949749	30.097989949749	30.097989949749	30.097989949749	30.097989949749	30.097989949749	30.097989949749	30.097989949749	30.097989949749	30.097989949749	30.097989949749	30.097989949749	30.097989949749	30.097989949749	30.097989949749	30.097989949749	30.097989949749	30.097989949749	30.097989949749	30.097989949749	30.097989949749	30.097989949749	30.097989949749	30.097989949749	30.097989949749	30.097989949749	30.097989949749	30.097989949749	30.097989949749	30.097989949749	30.097989949749	30.097989949749	30.097989949749	30.097989949749	30.097989949749	30.097989949749	30.097989949749	30.097989949749	30.097989949749	30.097989949749	30.097989949749	30.097989949749	30.097989949749	30.097989949749	30.097989949749	30.097989949749	30.097989949749	30.097989949749	30.097989949749	30.097989949749	30.097989949749	30.097989949749	30.097989949749	30.097989949749	30.097989949749	30.097989949749	30.097989949749	30.097989949749	30.097989949749	30.097989949749	30.097989949749	30.097989949749	30.097989949749	30.097989949749	30.097989949749	30.097989949749	30.097989949749	30.097989949749	30.097989949749	30.097989949749	30.097989949749	30.097989949749	30.097989949749	30.097989949749	30.097989949749	30.097989949749	30.097989949749	30.097989949749	30.097989949749	30.097989949749	30.097989949749	30.097989949749	30.097989949749	30.097989949749	30.097989949749	30.097989949749	30.097989949749	30.097989949749	30.097989949749	30.097989949749	30.097989949749	30.097989949749	30.097989949749	30.097989949749	30.097989949749	30.097989949749	30.097989949749	30.097989949749	30.097989949749	30.097989949749	30.097989949749	30.097989949749	30.097989949749	30.097989949749	30.097989949749	30.097989949749	30.097989949749	30.097989949749	30.097989949749	30.097989949749	30.097989949749	30.097989949749	30.097989949749	30.097989949749	30.097989949749	30.097989949749	30.097989949749	30.097989949749	30.097989949749	30.097989949749	30.097989949749	30.097989949749	30.097989949749	30.097989949749	30.097989949749	30.097989949749	30.097989949749	30.097989949749	30.097989949749	30.097989949749	30.097989949749	30.097989949749	30.097989949749
30.595477386935	30.595477386935	30.595477386935	30.595477386935	30.595477386935	30.595477386935	30.595477386935	30.595477386935	30.595477386935	30.595477386935	30.595477386935	30.595477386935	30.595477386935	30.595477386935	30.595477386935	30.595477386935	30.595477386935	30.595477386935	30.595477386935	30.595477386935	30.595477386935	30.595477386935	30.595477386935	30.595477386935	30.595477386935	30.595477386935	30.595477386935	30.595477386935	30.595477386935	30.595477386935	30.595477386935	30.595477386935	30.595477386935	30.595477386935	30.595477386935	30.595477386935	30.595477386935	30.595477386935	30.595477386935	30.595477386935	30.595477386935	30.595477386935	30.595477386935	30.595477386935	30.595477386935	30.595477386935	30.595477386935	30.595477386935	30.595477386935	30.595477386935	30.595477386935	30.595477386935	30.595477386935	30.595477386935	30.595477386935	30.595477386935	30.595477386935	30.595477386935	30.595477386935	30.595477386935	30.595477386935	30.595477386935	30.595477386935	30.595477386935	30.595477386935	30.595477386935	30.595477386935	30.595477386935	30.595477386935	30.595477386935	30.595477386935	30.595477386935	30.595477386935	30.595477386935	30.595477386935	30.595477386935	30.595477386935	30.595477386935	30.595477386935	30.595477386935	30.595477386935	30.595477386935	30.595477386935	30.595477386935	30.595477386935	30.595477386935	30.595477386935	30.595477386935	30.595477386935	30.595477386935	30.595477386935	30.595477386935	30.595477386935	30.595477386935	30.595477386935	30.595477386935	30.595477386935	30.595477386935	30.595477386935	30.595477386935	30.595477386935	30.595477386935	30.595477386935	30.595477386935	30.595477386935	30.595477386935	30.595477386935	30.595477386935	30.595477386935	30.595477386935	30.595477386935	30.595477386935	30.595477386935	30.595477386935	30.595477386935	30.595477386935	30.595477386935	30.595477386935	30.595477386935	30.595477386935	30.595477386935	30.595477386935	30.595477386935	30.595477386935	30.595477386935	30.595477386935	30.595477386935	30.595477386935	30.595477386935	30.595477386935	30.595477386935	30.595477386935	30.595477386935	30.595477386935	30.595477386935	30.595477386935	30.595477386935	30.595477386935	30.595477386935	30.595477386935	30.595477386935	30.595477386935	30.595477386935	30.595477386935	30.595477386935	30.595477386935	30.595477386935	30.595477386935	30.595477386935	30.595477386935	30.595477386935	30.595477386935	30.595477386935	30.595477386935	30.595477386935	30.595477386935	30.595477386935	30.595477386935	30.595477386935	30.595477386935	30.595477386935	30.595477386935	30.595477386935	30.595477386935	30.595477386935	30.595477386935	30.595477386935	30.595477386935	30.595477386935	30.595477386935	30.595477386935	30.595477386935	30.595477386935	30.595477386935	30.595477386935	30.595477386935	30.595477386935	30.595477386935	30.595477386935	30.595477386935	30.595477386935	30.595477386935	30.595477386935	30.595477386935	30.595477386935	30.595477386935	30.595477386935	30.595477386935	30.595477386935	30.595477386935	30.595477386935	30.595477386935	30.595477386935	30.595477386935	30.595477386935	30.595477386935	30.595477386935	30.595477386935	30.595477386935	30.595477386935
31.092964824121	31.092964824121	31.092964824121	31.092964824121	31.092964824121	31.092964824121	31.092964824121	31.092964824121	31.092964824121	31.092964824121	31.092964824121	31.092964824121	31.092964824121	31.092964824121	31.092964824121	31.092964824121	31.092964824121	31.092964824121	31.092964824121	31.092964824121	31.092964824121	31.092964824121	31.092964824121	31.092964824121	31.092964824121	31.092964824121	31.092964824121	31.092964824121	31.092964824121	31.092964824121	31.092964824121	31.092964824121	31.092964824121	31.092964824121	31.092964824121	31.092964824121	31.092964824121	31.092964824121	31.092964824121	31.092964824121	31.092964824121	31.092964824121	31.092964824121	31.092964824121	31.092964824121	31.092964824121	31.092964824121	31.092964824121	31.092964824121	31.092964824121	31.092964824121	31.092964824121	31.092964824121	31.092964824121	31.092964824121	31.092964824121	31.092964824121	31.092964824121	31.092964824121	31.092964824121	31.092964824121	31.092964824121	31.092964824121	31.092964824121	31.092964824121	31.092964824121	31.092964824121	31.092964824121	31.092964824121	31.092964824121	31.092964824121	31.092964824121	31.092964824121	31.092964824121	31.092964824121	31.092964824121	31.092964824121	31.092964824121	31.092964824121	31.092964824121	31.092964824121	31.092964824121	31.092964824121	31.092964824121	31.092964824121	31.092964824121	31.092964824121	31.092964824121	31.092964824121	31.092964824121	31.092964824121	31.092964824121	31.092964824121	31.092964824121	31.092964824121	31.092964824121	31.092964824121	31.092964824121	31.092964824121	31.092964824121	31.092964824121	31.092964824121	31.092964824121	31.092964824121	31.092964824121	31.092964824121	31.092964824121	31.092964824121	31.092964824121	31.092964824121	31.092964824121	31.092964824121	31.092964824121	31.092964824121	31.092964824121	31.092964824121	31.092964824121	31.092964824121	31.092964824121	31.092964824121	31.092964824121	31.092964824121	31.092964824121	31.092964824121	31.092964824121	31.092964824121	31.092964824121	31.092964824121	31.092964824121	31.092964824121	31.092964824121	31.092964824121	31.092964824121	31.092964824121	31.092964824121	31.092964824121	31.092964824121	31.092964824121	31.092964824121	31.092964824121	31.092964824121	31.092964824121	31.092964824121	31.092964824121	31.092964824121	31.092964824121	31.092964824121	31.092964824121	31.092964824121	31.092964824121	31.092964824121	31.092964824121	31.092964824121	31.092964824121	31.092964824121	31.092964824121	31.092964824121	31.092964824121	31.092964824121	31.092964824121	31.092964824121	31.092964824121	31.092964824121	31.092964824121	31.092964824121	31.092964824121	31.092964824121	31.092964824121	31.092964824121	31.092964824121	31.092964824121	31.092964824121	31.092964824121	31.092964824121	31.092964824121	31.092964824121	31.092964824121	31.092964824121	31.092964824121	31.092964824121	31.092964824121	31.092964824121	31.092964824121	31.092964824121	31.092964824121	31.092964824121	31.092964824121	31.092964824121	31.092964824121	31.092964824121	31.092964824121	31.092964824121	31.092964824121	31.092964824121	31.092964824121	31.092964824121	31.092964824121	31.092964824121	31.092964824121	31.092964824121
31.590452261307	31.590452261307	31.590452261307	31.590452261307	31.590452261307	31.590452261307	31.590452261307	31.590452261307	31.590452261307	31.590452261307	31.590452261307	31.590452261307	31.590452261307	31.590452261307	31.590452261307	31.590452261307	31.590452261307	31.590452261307	31.590452261307	31.590452261307	31.590452261307	31.590452261307	31.590452261307	31.590452261307	31.590452261307	31.590452261307	31.590452261307	31.590452261307	31.590452261307	31.590452261307	31.590452261307	31.590452261307	31.590452261307	31.590452261307	31.590452261307	31.590452261307	31.590452261307	31.590452261307	31.590452261307	31.590452261307	31.590452261307	31.590452261307	31.590452261307	31.590452261307	31.590452261307	31.590452261307	31.590452261307	31.590452261307	31.590452261307	31.590452261307	31.590452261307	31.590452261307	31.590452261307	31.590452261307	31.590452261307	31.590452261307	31.590452261307	31.590452261307	31.590452261307	31.590452261307	31.590452261307	31.590452261307	31.590452261307	31.590452261307	31.590452261307	31.590452261307	31.590452261307	31.590452261307	31.590452261307	31.590452261307	31.590452261307	31.590452261307	31.590452261307	31.590452261307	31.590452261307	31.590452261307	31.590452261307	31.590452261307	31.590452261307	31.590452261307	31.590452261307	31.590452261307	31.590452261307	31.590452261307	31.590452261307	31.590452261307	31.590452261307	31.590452261307	31.590452261307	31.590452261307	31.590452261307	31.590452261307	31.590452261307	31.590452261307	31.590452261307	31.590452261307	31.590452261307	31.590452261307	31.590452261307	31.590452261307	31.590452261307	31.590452261307	31.590452261307	31.590452261307	31.590452261307	31.590452261307	31.590452261307	31.590452261307	31.590452261307	31.590452261307	31.590452261307	31.590452261307	31.590452261307	31.590452261307	31.590452261307	31.590452261307	31.590452261307	31.590452261307	31.590452261307	31.590452261307	31.590452261307	31.590452261307	31.590452261307	31.590452261307	31.590452261307	31.590452261307	31.590452261307	31.590452261307	31.590452261307	31.590452261307	31.590452261307	31.590452261307	31.590452261307	31.590452261307	31.590452261307	31.590452261307	31.590452261307	31.590452261307	31.590452261307	31.590452261307	31.590452261307	31.590452261307	31.590452261307	31.590452261307	31.590452261307	31.590452261307	31.590452261307	31.590452261307	31.590452261307	31.590452261307	31.590452261307	31.590452261307	31.590452261307	31.590452261307	31.590452261307	31.590452261307	31.590452261307	31.590452261307	31.590452261307	31.590452261307	31.590452261307	31.590452261307	31.590452261307	31.590452261307	31.590452261307	31.590452261307	31.590452261307	31.590452261307	31.590452261307	31.590452261307	31.590452261307	31.590452261307	31.590452261307	31.590452261307	31.590452261307	31.590452261307	31.590452261307	31.590452261307	31.590452261307	31.590452261307	31.590452261307	31.590452261307	31.590452261307	31.590452261307	31.590452261307	31.590452261307	31.590452261307	31.590452261307	31.590452261307	31.590452261307	31.590452261307	31.590452261307	31.590452261307	31.590452261307	31.590452261307	31.590452261307	31.590452261307	31.590452261307	31.590452261307	31.590452261307
32.087939698492	32.087939698492	32.087939698492	32.087939698492	32.087939698492	32.087939698492	32.087939698492	32.087939698492	32.087939698492	32.087939698492	32.087939698492	32.087939698492	32.087939698492	32.087939698492	32.087939698492	32.087939698492	32.087939698492	32.087939698492	32.087939698492	32.087939698492	32.087939698492	32.087939698492	32.087939698492	32.087939698492	32.087939698492	32.087939698492	32.087939698492	32.087939698492	32.087939698492	32.087939698492	32.087939698492	32.087939698492	32.087939698492	32.087939698492	32.087939698492	32.087939698492	32.087939698492	32.087939698492	32.087939698492	32.087939698492	32.087939698492	32.087939698492	32.087939698492	32.087939698492	32.087939698492	32.087939698492	32.087939698492	32.087939698492	32.087939698492	32.087939698492	32.087939698492	32.087939698492	32.087939698492	32.087939698492	32.087939698492	32.087939698492	32.087939698492	32.087939698492	32.087939698492	32.087939698492	32.087939698492	32.087939698492	32.087939698492	32.087939698492	32.087939698492	32.087939698492	32.087939698492	32.087939698492	32.087939698492	32.087939698492	32.087939698492	32.087939698492	32.087939698492	32.087939698492	32.087939698492	32.087939698492	32.087939698492	32.087939698492	32.087939698492	32.087939698492	32.087939698492	32.087939698492	32.087939698492	32.087939698492	32.087939698492	32.087939698492	32.087939698492	32.087939698492	32.087939698492	32.087939698492	32.087939698492	32.087939698492	32.087939698492	32.087939698492	32.087939698492	32.087939698492	32.087939698492	32.087939698492	32.087939698492	32.087939698492	32.087939698492	32.087939698492	32.087939698492	32.087939698492	32.087939698492	32.087939698492	32.087939698492	32.087939698492	32.087939698492	32.087939698492	32.087939698492	32.087939698492	32.087939698492	32.087939698492	32.087939698492	32.087939698492	32.087939698492	32.087939698492	32.087939698492	32.087939698492	32.087939698492	32.087939698492	32.087939698492	32.087939698492	32.087939698492	32.087939698492	32.087939698492	32.087939698492	32.087939698492	32.087939698492	32.087939698492	32.087939698492	32.087939698492	32.087939698492	32.087939698492	32.087939698492	32.087939698492	32.087939698492	32.087939698492	32.087939698492	32.087939698492	32.087939698492	32.087939698492	32.087939698492	32.087939698492	32.087939698492	32.087939698492	32.087939698492	32.087939698492	32.087939698492	32.087939698492	32.087939698492	32.087939698492	32.087939698492	32.087939698492	32.087939698492	32.087939698492	32.087939698492	32.087939698492	32.087939698492	32.087939698492	32.087939698492	32.087939698492	32.087939698492	32.087939698492	32.087939698492	32.087939698492	32.087939698492	32.087939698492	32.087939698492	32.087939698492	32.087939698492	32.087939698492	32.087939698492	32.087939698492	32.087939698492	32.087939698492	32.087939698492	32.087939698492	32.087939698492	32.087939698492	32.087939698492	32.087939698492	32.087939698492	32.087939698492	32.087939698492	32.087939698492	32.087939698492	32.087939698492	32.087939698492	32.087939698492	32.087939698492	32.087939698492	32.087939698492	32.087939698492	32.087939698492	32.087939698492	32.087939698492	32.087939698492	32.087939698492
32.585427135678	32.585427135678	32.585427135678	32.585427135678	32.585427135678	32.585427135678	32.585427135678	32.585427135678	32.585427135678	32.585427135678	32.585427135678	32.585427135678	32.585427135678	32.585427135678	32.585427135678	32.585427135678	32.585427135678	32.585427135678	32.585427135678	32.585427135678	32.585427135678	32.585427135678	32.585427135678	32.585427135678	32.585427135678	32.585427135678	32.585427135678	32.585427135678	32.585427135678	32.585427135678	32.585427135678	32.585427135678	32.585427135678	32.585427135678	32.585427135678	32.585427135678	32.585427135678	32.585427135678	32.585427135678	32.585427135678	32.585427135678	32.585427135678	32.585427135678	32.585427135678	32.585427135678	32.585427135678	32.585427135678	32.585427135678	32.585427135678	32.585427135678	32.585427135678	32.585427135678	32.585427135678	32.585427135678	32.585427135678	32.585427135678	32.585427135678	32.585427135678	32.585427135678	32.585427135678	32.585427135678	32.585427135678	32.585427135678	32.585427135678	32.585427135678	32.585427135678	32.585427135678	32.585427135678	32.585427135678	32.585427135678	32.585427135678	32.585427135678	32.585427135678	32.585427135678	32.585427135678	32.585427135678	32.585427135678	32.585427135678	32.585427135678	32.585427135678	32.585427135678	32.585427135678	32.585427135678	32.585427135678	32.585427135678	32.585427135678	32.585427135678	32.585427135678	32.585427135678	32.585427135678	32.585427135678	32.585427135678	32.585427135678	32.585427135678	32.585427135678	32.585427135678	32.585427135678	32.585427135678	32.585427135678	32.585427135678	32.585427135678	32.585427135678	32.585427135678	32.585427135678	32.585427135678	32.585427135678	32.585427135678	32.585427135678	32.585427135678	32.585427135678	32.585427135678	32.585427135678	32.585427135678	32.585427135678	32.585427135678	32.585427135678	32.585427135678	32.585427135678	32.585427135678	32.585427135678	32.585427135678	32.585427135678	32.585427135678	32.585427135678	32.585427135678	32.585427135678	32.585427135678	32.585427135678	32.585427135678	32.585427135678	32.585427135678	32.585427135678	32.585427135678	32.585427135678	32.585427135678	32.585427135678	32.585427135678	32.585427135678	32.585427135678	32.585427135678	32.585427135678	32.585427135678	32.585427135678	32.585427135678	32.585427135678	32.585427135678	32.585427135678	32.585427135678	32.585427135678	32.585427135678	32.585427135678	32.585427135678	32.585427135678	32.585427135678	32.585427135678	32.585427135678	32.585427135678	32.585427135678	32.585427135678	32.585427135678	32.585427135678	32.585427135678	32.585427135678	32.585427135678	32.585427135678	32.585427135678	32.585427135678	32.585427135678	32.585427135678	32.585427135678	32.585427135678	32.585427135678	32.585427135678	32.585427135678	32.585427135678	32.585427135678	32.585427135678	32.585427135678	32.585427135678	32.585427135678	32.585427135678	32.585427135678	32.585427135678	32.585427135678	32.585427135678	32.585427135678	32.585427135678	32.585427135678	32.585427135678	32.585427135678	32.585427135678	32.585427135678	32.585427135678	32.585427135678	32.585427135678	32.585427135678	32.585427135678	32.585427135678	32.585427135678	32.585427135678
33.082914572864	33.082914572864	33.082914572864	33.082914572864	33.082914572864	33.082914572864	33.082914572864	33.082914572864	33.082914572864	33.082914572864	33.082914572864	33.082914572864	33.082914572864	33.082914572864	33.082914572864	33.082914572864	33.082914572864	33.082914572864	33.082914572864	33.082914572864	33.082914572864	33.082914572864	33.082914572864	33.082914572864	33.082914572864	33.082914572864	33.082914572864	33.082914572864	33.082914572864	33.082914572864	33.082914572864	33.082914572864	33.082914572864	33.082914572864	33.082914572864	33.082914572864	33.082914572864	33.082914572864	33.082914572864	33.082914572864	33.082914572864	33.082914572864	33.082914572864	33.082914572864	33.082914572864	33.082914572864	33.082914572864	33.082914572864	33.082914572864	33.082914572864	33.082914572864	33.082914572864	33.082914572864	33.082914572864	33.082914572864	33.082914572864	33.082914572864	33.082914572864	33.082914572864	33.082914572864	33.082914572864	33.082914572864	33.082914572864	33.082914572864	33.082914572864	33.082914572864	33.082914572864	33.082914572864	33.082914572864	33.082914572864	33.082914572864	33.082914572864	33.082914572864	33.082914572864	33.082914572864	33.082914572864	33.082914572864	33.082914572864	33.082914572864	33.082914572864	33.082914572864	33.082914572864	33.082914572864	33.082914572864	33.082914572864	33.082914572864	33.082914572864	33.082914572864	33.082914572864	33.082914572864	33.082914572864	33.082914572864	33.082914572864	33.082914572864	33.082914572864	33.082914572864	33.082914572864	33.082914572864	33.082914572864	33.082914572864	33.082914572864	33.082914572864	33.082914572864	33.082914572864	33.082914572864	33.082914572864	33.082914572864	33.082914572864	33.082914572864	33.082914572864	33.082914572864	33.082914572864	33.082914572864	33.082914572864	33.082914572864	33.082914572864	33.082914572864	33.082914572864	33.082914572864	33.082914572864	33.082914572864	33.082914572864	33.082914572864	33.082914572864	33.082914572864	33.082914572864	33.082914572864	33.082914572864	33.082914572864	33.082914572864	33.082914572864	33.082914572864	33.082914572864	33.082914572864	33.082914572864	33.082914572864	33.082914572864	33.082914572864	33.082914572864	33.082914572864	33.082914572864	33.082914572864	33.082914572864	33.082914572864	33.082914572864	33.082914572864	33.082914572864	33.082914572864	33.082914572864	33.082914572864	33.082914572864	33.082914572864	33.082914572864	33.082914572864	33.082914572864	33.082914572864	33.082914572864	33.082914572864	33.082914572864	33.082914572864	33.082914572864	33.082914572864	33.082914572864	33.082914572864	33.082914572864	33.082914572864	33.082914572864	33.082914572864	33.082914572864	33.082914572864	33.082914572864	33.082914572864	33.082914572864	33.082914572864	33.082914572864	33.082914572864	33.082914572864	33.082914572864	33.082914572864	33.082914572864	33.082914572864	33.082914572864	33.082914572864	33.082914572864	33.082914572864	33.082914572864	33.082914572864	33.082914572864	33.082914572864	33.082914572864	33.082914572864	33.082914572864	33.082914572864	33.082914572864	33.082914572864	33.082914572864	33.082914572864	33.082914572864	33.082914572864	33.082914572864
33.58040201005	33.58040201005	33.58040201005	33.58040201005	33.58040201005	33.58040201005	33.58040201005	33.58040201005	33.58040201005	33.58040201005	33.58040201005	33.58040201005	33.58040201005	33.58040201005	33.58040201005	33.58040201005	33.58040201005	33.58040201005	33.58040201005	33.58040201005	33.58040201005	33.58040201005	33.58040201005	33.58040201005	33.58040201005	33.58040201005	33.58040201005	33.58040201005	33.58040201005	33.58040201005	33.58040201005	33.58040201005	33.58040201005	33.58040201005	33.58040201005	33.58040201005	33.58040201005	33.58040201005	33.58040201005	33.58040201005	33.58040201005	33.58040201005	33.58040201005	33.58040201005	33.58040201005	33.58040201005	33.58040201005	33.58040201005	33.58040201005	33.58040201005	33.58040201005	33.58040201005	33.58040201005	33.58040201005	33.58040201005	33.58040201005	33.58040201005	33.58040201005	33.58040201005	33.58040201005	33.58040201005	33.58040201005	33.58040201005	33.58040201005	33.58040201005	33.58040201005	33.58040201005	33.58040201005	33.58040201005	33.58040201005	33.58040201005	33.58040201005	33.58040201005	33.58040201005	33.58040201005	33.58040201005	33.58040201005	33.58040201005	33.58040201005	33.58040201005	33.58040201005	33.58040201005	33.58040201005	33.58040201005	33.58040201005	33.58040201005	33.58040201005	33.58040201005	33.58040201005	33.58040201005	33.58040201005	33.58040201005	33.58040201005	33.58040201005	33.58040201005	33.58040201005	33.58040201005	33.58040201005	33.58040201005	33.58040201005	33.58040201005	33.58040201005	33.58040201005	33.58040201005	33.58040201005	33.58040201005	33.58040201005	33.58040201005	33.58040201005	33.58040201005	33.58040201005	33.58040201005	33.58040201005	33.58040201005	33.58040201005	33.58040201005	33.58040201005	33.58040201005	33.58040201005	33.58040201005	33.58040201005	33.58040201005	33.58040201005	33.58040201005	33.58040201005	33.58040201005	33.58040201005	33.58040201005	33.58040201005	33.58040201005	33.58040201005	33.58040201005	33.58040201005	33.58040201005	33.58040201005	33.58040201005	33.58040201005	33.58040201005	33.58040201005	33.58040201005	33.58040201005	33.58040201005	33.58040201005	33.58040201005	33.58040201005	33.58040201005	33.58040201005	33.58040201005	33.58040201005	33.58040201005	33.58040201005	33.58040201005	33.58040201005	33.58040201005	33.58040201005	33.58040201005	33.58040201005	33.58040201005	33.58040201005	33.58040201005	33.58040201005	33.58040201005	33.58040201005	33.58040201005	33.58040201005	33.58040201005	33.58040201005	33.58040201005	33.58040201005	33.58040201005	33.58040201005	33.58040201005	33.58040201005	33.58040201005	33.58040201005	33.58040201005	33.58040201005	33.58040201005	33.58040201005	33.58040201005	33.58040201005	33.58040201005	33.58040201005	33.58040201005	33.58040201005	33.58040201005	33.58040201005	33.58040201005	33.58040201005	33.58040201005	33.58040201005	33.58040201005	33.58040201005	33.58040201005	33.58040201005	33.58040201005	33.58040201005	33.58040201005	33.58040201005	33.58040201005
34.077889447236	34.077889447236	34.077889447236	34.077889447236	34.077889447236	34.077889447236	34.077889447236	34.077889447236	34.077889447236	34.077889447236	34.077889447236	34.077889447236	34.077889447236	34.077889447236	34.077889447236	34.077889447236	34.077889447236	34.077889447236	34.077889447236	34.077889447236	34.077889447236	34.077889447236	34.077889447236	34.077889447236	34.077889447236	34.077889447236	34.077889447236	34.077889447236	34.077889447236	34.077889447236	34.077889447236	34.077889447236	34.077889447236	34.077889447236	34.077889447236	34.077889447236	34.077889447236	34.077889447236	34.077889447236	34.077889447236	34.077889447236	34.077889447236	34.077889447236	34.077889447236	34.077889447236	34.077889447236	34.077889447236	34.077889447236	34.077889447236	34.077889447236	34.077889447236	34.077889447236	34.077889447236	34.077889447236	34.077889447236	34.077889447236	34.077889447236	34.077889447236	34.077889447236	34.077889447236	34.077889447236	34.077889447236	34.077889447236	34.077889447236	34.077889447236	34.077889447236	34.077889447236	34.077889447236	34.077889447236	34.077889447236	34.077889447236	34.077889447236	34.077889447236	34.077889447236	34.077889447236	34.077889447236	34.077889447236	34.077889447236	34.077889447236	34.077889447236	34.077889447236	34.077889447236	34.077889447236	34.077889447236	34.077889447236	34.077889447236	34.077889447236	34.077889447236	34.077889447236	34.077889447236	34.077889447236	34.077889447236	34.077889447236	34.077889447236	34.077889447236	34.077889447236	34.077889447236	34.077889447236	34.077889447236	34.077889447236	34.077889447236	34.077889447236	34.077889447236	34.077889447236	34.077889447236	34.077889447236	34.077889447236	34.077889447236	34.077889447236	34.077889447236	34.077889447236	34.077889447236	34.077889447236	34.077889447236	34.077889447236	34.077889447236	34.077889447236	34.077889447236	34.077889447236	34.077889447236	34.077889447236	34.077889447236	34.077889447236	34.077889447236	34.077889447236	34.077889447236	34.077889447236	34.077889447236	34.077889447236	34.077889447236	34.077889447236	34.077889447236	34.077889447236	34.077889447236	34.077889447236	34.077889447236	34.077889447236	34.077889447236	34.077889447236	34.077889447236	34.077889447236	34.077889447236	34.077889447236	34.077889447236	34.077889447236	34.077889447236	34.077889447236	34.077889447236	34.077889447236	34.077889447236	34.077889447236	34.077889447236	34.077889447236	34.077889447236	34.077889447236	34.077889447236	34.077889447236	34.077889447236	34.077889447236	34.077889447236	34.077889447236	34.077889447236	34.077889447236	34.077889447236	34.077889447236	34.077889447236	34.077889447236	34.077889447236	34.077889447236	34.077889447236	34.077889447236	34.077889447236	34.077889447236	34.077889447236	34.077889447236	34.077889447236	34.077889447236	34.077889447236	34.077889447236	34.077889447236	34.077889447236	34.077889447236	34.077889447236	34.077889447236	34.077889447236	34.077889447236	34.077889447236	34.077889447236	34.077889447236	34.077889447236	34.077889447236	34.077889447236	34.077889447236	34.077889447236	34.077889447236	34.077889447236	34.077889447236	34.077889447236	34.077889447236	34.077889447236
34.575376884422	34.575376884422	34.575376884422	34.575376884422	34.575376884422	34.575376884422	34.575376884422	34.575376884422	34.575376884422	34.575376884422	34.575376884422	34.575376884422	34.575376884422	34.575376884422	34.575376884422	34.575376884422	34.575376884422	34.575376884422	34.575376884422	34.575376884422	34.575376884422	34.575376884422	34.575376884422	34.575376884422	34.575376884422	34.575376884422	34.575376884422	34.575376884422	34.575376884422	34.575376884422	34.575376884422	34.575376884422	34.575376884422	34.575376884422	34.575376884422	34.575376884422	34.575376884422	34.575376884422	34.575376884422	34.575376884422	34.575376884422	34.575376884422	34.575376884422	34.575376884422	34.575376884422	34.575376884422	34.575376884422	34.575376884422	34.575376884422	34.575376884422	34.575376884422	34.575376884422	34.575376884422	34.575376884422	34.575376884422	34.575376884422	34.575376884422	34.575376884422	34.575376884422	34.575376884422	34.575376884422	34.575376884422	34.575376884422	34.575376884422	34.575376884422	34.575376884422	34.575376884422	34.575376884422	34.575376884422	34.575376884422	34.575376884422	34.575376884422	34.575376884422	34.575376884422	34.575376884422	34.575376884422	34.575376884422	34.575376884422	34.575376884422	34.575376884422	34.575376884422	34.575376884422	34.575376884422	34.575376884422	34.575376884422	34.575376884422	34.575376884422	34.575376884422	34.575376884422	34.575376884422	34.575376884422	34.575376884422	34.575376884422	34.575376884422	34.575376884422	34.575376884422	34.575376884422	34.575376884422	34.575376884422	34.575376884422	34.575376884422	34.575376884422	34.575376884422	34.575376884422	34.575376884422	34.575376884422	34.575376884422	34.575376884422	34.575376884422	34.575376884422	34.575376884422	34.575376884422	34.575376884422	34.575376884422	34.575376884422	34.575376884422	34.575376884422	34.575376884422	34.575376884422	34.575376884422	34.575376884422	34.575376884422	34.575376884422	34.575376884422	34.575376884422	34.575376884422	34.575376884422	34.575376884422	34.575376884422	34.575376884422	34.575376884422	34.575376884422	34.575376884422	34.575376884422	34.575376884422	34.575376884422	34.575376884422	34.575376884422	34.575376884422	34.575376884422	34.575376884422	34.575376884422	34.575376884422	34.575376884422	34.575376884422	34.575376884422	34.575376884422	34.575376884422	34.575376884422	34.575376884422	34.575376884422	34.575376884422	34.575376884422	34.575376884422	34.575376884422	34.575376884422	34.575376884422	34.575376884422	34.575376884422	34.575376884422	34.575376884422	34.575376884422	34.575376884422	34.575376884422	34.575376884422	34.575376884422	34.575376884422	34.575376884422	34.575376884422	34.575376884422	34.575376884422	34.575376884422	34.575376884422	34.575376884422	34.575376884422	34.575376884422	34.575376884422	34.575376884422	34.575376884422	34.575376884422	34.575376884422	34.575376884422	34.575376884422	34.575376884422	34.575376884422	34.575376884422	34.575376884422	34.575376884422	34.575376884422	34.575376884422	34.575376884422	34.575376884422	34.575376884422	34.575376884422	34.575376884422	34.575376884422	34.575376884422	34.575376884422	34.575376884422	34.575376884422
35.072864321608	35.072864321608	35.072864321608	35.072864321608	35.072864321608	35.072864321608	35.072864321608	35.072864321608	35.072864321608	35.072864321608	35.072864321608	35.072864321608	35.072864321608	35.072864321608	35.072864321608	35.072864321608	35.072864321608	35.072864321608	35.072864321608	35.072864321608	35.072864321608	35.072864321608	35.072864321608	35.072864321608	35.072864321608	35.072864321608	35.072864321608	35.072864321608	35.072864321608	35.072864321608	35.072864321608	35.072864321608	35.072864321608	35.072864321608	35.072864321608	35.072864321608	35.072864321608	35.072864321608	35.072864321608	35.072864321608	35.072864321608	35.072864321608	35.072864321608	35.072864321608	35.072864321608	35.072864321608	35.072864321608	35.072864321608	35.072864321608	35.072864321608	35.072864321608	35.072864321608	35.072864321608	35.072864321608	35.072864321608	35.072864321608	35.072864321608	35.072864321608	35.072864321608	35.072864321608	35.072864321608	35.072864321608	35.072864321608	35.072864321608	35.072864321608	35.072864321608	35.072864321608	35.072864321608	35.072864321608	35.072864321608	35.072864321608	35.072864321608	35.072864321608	35.072864321608	35.072864321608	35.072864321608	35.072864321608	35.072864321608	35.072864321608	35.072864321608	35.072864321608	35.072864321608	35.072864321608	35.072864321608	35.072864321608	35.072864321608	35.072864321608	35.072864321608	35.072864321608	35.072864321608	35.072864321608	35.072864321608	35.072864321608	35.072864321608	35.072864321608	35.072864321608	35.072864321608	35.072864321608	35.072864321608	35.072864321608	35.072864321608	35.072864321608	35.072864321608	35.072864321608	35.072864321608	35.072864321608	35.072864321608	35.072864321608	35.072864321608	35.072864321608	35.072864321608	35.072864321608	35.072864321608	35.072864321608	35.072864321608	35.072864321608	35.072864321608	35.072864321608	35.072864321608	35.072864321608	35.072864321608	35.072864321608	35.072864321608	35.072864321608	35.072864321608	35.072864321608	35.072864321608	35.072864321608	35.072864321608	35.072864321608	35.072864321608	35.072864321608	35.072864321608	35.072864321608	35.072864321608	35.072864321608	35.072864321608	35.072864321608	35.072864321608	35.072864321608	35.072864321608	35.072864321608	35.072864321608	35.072864321608	35.072864321608	35.072864321608	35.072864321608	35.072864321608	35.072864321608	35.072864321608	35.072864321608	35.072864321608	35.072864321608	35.072864321608	35.072864321608	35.072864321608	35.072864321608	35.072864321608	35.072864321608	35.072864321608	35.072864321608	35.072864321608	35.072864321608	35.072864321608	35.072864321608	35.072864321608	35.072864321608	35.072864321608	35.072864321608	35.072864321608	35.072864321608	35.072864321608	35.072864321608	35.072864321608	35.072864321608	35.072864321608	35.072864321608	35.072864321608	35.072864321608	35.072864321608	35.072864321608	35.072864321608	35.072864321608	35.072864321608	35.072864321608	35.072864321608	35.072864321608	35.072864321608	35.072864321608	35.072864321608	35.072864321608	35.072864321608	35.072864321608	35.072864321608	35.072864321608	35.072864321608	35.072864321608	35.072864321608	35.072864321608	35.072864321608
35.570351758794	35.570351758794	35.570351758794	35.570351758794	35.570351758794	35.570351758794	35.570351758794	35.570351758794	35.570351758794	35.570351758794	35.570351758794	35.570351758794	35.570351758794	35.570351758794	35.570351758794	35.570351758794	35.570351758794	35.570351758794	35.570351758794	35.570351758794	35.570351758794	35.570351758794	35.570351758794	35.570351758794	35.570351758794	35.570351758794	35.570351758794	35.570351758794	35.570351758794	35.570351758794	35.570351758794	35.570351758794	35.570351758794	35.570351758794	35.570351758794	35.570351758794	35.570351758794	35.570351758794	35.570351758794	35.570351758794	35.570351758794	35.570351758794	35.570351758794	35.570351758794	35.570351758794	35.570351758794	35.570351758794	35.570351758794	35.570351758794	35.570351758794	35.570351758794	35.570351758794	35.570351758794	35.570351758794	35.570351758794	35.570351758794	35.570351758794	35.570351758794	35.570351758794	35.570351758794	35.570351758794	35.570351758794	35.570351758794	35.570351758794	35.570351758794	35.570351758794	35.570351758794	35.570351758794	35.570351758794	35.570351758794	35.570351758794	35.570351758794	35.570351758794	35.570351758794	35.570351758794	35.570351758794	35.570351758794	35.570351758794	35.570351758794	35.570351758794	35.570351758794	35.570351758794	35.570351758794	35.570351758794	35.570351758794	35.570351758794	35.570351758794	35.570351758794	35.570351758794	35.570351758794	35.570351758794	35.570351758794	35.570351758794	35.570351758794	35.570351758794	35.570351758794	35.570351758794	35.570351758794	35.570351758794	35.570351758794	35.570351758794	35.570351758794	35.570351758794	35.570351758794	35.570351758794	35.570351758794	35.570351758794	35.570351758794	35.570351758794	35.570351758794	35.570351758794	35.570351758794	35.570351758794	35.570351758794	35.570351758794	35.570351758794	35.570351758794	35.570351758794	35.570351758794	35.570351758794	35.570351758794	35.570351758794	35.570351758794	35.570351758794	35.570351758794	35.570351758794	35.570351758794	35.570351758794	35.570351758794	35.570351758794	35.570351758794	35.570351758794	35.570351758794	35.570351758794	35.570351758794	35.570351758794	35.570351758794	35.570351758794	35.570351758794	35.570351758794	35.570351758794	35.570351758794	35.570351758794	35.570351758794	35.570351758794	35.570351758794	35.570351758794	35.570351758794	35.570351758794	35.570351758794	35.570351758794	35.570351758794	35.570351758794	35.570351758794	35.570351758794	35.570351758794	35.570351758794	35.570351758794	35.570351758794	35.570351758794	35.570351758794	35.570351758794	35.570351758794	35.570351758794	35.570351758794	35.570351758794	35.570351758794	35.570351758794	35.570351758794	35.570351758794	35.570351758794	35.570351758794	35.570351758794	35.570351758794	35.570351758794	35.570351758794	35.570351758794	35.570351758794	35.570351758794	35.570351758794	35.570351758794	35.570351758794	35.570351758794	35.570351758794	35.570351758794	35.570351758794	35.570351758794	35.570351758794	35.570351758794	35.570351758794	35.570351758794	35.570351758794	35.570351758794	35.570351758794	35.570351758794	35.570351758794	35.570351758794	35.570351758794	35.570351758794	35.570351758794
36.06783919598	36.06783919598	36.06783919598	36.06783919598	36.06783919598	36.06783919598	36.06783919598	36.06783919598	36.06783919598	36.06783919598	36.06783919598	36.06783919598	36.06783919598	36.06783919598	36.06783919598	36.06783919598	36.06783919598	36.06783919598	36.06783919598	36.06783919598	36.06783919598	36.06783919598	36.06783919598	36.06783919598	36.06783919598	36.06783919598	36.06783919598	36.06783919598	36.06783919598	36.06783919598	36.06783919598	36.06783919598	36.06783919598	36.06783919598	36.06783919598	36.06783919598	36.06783919598	36.06783919598	36.06783919598	36.06783919598	36.06783919598	36.06783919598	36.06783919598	36.06783919598	36.06783919598	36.06783919598	36.06783919598	36.06783919598	36.06783919598	36.06783919598	36.06783919598	36.06783919598	36.06783919598	36.06783919598	36.06783919598	36.06783919598	36.06783919598	36.06783919598	36.06783919598	36.06783919598	36.06783919598	36.06783919598	36.06783919598	36.06783919598	36.06783919598	36.06783919598	36.06783919598	36.06783919598	36.06783919598	36.06783919598	36.06783919598	36.06783919598	36.06783919598	36.06783919598	36.06783919598	36.06783919598	36.06783919598	36.06783919598	36.06783919598	36.06783919598	36.06783919598	36.06783919598	36.06783919598	36.06783919598	36.06783919598	36.06783919598	36.06783919598	36.06783919598	36.06783919598	36.06783919598	36.06783919598	36.06783919598	36.06783919598	36.06783919598	36.06783919598	36.06783919598	36.06783919598	36.06783919598	36.06783919598	36.06783919598	36.06783919598	36.06783919598	36.06783919598	36.06783919598	36.06783919598	36.06783919598	36.06783919598	36.06783919598	36.06783919598	36.06783919598	36.06783919598	36.06783919598	36.06783919598	36.06783919598	36.06783919598	36.06783919598	36.06783919598	36.06783919598	36.06783919598	36.06783919598	36.06783919598	36.06783919598	36.06783919598	36.06783919598	36.06783919598	36.06783919598	36.06783919598	36.06783919598	36.06783919598	36.06783919598	36.06783919598	36.06783919598	36.06783919598	36.06783919598	36.06783919598	36.06783919598	36.06783919598	36.06783919598	36.06783919598	36.06783919598	36.06783919598	36.06783919598	36.06783919598	36.06783919598	36.06783919598	36.06783919598	36.06783919598	36.06783919598	36.06783919598	36.06783919598	36.06783919598	36.06783919598	36.06783919598	36.06783919598	36.06783919598	36.06783919598	36.06783919598	36.06783919598	36.06783919598	36.06783919598	36.06783919598	36.06783919598	36.06783919598	36.06783919598	36.06783919598	36.06783919598	36.06783919598	36.06783919598	36.06783919598	36.06783919598	36.06783919598	36.06783919598	36.06783919598	36.06783919598	36.06783919598	36.06783919598	36.06783919598	36.06783919598	36.06783919598	36.06783919598	36.06783919598	36.06783919598	36.06783919598	36.06783919598	36.06783919598	36.06783919598	36.06783919598	36.06783919598	36.06783919598	36.06783919598	36.06783919598	36.06783919598	36.06783919598	36.06783919598	36.06783919598	36.06783919598	36.06783919598	36.06783919598	36.06783919598	36.06783919598
36.565326633166	36.565326633166	36.565326633166	36.565326633166	36.565326633166	36.565326633166	36.565326633166	36.565326633166	36.565326633166	36.565326633166	36.565326633166	36.565326633166	36.565326633166	36.565326633166	36.565326633166	36.565326633166	36.565326633166	36.565326633166	36.565326633166	36.565326633166	36.565326633166	36.565326633166	36.565326633166	36.565326633166	36.565326633166	36.565326633166	36.565326633166	36.565326633166	36.565326633166	36.565326633166	36.565326633166	36.565326633166	36.565326633166	36.565326633166	36.565326633166	36.565326633166	36.565326633166	36.565326633166	36.565326633166	36.565326633166	36.565326633166	36.565326633166	36.565326633166	36.565326633166	36.565326633166	36.565326633166	36.565326633166	36.565326633166	36.565326633166	36.565326633166	36.565326633166	36.565326633166	36.565326633166	36.565326633166	36.565326633166	36.565326633166	36.565326633166	36.565326633166	36.565326633166	36.565326633166	36.565326633166	36.565326633166	36.565326633166	36.565326633166	36.565326633166	36.565326633166	36.565326633166	36.565326633166	36.565326633166	36.565326633166	36.565326633166	36.565326633166	36.565326633166	36.565326633166	36.565326633166	36.565326633166	36.565326633166	36.565326633166	36.565326633166	36.565326633166	36.565326633166	36.565326633166	36.565326633166	36.565326633166	36.565326633166	36.565326633166	36.565326633166	36.565326633166	36.565326633166	36.565326633166	36.565326633166	36.565326633166	36.565326633166	36.565326633166	36.565326633166	36.565326633166	36.565326633166	36.565326633166	36.565326633166	36.565326633166	36.565326633166	36.565326633166	36.565326633166	36.565326633166	36.565326633166	36.565326633166	36.565326633166	36.565326633166	36.565326633166	36.565326633166	36.565326633166	36.565326633166	36.565326633166	36.565326633166	36.565326633166	36.565326633166	36.565326633166	36.565326633166	36.565326633166	36.565326633166	36.565326633166	36.565326633166	36.565326633166	36.565326633166	36.565326633166	36.565326633166	36.565326633166	36.565326633166	36.565326633166	36.565326633166	36.565326633166	36.565326633166	36.565326633166	36.565326633166	36.565326633166	36.565326633166	36.565326633166	36.565326633166	36.565326633166	36.565326633166	36.565326633166	36.565326633166	36.565326633166	36.565326633166	36.565326633166	36.565326633166	36.565326633166	36.565326633166	36.565326633166	36.565326633166	36.565326633166	36.565326633166	36.565326633166	36.565326633166	36.565326633166	36.565326633166	36.565326633166	36.565326633166	36.565326633166	36.565326633166	36.565326633166	36.565326633166	36.565326633166	36.565326633166	36.565326633166	36.565326633166	36.565326633166	36.565326633166	36.565326633166	36.565326633166	36.565326633166	36.565326633166	36.565326633166	36.565326633166	36.565326633166	36.565326633166	36.565326633166	36.565326633166	36.565326633166	36.565326633166	36.565326633166	36.565326633166	36.565326633166	36.565326633166	36.565326633166	36.565326633166	36.565326633166	36.565326633166	36.565326633166	36.565326633166	36.565326633166	36.565326633166	36.565326633166	36.565326633166	36.565326633166	36.565326633166	36.565326633166	36.565326633166	36.565326633166	36.565326633166
37.062814070352	37.062814070352	37.062814070352	37.062814070352	37.062814070352	37.062814070352	37.062814070352	37.062814070352	37.062814070352	37.062814070352	37.062814070352	37.062814070352	37.062814070352	37.062814070352	37.062814070352	37.062814070352	37.062814070352	37.062814070352	37.062814070352	37.062814070352	37.062814070352	37.062814070352	37.062814070352	37.062814070352	37.062814070352	37.062814070352	37.062814070352	37.062814070352	37.062814070352	37.062814070352	37.062814070352	37.062814070352	37.062814070352	37.062814070352	37.062814070352	37.062814070352	37.062814070352	37.062814070352	37.062814070352	37.062814070352	37.062814070352	37.062814070352	37.062814070352	37.062814070352	37.062814070352	37.062814070352	37.062814070352	37.062814070352	37.062814070352	37.062814070352	37.062814070352	37.062814070352	37.062814070352	37.062814070352	37.062814070352	37.062814070352	37.062814070352	37.062814070352	37.062814070352	37.062814070352	37.062814070352	37.062814070352	37.062814070352	37.062814070352	37.062814070352	37.062814070352	37.062814070352	37.062814070352	37.062814070352	37.062814070352	37.062814070352	37.062814070352	37.062814070352	37.062814070352	37.062814070352	37.062814070352	37.062814070352	37.062814070352	37.062814070352	37.062814070352	37.062814070352	37.062814070352	37.062814070352	37.062814070352	37.062814070352	37.062814070352	37.062814070352	37.062814070352	37.062814070352	37.062814070352	37.062814070352	37.062814070352	37.062814070352	37.062814070352	37.062814070352	37.062814070352	37.062814070352	37.062814070352	37.062814070352	37.062814070352	37.062814070352	37.062814070352	37.062814070352	37.062814070352	37.062814070352	37.062814070352	37.062814070352	37.062814070352	37.062814070352	37.062814070352	37.062814070352	37.062814070352	37.062814070352	37.062814070352	37.062814070352	37.062814070352	37.062814070352	37.062814070352	37.062814070352	37.062814070352	37.062814070352	37.062814070352	37.062814070352	37.062814070352	37.062814070352	37.062814070352	37.062814070352	37.062814070352	37.062814070352	37.062814070352	37.062814070352	37.062814070352	37.062814070352	37.062814070352	37.062814070352	37.062814070352	37.062814070352	37.062814070352	37.062814070352	37.062814070352	37.062814070352	37.062814070352	37.062814070352	37.062814070352	37.062814070352	37.062814070352	37.062814070352	37.062814070352	37.062814070352	37.062814070352	37.062814070352	37.062814070352	37.062814070352	37.062814070352	37.062814070352	37.062814070352	37.062814070352	37.062814070352	37.062814070352	37.062814070352	37.062814070352	37.062814070352	37.062814070352	37.062814070352	37.062814070352	37.062814070352	37.062814070352	37.062814070352	37.062814070352	37.062814070352	37.062814070352	37.062814070352	37.062814070352	37.062814070352	37.062814070352	37.062814070352	37.062814070352	37.062814070352	37.062814070352	37.062814070352	37.062814070352	37.062814070352	37.062814070352	37.062814070352	37.062814070352	37.062814070352	37.062814070352	37.062814070352	37.062814070352	37.062814070352	37.062814070352	37.062814070352	37.062814070352	37.062814070352	37.062814070352	37.062814070352	37.062814070352	37.062814070352	37.062814070352	37.062814070352
37.560301507538	37.560301507538	37.560301507538	37.560301507538	37.560301507538	37.560301507538	37.560301507538	37.560301507538	37.560301507538	37.560301507538	37.560301507538	37.560301507538	37.560301507538	37.560301507538	37.560301507538	37.560301507538	37.560301507538	37.560301507538	37.560301507538	37.560301507538	37.560301507538	37.560301507538	37.560301507538	37.560301507538	37.560301507538	37.560301507538	37.560301507538	37.560301507538	37.560301507538	37.560301507538	37.560301507538	37.560301507538	37.560301507538	37.560301507538	37.560301507538	37.560301507538	37.560301507538	37.560301507538	37.560301507538	37.560301507538	37.560301507538	37.560301507538	37.560301507538	37.560301507538	37.560301507538	37.560301507538	37.560301507538	37.560301507538	37.560301507538	37.560301507538	37.560301507538	37.560301507538	37.560301507538	37.560301507538	37.560301507538	37.560301507538	37.560301507538	37.560301507538	37.560301507538	37.560301507538	37.560301507538	37.560301507538	37.560301507538	37.560301507538	37.560301507538	37.560301507538	37.560301507538	37.560301507538	37.560301507538	37.560301507538	37.560301507538	37.560301507538	37.560301507538	37.560301507538	37.560301507538	37.560301507538	37.560301507538	37.560301507538	37.560301507538	37.560301507538	37.560301507538	37.560301507538	37.560301507538	37.560301507538	37.560301507538	37.560301507538	37.560301507538	37.560301507538	37.560301507538	37.560301507538	37.560301507538	37.560301507538	37.560301507538	37.560301507538	37.560301507538	37.560301507538	37.560301507538	37.560301507538	37.560301507538	37.560301507538	37.560301507538	37.560301507538	37.560301507538	37.560301507538	37.560301507538	37.560301507538	37.560301507538	37.560301507538	37.560301507538	37.560301507538	37.560301507538	37.560301507538	37.560301507538	37.560301507538	37.560301507538	37.560301507538	37.560301507538	37.560301507538	37.560301507538	37.560301507538	37.560301507538	37.560301507538	37.560301507538	37.560301507538	37.560301507538	37.560301507538	37.560301507538	37.560301507538	37.560301507538	37.560301507538	37.560301507538	37.560301507538	37.560301507538	37.560301507538	37.560301507538	37.560301507538	37.560301507538	37.560301507538	37.560301507538	37.560301507538	37.560301507538	37.560301507538	37.560301507538	37.560301507538	37.560301507538	37.560301507538	37.560301507538	37.560301507538	37.560301507538	37.560301507538	37.560301507538	37.560301507538	37.560301507538	37.560301507538	37.560301507538	37.560301507538	37.560301507538	37.560301507538	37.560301507538	37.560301507538	37.560301507538	37.560301507538	37.560301507538	37.560301507538	37.560301507538	37.560301507538	37.560301507538	37.560301507538	37.560301507538	37.560301507538	37.560301507538	37.560301507538	37.560301507538	37.560301507538	37.560301507538	37.560301507538	37.560301507538	37.560301507538	37.560301507538	37.560301507538	37.560301507538	37.560301507538	37.560301507538	37.560301507538	37.560301507538	37.560301507538	37.560301507538	37.560301507538	37.560301507538	37.560301507538	37.560301507538	37.560301507538	37.560301507538	37.560301507538	37.560301507538	37.560301507538	37.560301507538	37.560301507538	37.560301507538	37.560301507538
38.057788944724	38.057788944724	38.057788944724	38.057788944724	38.057788944724	38.057788944724	38.057788944724	38.057788944724	38.057788944724	38.057788944724	38.057788944724	38.057788944724	38.057788944724	38.057788944724	38.057788944724	38.057788944724	38.057788944724	38.057788944724	38.057788944724	38.057788944724	38.057788944724	38.057788944724	38.057788944724	38.057788944724	38.057788944724	38.057788944724	38.057788944724	38.057788944724	38.057788944724	38.057788944724	38.057788944724	38.057788944724	38.057788944724	38.057788944724	38.057788944724	38.057788944724	38.057788944724	38.057788944724	38.057788944724	38.057788944724	38.057788944724	38.057788944724	38.057788944724	38.057788944724	38.057788944724	38.057788944724	38.057788944724	38.057788944724	38.057788944724	38.057788944724	38.057788944724	38.057788944724	38.057788944724	38.057788944724	38.057788944724	38.057788944724	38.057788944724	38.057788944724	38.057788944724	38.057788944724	38.057788944724	38.057788944724	38.057788944724	38.057788944724	38.057788944724	38.057788944724	38.057788944724	38.057788944724	38.057788944724	38.057788944724	38.057788944724	38.057788944724	38.057788944724	38.057788944724	38.057788944724	38.057788944724	38.057788944724	38.057788944724	38.057788944724	38.057788944724	38.057788944724	38.057788944724	38.057788944724	38.057788944724	38.057788944724	38.057788944724	38.057788944724	38.057788944724	38.057788944724	38.057788944724	38.057788944724	38.057788944724	38.057788944724	38.057788944724	38.057788944724	38.057788944724	38.057788944724	38.057788944724	38.057788944724	38.057788944724	38.057788944724	38.057788944724	38.057788944724	38.057788944724	38.057788944724	38.057788944724	38.057788944724	38.057788944724	38.057788944724	38.057788944724	38.057788944724	38.057788944724	38.057788944724	38.057788944724	38.057788944724	38.057788944724	38.057788944724	38.057788944724	38.057788944724	38.057788944724	38.057788944724	38.057788944724	38.057788944724	38.057788944724	38.057788944724	38.057788944724	38.057788944724	38.057788944724	38.057788944724	38.057788944724	38.057788944724	38.057788944724	38.057788944724	38.057788944724	38.057788944724	38.057788944724	38.057788944724	38.057788944724	38.057788944724	38.057788944724	38.057788944724	38.057788944724	38.057788944724	38.057788944724	38.057788944724	38.057788944724	38.057788944724	38.057788944724	38.057788944724	38.057788944724	38.057788944724	38.057788944724	38.057788944724	38.057788944724	38.057788944724	38.057788944724	38.057788944724	38.057788944724	38.057788944724	38.057788944724	38.057788944724	38.057788944724	38.057788944724	38.057788944724	38.057788944724	38.057788944724	38.057788944724	38.057788944724	38.057788944724	38.057788944724	38.057788944724	38.057788944724	38.057788944724	38.057788944724	38.057788944724	38.057788944724	38.057788944724	38.057788944724	38.057788944724	38.057788944724	38.057788944724	38.057788944724	38.057788944724	38.057788944724	38.057788944724	38.057788944724	38.057788944724	38.057788944724	38.057788944724	38.057788944724	38.057788944724	38.057788944724	38.057788944724	38.057788944724	38.057788944724	38.057788944724	38.057788944724	38.057788944724	38.057788944724	38.057788944724
38.55527638191	38.55527638191	38.55527638191	38.55527638191	38.55527638191	38.55527638191	38.55527638191	38.55527638191	38.55527638191	38.55527638191	38.55527638191	38.55527638191	38.55527638191	38.55527638191	38.55527638191	38.55527638191	38.55527638191	38.55527638191	38.55527638191	38.55527638191	38.55527638191	38.55527638191	38.55527638191	38.55527638191	38.55527638191	38.55527638191	38.55527638191	38.55527638191	38.55527638191	38.55527638191	38.55527638191	38.55527638191	38.55527638191	38.55527638191	38.55527638191	38.55527638191	38.55527638191	38.55527638191	38.55527638191	38.55527638191	38.55527638191	38.55527638191	38.55527638191	38.55527638191	38.55527638191	38.55527638191	38.55527638191	38.55527638191	38.55527638191	38.55527638191	38.55527638191	38.55527638191	38.55527638191	38.55527638191	38.55527638191	38.55527638191	38.55527638191	38.55527638191	38.55527638191	38.55527638191	38.55527638191	38.55527638191	38.55527638191	38.55527638191	38.55527638191	38.55527638191	38.55527638191	38.55527638191	38.55527638191	38.55527638191	38.55527638191	38.55527638191	38.55527638191	38.55527638191	38.55527638191	38.55527638191	38.55527638191	38.55527638191	38.55527638191	38.55527638191	38.55527638191	38.55527638191	38.55527638191	38.55527638191	38.55527638191	38.55527638191	38.55527638191	38.55527638191	38.55527638191	38.55527638191	38.55527638191	38.55527638191	38.55527638191	38.55527638191	38.55527638191	38.55527638191	38.55527638191	38.55527638191	38.55527638191	38.55527638191	38.55527638191	38.55527638191	38.55527638191	38.55527638191	38.55527638191	38.55527638191	38.55527638191	38.55527638191	38.55527638191	38.55527638191	38.55527638191	38.55527638191	38.55527638191	38.55527638191	38.55527638191	38.55527638191	38.55527638191	38.55527638191	38.55527638191	38.55527638191	38.55527638191	38.55527638191	38.55527638191	38.55527638191	38.55527638191	38.55527638191	38.55527638191	38.55527638191	38.55527638191	38.55527638191	38.55527638191	38.55527638191	38.55527638191	38.55527638191	38.55527638191	38.55527638191	38.55527638191	38.55527638191	38.55527638191	38.55527638191	38.55527638191	38.55527638191	38.55527638191	38.55527638191	38.55527638191	38.55527638191	38.55527638191	38.55527638191	38.55527638191	38.55527638191	38.55527638191	38.55527638191	38.55527638191	38.55527638191	38.55527638191	38.55527638191	38.55527638191	38.55527638191	38.55527638191	38.55527638191	38.55527638191	38.55527638191	38.55527638191	38.55527638191	38.55527638191	38.55527638191	38.55527638191	38.55527638191	38.55527638191	38.55527638191	38.55527638191	38.55527638191	38.55527638191	38.55527638191	38.55527638191	38.55527638191	38.55527638191	38.55527638191	38.55527638191	38.55527638191	38.55527638191	38.55527638191	38.55527638191	38.55527638191	38.55527638191	38.55527638191	38.55527638191	38.55527638191	38.55527638191	38.55527638191	38.55527638191	38.55527638191	38.55527638191	38.55527638191	38.55527638191	38.55527638191	38.55527638191	38.55527638191	38.55527638191	38.55527638191
39.052763819095	39.052763819095	39.052763819095	39.052763819095	39.052763819095	39.052763819095	39.052763819095	39.052763819095	39.052763819095	39.052763819095	39.052763819095	39.052763819095	39.052763819095	39.052763819095	39.052763819095	39.052763819095	39.052763819095	39.052763819095	39.052763819095	39.052763819095	39.052763819095	39.052763819095	39.052763819095	39.052763819095	39.052763819095	39.052763819095	39.052763819095	39.052763819095	39.052763819095	39.052763819095	39.052763819095	39.052763819095	39.052763819095	39.052763819095	39.052763819095	39.052763819095	39.052763819095	39.052763819095	39.052763819095	39.052763819095	39.052763819095	39.052763819095	39.052763819095	39.052763819095	39.052763819095	39.052763819095	39.052763819095	39.052763819095	39.052763819095	39.052763819095	39.052763819095	39.052763819095	39.052763819095	39.052763819095	39.052763819095	39.052763819095	39.052763819095	39.052763819095	39.052763819095	39.052763819095	39.052763819095	39.052763819095	39.052763819095	39.052763819095	39.052763819095	39.052763819095	39.052763819095	39.052763819095	39.052763819095	39.052763819095	39.052763819095	39.052763819095	39.052763819095	39.052763819095	39.052763819095	39.052763819095	39.052763819095	39.052763819095	39.052763819095	39.052763819095	39.052763819095	39.052763819095	39.052763819095	39.052763819095	39.052763819095	39.052763819095	39.052763819095	39.052763819095	39.052763819095	39.052763819095	39.052763819095	39.052763819095	39.052763819095	39.052763819095	39.052763819095	39.052763819095	39.052763819095	39.052763819095	39.052763819095	39.052763819095	39.052763819095	39.052763819095	39.052763819095	39.052763819095	39.052763819095	39.052763819095	39.052763819095	39.052763819095	39.052763819095	39.052763819095	39.052763819095	39.052763819095	39.052763819095	39.052763819095	39.052763819095	39.052763819095	39.052763819095	39.052763819095	39.052763819095	39.052763819095	39.052763819095	39.052763819095	39.052763819095	39.052763819095	39.052763819095	39.052763819095	39.052763819095	39.052763819095	39.052763819095	39.052763819095	39.052763819095	39.052763819095	39.052763819095	39.052763819095	39.052763819095	39.052763819095	39.052763819095	39.052763819095	39.052763819095	39.052763819095	39.052763819095	39.052763819095	39.052763819095	39.052763819095	39.052763819095	39.052763819095	39.052763819095	39.052763819095	39.052763819095	39.052763819095	39.052763819095	39.052763819095	39.052763819095	39.052763819095	39.052763819095	39.052763819095	39.052763819095	39.052763819095	39.052763819095	39.052763819095	39.052763819095	39.052763819095	39.052763819095	39.052763819095	39.052763819095	39.052763819095	39.052763819095	39.052763819095	39.052763819095	39.052763819095	39.052763819095	39.052763819095	39.052763819095	39.052763819095	39.052763819095	39.052763819095	39.052763819095	39.052763819095	39.052763819095	39.052763819095	39.052763819095	39.052763819095	39.052763819095	39.052763819095	39.052763819095	39.052763819095	39.052763819095	39.052763819095	39.052763819095	39.052763819095	39.052763819095	39.052763819095	39.052763819095	39.052763819095	39.052763819095	39.052763819095	39.052763819095	39.052763819095	39.052763819095	39.052763819095
39.550251256281	39.550251256281	39.550251256281	39.550251256281	39.550251256281	39.550251256281	39.550251256281	39.550251256281	39.550251256281	39.550251256281	39.550251256281	39.550251256281	39.550251256281	39.550251256281	39.550251256281	39.550251256281	39.550251256281	39.550251256281	39.550251256281	39.550251256281	39.550251256281	39.550251256281	39.550251256281	39.550251256281	39.550251256281	39.550251256281	39.550251256281	39.550251256281	39.550251256281	39.550251256281	39.550251256281	39.550251256281	39.550251256281	39.550251256281	39.550251256281	39.550251256281	39.550251256281	39.550251256281	39.550251256281	39.550251256281	39.550251256281	39.550251256281	39.550251256281	39.550251256281	39.550251256281	39.550251256281	39.550251256281	39.550251256281	39.550251256281	39.550251256281	39.550251256281	39.550251256281	39.550251256281	39.550251256281	39.550251256281	39.550251256281	39.550251256281	39.550251256281	39.550251256281	39.550251256281	39.550251256281	39.550251256281	39.550251256281	39.550251256281	39.550251256281	39.550251256281	39.550251256281	39.550251256281	39.550251256281	39.550251256281	39.550251256281	39.550251256281	39.550251256281	39.550251256281	39.550251256281	39.550251256281	39.550251256281	39.550251256281	39.550251256281	39.550251256281	39.550251256281	39.550251256281	39.550251256281	39.550251256281	39.550251256281	39.550251256281	39.550251256281	39.550251256281	39.550251256281	39.550251256281	39.550251256281	39.550251256281	39.550251256281	39.550251256281	39.550251256281	39.550251256281	39.550251256281	39.550251256281	39.550251256281	39.550251256281	39.550251256281	39.550251256281	39.550251256281	39.550251256281	39.550251256281	39.550251256281	39.550251256281	39.550251256281	39.550251256281	39.550251256281	39.550251256281	39.550251256281	39.550251256281	39.550251256281	39.550251256281	39.550251256281	39.550251256281	39.550251256281	39.550251256281	39.550251256281	39.550251256281	39.550251256281	39.550251256281	39.550251256281	39.550251256281	39.550251256281	39.550251256281	39.550251256281	39.550251256281	39.550251256281	39.550251256281	39.550251256281	39.550251256281	39.550251256281	39.550251256281	39.550251256281	39.550251256281	39.550251256281	39.550251256281	39.550251256281	39.550251256281	39.550251256281	39.550251256281	39.550251256281	39.550251256281	39.550251256281	39.550251256281	39.550251256281	39.550251256281	39.550251256281	39.550251256281	39.550251256281	39.550251256281	39.550251256281	39.550251256281	39.550251256281	39.550251256281	39.550251256281	39.550251256281	39.550251256281	39.550251256281	39.550251256281	39.550251256281	39.550251256281	39.550251256281	39.550251256281	39.550251256281	39.550251256281	39.550251256281	39.550251256281	39.550251256281	39.550251256281	39.550251256281	39.550251256281	39.550251256281	39.550251256281	39.550251256281	39.550251256281	39.550251256281	39.550251256281	39.550251256281	39.550251256281	39.550251256281	39.550251256281	39.550251256281	39.550251256281	39.550251256281	39.550251256281	39.550251256281	39.550251256281	39.550251256281	39.550251256281	39.550251256281	39.550251256281	39.550251256281	39.550251256281	39.550251256281	39.550251256281	39.550251256281	39.550251256281
40.047738693467	40.047738693467	40.047738693467	40.047738693467	40.047738693467	40.047738693467	40.047738693467	40.047738693467	40.047738693467	40.047738693467	40.047738693467	40.047738693467	40.047738693467	40.047738693467	40.047738693467	40.047738693467	40.047738693467	40.047738693467	40.047738693467	40.047738693467	40.047738693467	40.047738693467	40.047738693467	40.047738693467	40.047738693467	40.047738693467	40.047738693467	40.047738693467	40.047738693467	40.047738693467	40.047738693467	40.047738693467	40.047738693467	40.047738693467	40.047738693467	40.047738693467	40.047738693467	40.047738693467	40.047738693467	40.047738693467	40.047738693467	40.047738693467	40.047738693467	40.047738693467	40.047738693467	40.047738693467	40.047738693467	40.047738693467	40.047738693467	40.047738693467	40.047738693467	40.047738693467	40.047738693467	40.047738693467	40.047738693467	40.047738693467	40.047738693467	40.047738693467	40.047738693467	40.047738693467	40.047738693467	40.047738693467	40.047738693467	40.047738693467	40.047738693467	40.047738693467	40.047738693467	40.047738693467	40.047738693467	40.047738693467	40.047738693467	40.047738693467	40.047738693467	40.047738693467	40.047738693467	40.047738693467	40.047738693467	40.047738693467	40.047738693467	40.047738693467	40.047738693467	40.047738693467	40.047738693467	40.047738693467	40.047738693467	40.047738693467	40.047738693467	40.047738693467	40.047738693467	40.047738693467	40.047738693467	40.047738693467	40.047738693467	40.047738693467	40.047738693467	40.047738693467	40.047738693467	40.047738693467	40.047738693467	40.047738693467	40.047738693467	40.047738693467	40.047738693467	40.047738693467	40.047738693467	40.047738693467	40.047738693467	40.047738693467	40.047738693467	40.047738693467	40.047738693467	40.047738693467	40.047738693467	40.047738693467	40.047738693467	40.047738693467	40.047738693467	40.047738693467	40.047738693467	40.047738693467	40.047738693467	40.047738693467	40.047738693467	40.047738693467	40.047738693467	40.047738693467	40.047738693467	40.047738693467	40.047738693467	40.047738693467	40.047738693467	40.047738693467	40.047738693467	40.047738693467	40.047738693467	40.047738693467	40.047738693467	40.047738693467	40.047738693467	40.047738693467	40.047738693467	40.047738693467	40.047738693467	40.047738693467	40.047738693467	40.047738693467	40.047738693467	40.047738693467	40.047738693467	40.047738693467	40.047738693467	40.047738693467	40.047738693467	40.047738693467	40.047738693467	40.047738693467	40.047738693467	40.047738693467	40.047738693467	40.047738693467	40.047738693467	40.047738693467	40.047738693467	40.047738693467	40.047738693467	40.047738693467	40.047738693467	40.047738693467	40.047738693467	40.047738693467	40.047738693467	40.047738693467	40.047738693467	40.047738693467	40.047738693467	40.047738693467	40.047738693467	40.047738693467	40.047738693467	40.047738693467	40.047738693467	40.047738693467	40.047738693467	40.047738693467	40.047738693467	40.047738693467	40.047738693467	40.047738693467	40.047738693467	40.047738693467	40.047738693467	40.047738693467	40.047738693467	40.047738693467	40.047738693467	40.047738693467	40.047738693467	40.047738693467	40.047738693467	40.047738693467
40.545226130653	40.545226130653	40.545226130653	40.545226130653	40.545226130653	40.545226130653	40.545226130653	40.545226130653	40.545226130653	40.545226130653	40.545226130653	40.545226130653	40.545226130653	40.545226130653	40.545226130653	40.545226130653	40.545226130653	40.545226130653	40.545226130653	40.545226130653	40.545226130653	40.545226130653	40.545226130653	40.545226130653	40.545226130653	40.545226130653	40.545226130653	40.545226130653	40.545226130653	40.545226130653	40.545226130653	40.545226130653	40.545226130653	40.545226130653	40.545226130653	40.545226130653	40.545226130653	40.545226130653	40.545226130653	40.545226130653	40.545226130653	40.545226130653	40.545226130653	40.545226130653	40.545226130653	40.545226130653	40.545226130653	40.545226130653	40.545226130653	40.545226130653	40.545226130653	40.545226130653	40.545226130653	40.545226130653	40.545226130653	40.545226130653	40.545226130653	40.545226130653	40.545226130653	40.545226130653	40.545226130653	40.545226130653	40.545226130653	40.545226130653	40.545226130653	40.545226130653	40.545226130653	40.545226130653	40.545226130653	40.545226130653	40.545226130653	40.545226130653	40.545226130653	40.545226130653	40.545226130653	40.545226130653	40.545226130653	40.545226130653	40.545226130653	40.545226130653	40.545226130653	40.545226130653	40.545226130653	40.545226130653	40.545226130653	40.545226130653	40.545226130653	40.545226130653	40.545226130653	40.545226130653	40.545226130653	40.545226130653	40.545226130653	40.545226130653	40.545226130653	40.545226130653	40.545226130653	40.545226130653	40.545226130653	40.545226130653	40.545226130653	40.545226130653	40.545226130653	40.545226130653	40.545226130653	40.545226130653	40.545226130653	40.545226130653	40.545226130653	40.545226130653	40.545226130653	40.545226130653	40.545226130653	40.545226130653	40.545226130653	40.545226130653	40.545226130653	40.545226130653	40.545226130653	40.545226130653	40.545226130653	40.545226130653	40.545226130653	40.545226130653	40.545226130653	40.545226130653	40.545226130653	40.545226130653	40.545226130653	40.545226130653	40.545226130653	40.545226130653	40.545226130653	40.545226130653	40.545226130653	40.545226130653	40.545226130653	40.545226130653	40.545226130653	40.545226130653	40.545226130653	40.545226130653	40.545226130653	40.545226130653	40.545226130653	40.545226130653	40.545226130653	40.545226130653	40.545226130653	40.545226130653	40.545226130653	40.545226130653	40.545226130653	40.545226130653	40.545226130653	40.545226130653	40.545226130653	40.545226130653	40.545226130653	40.545226130653	40.545226130653	40.545226130653	40.545226130653	40.545226130653	40.545226130653	40.545226130653	40.545226130653	40.545226130653	40.545226130653	40.545226130653	40.545226130653	40.545226130653	40.545226130653	40.545226130653	40.545226130653	40.545226130653	40.545226130653	40.545226130653	40.545226130653	40.545226130653	40.545226130653	40.545226130653	40.545226130653	40.545226130653	40.545226130653	40.545226130653	40.545226130653	40.545226130653	40.545226130653	40.545226130653	40.545226130653	40.545226130653	40.545226130653	40.545226130653	40.545226130653	40.545226130653	40.545226130653	40.545226130653	40.545226130653	40.545226130653
41.042713567839	41.042713567839	41.042713567839	41.042713567839	41.042713567839	41.042713567839	41.042713567839	41.042713567839	41.042713567839	41.042713567839	41.042713567839	41.042713567839	41.042713567839	41.042713567839	41.042713567839	41.042713567839	41.042713567839	41.042713567839	41.042713567839	41.042713567839	41.042713567839	41.042713567839	41.042713567839	41.042713567839	41.042713567839	41.042713567839	41.042713567839	41.042713567839	41.042713567839	41.042713567839	41.042713567839	41.042713567839	41.042713567839	41.042713567839	41.042713567839	41.042713567839	41.042713567839	41.042713567839	41.042713567839	41.042713567839	41.042713567839	41.042713567839	41.042713567839	41.042713567839	41.042713567839	41.042713567839	41.042713567839	41.042713567839	41.042713567839	41.042713567839	41.042713567839	41.042713567839	41.042713567839	41.042713567839	41.042713567839	41.042713567839	41.042713567839	41.042713567839	41.042713567839	41.042713567839	41.042713567839	41.042713567839	41.042713567839	41.042713567839	41.042713567839	41.042713567839	41.042713567839	41.042713567839	41.042713567839	41.042713567839	41.042713567839	41.042713567839	41.042713567839	41.042713567839	41.042713567839	41.042713567839	41.042713567839	41.042713567839	41.042713567839	41.042713567839	41.042713567839	41.042713567839	41.042713567839	41.042713567839	41.042713567839	41.042713567839	41.042713567839	41.042713567839	41.042713567839	41.042713567839	41.042713567839	41.042713567839	41.042713567839	41.042713567839	41.042713567839	41.042713567839	41.042713567839	41.042713567839	41.042713567839	41.042713567839	41.042713567839	41.042713567839	41.042713567839	41.042713567839	41.042713567839	41.042713567839	41.042713567839	41.042713567839	41.042713567839	41.042713567839	41.042713567839	41.042713567839	41.042713567839	41.042713567839	41.042713567839	41.042713567839	41.042713567839	41.042713567839	41.042713567839	41.042713567839	41.042713567839	41.042713567839	41.042713567839	41.042713567839	41.042713567839	41.042713567839	41.042713567839	41.042713567839	41.042713567839	41.042713567839	41.042713567839	41.042713567839	41.042713567839	41.042713567839	41.042713567839	41.042713567839	41.042713567839	41.042713567839	41.042713567839	41.042713567839	41.042713567839	41.042713567839	41.042713567839	41.042713567839	41.042713567839	41.042713567839	41.042713567839	41.042713567839	41.042713567839	41.042713567839	41.042713567839	41.042713567839	41.042713567839	41.042713567839	41.042713567839	41.042713567839	41.042713567839	41.042713567839	41.042713567839	41.042713567839	41.042713567839	41.042713567839	41.042713567839	41.042713567839	41.042713567839	41.042713567839	41.042713567839	41.042713567839	41.042713567839	41.042713567839	41.042713567839	41.042713567839	41.042713567839	41.042713567839	41.042713567839	41.042713567839	41.042713567839	41.042713567839	41.042713567839	41.042713567839	41.042713567839	41.042713567839	41.042713567839	41.042713567839	41.042713567839	41.042713567839	41.042713567839	41.042713567839	41.042713567839	41.042713567839	41.042713567839	41.042713567839	41.042713567839	41.042713567839	41.042713567839	41.042713567839	41.042713567839	41.042713567839	41.042713567839	41.042713567839
41.540201005025	41.540201005025	41.540201005025	41.540201005025	41.540201005025	41.540201005025	41.540201005025	41.540201005025	41.540201005025	41.540201005025	41.540201005025	41.540201005025	41.540201005025	41.540201005025	41.540201005025	41.540201005025	41.540201005025	41.540201005025	41.540201005025	41.540201005025	41.540201005025	41.540201005025	41.540201005025	41.540201005025	41.540201005025	41.540201005025	41.540201005025	41.540201005025	41.540201005025	41.540201005025	41.540201005025	41.540201005025	41.540201005025	41.540201005025	41.540201005025	41.540201005025	41.540201005025	41.540201005025	41.540201005025	41.540201005025	41.540201005025	41.540201005025	41.540201005025	41.540201005025	41.540201005025	41.540201005025	41.540201005025	41.540201005025	41.540201005025	41.540201005025	41.540201005025	41.540201005025	41.540201005025	41.540201005025	41.540201005025	41.540201005025	41.540201005025	41.540201005025	41.540201005025	41.540201005025	41.540201005025	41.540201005025	41.540201005025	41.540201005025	41.540201005025	41.540201005025	41.540201005025	41.540201005025	41.540201005025	41.540201005025	41.540201005025	41.540201005025	41.540201005025	41.540201005025	41.540201005025	41.540201005025	41.540201005025	41.540201005025	41.540201005025	41.540201005025	41.540201005025	41.540201005025	41.540201005025	41.540201005025	41.540201005025	41.540201005025	41.540201005025	41.540201005025	41.540201005025	41.540201005025	41.540201005025	41.540201005025	41.540201005025	41.540201005025	41.540201005025	41.540201005025	41.540201005025	41.540201005025	41.540201005025	41.540201005025	41.540201005025	41.540201005025	41.540201005025	41.540201005025	41.540201005025	41.540201005025	41.540201005025	41.540201005025	41.540201005025	41.540201005025	41.540201005025	41.540201005025	41.540201005025	41.540201005025	41.540201005025	41.540201005025	41.540201005025	41.540201005025	41.540201005025	41.540201005025	41.540201005025	41.540201005025	41.540201005025	41.540201005025	41.540201005025	41.540201005025	41.540201005025	41.540201005025	41.540201005025	41.540201005025	41.540201005025	41.540201005025	41.540201005025	41.540201005025	41.540201005025	41.540201005025	41.540201005025	41.540201005025	41.540201005025	41.540201005025	41.540201005025	41.540201005025	41.540201005025	41.540201005025	41.540201005025	41.540201005025	41.540201005025	41.540201005025	41.540201005025	41.540201005025	41.540201005025	41.540201005025	41.540201005025	41.540201005025	41.540201005025	41.540201005025	41.540201005025	41.540201005025	41.540201005025	41.540201005025	41.540201005025	41.540201005025	41.540201005025	41.540201005025	41.540201005025	41.540201005025	41.540201005025	41.540201005025	41.540201005025	41.540201005025	41.540201005025	41.540201005025	41.540201005025	41.540201005025	41.540201005025	41.540201005025	41.540201005025	41.540201005025	41.540201005025	41.540201005025	41.540201005025	41.540201005025	41.540201005025	41.540201005025	41.540201005025	41.540201005025	41.540201005025	41.540201005025	41.540201005025	41.540201005025	41.540201005025	41.540201005025	41.540201005025	41.540201005025	41.540201005025	41.540201005025	41.540201005025	41.540201005025	41.540201005025	41.540201005025
42.037688442211	42.037688442211	42.037688442211	42.037688442211	42.037688442211	42.037688442211	42.037688442211	42.037688442211	42.037688442211	42.037688442211	42.037688442211	42.037688442211	42.037688442211	42.037688442211	42.037688442211	42.037688442211	42.037688442211	42.037688442211	42.037688442211	42.037688442211	42.037688442211	42.037688442211	42.037688442211	42.037688442211	42.037688442211	42.037688442211	42.037688442211	42.037688442211	42.037688442211	42.037688442211	42.037688442211	42.037688442211	42.037688442211	42.037688442211	42.037688442211	42.037688442211	42.037688442211	42.037688442211	42.037688442211	42.037688442211	42.037688442211	42.037688442211	42.037688442211	42.037688442211	42.037688442211	42.037688442211	42.037688442211	42.037688442211	42.037688442211	42.037688442211	42.037688442211	42.037688442211	42.037688442211	42.037688442211	42.037688442211	42.037688442211	42.037688442211	42.037688442211	42.037688442211	42.037688442211	42.037688442211	42.037688442211	42.037688442211	42.037688442211	42.037688442211	42.037688442211	42.037688442211	42.037688442211	42.037688442211	42.037688442211	42.037688442211	42.037688442211	42.037688442211	42.037688442211	42.037688442211	42.037688442211	42.037688442211	42.037688442211	42.037688442211	42.037688442211	42.037688442211	42.037688442211	42.037688442211	42.037688442211	42.037688442211	42.037688442211	42.037688442211	42.037688442211	42.037688442211	42.037688442211	42.037688442211	42.037688442211	42.037688442211	42.037688442211	42.037688442211	42.037688442211	42.037688442211	42.037688442211	42.037688442211	42.037688442211	42.037688442211	42.037688442211	42.037688442211	42.037688442211	42.037688442211	42.037688442211	42.037688442211	42.037688442211	42.037688442211	42.037688442211	42.037688442211	42.037688442211	42.037688442211	42.037688442211	42.037688442211	42.037688442211	42.037688442211	42.037688442211	42.037688442211	42.037688442211	42.037688442211	42.037688442211	42.037688442211	42.037688442211	42.037688442211	42.037688442211	42.037688442211	42.037688442211	42.037688442211	42.037688442211	42.037688442211	42.037688442211	42.037688442211	42.037688442211	42.037688442211	42.037688442211	42.037688442211	42.037688442211	42.037688442211	42.037688442211	42.037688442211	42.037688442211	42.037688442211	42.037688442211	42.037688442211	42.037688442211	42.037688442211	42.037688442211	42.037688442211	42.037688442211	42.037688442211	42.037688442211	42.037688442211	42.037688442211	42.037688442211	42.037688442211	42.037688442211	42.037688442211	42.037688442211	42.037688442211	42.037688442211	42.037688442211	42.037688442211	42.037688442211	42.037688442211	42.037688442211	42.037688442211	42.037688442211	42.037688442211	42.037688442211	42.037688442211	42.037688442211	42.037688442211	42.037688442211	42.037688442211	42.037688442211	42.037688442211	42.037688442211	42.037688442211	42.037688442211	42.037688442211	42.037688442211	42.037688442211	42.037688442211	42.037688442211	42.037688442211	42.037688442211	42.037688442211	42.037688442211	42.037688442211	42.037688442211	42.037688442211	42.037688442211	42.037688442211	42.037688442211	42.037688442211	42.037688442211	42.037688442211	42.037688442211	42.037688442211
42.535175879397	42.535175879397	42.535175879397	42.535175879397	42.535175879397	42.535175879397	42.535175879397	42.535175879397	42.535175879397	42.535175879397	42.535175879397	42.535175879397	42.535175879397	42.535175879397	42.535175879397	42.535175879397	42.535175879397	42.535175879397	42.535175879397	42.535175879397	42.535175879397	42.535175879397	42.535175879397	42.535175879397	42.535175879397	42.535175879397	42.535175879397	42.535175879397	42.535175879397	42.535175879397	42.535175879397	42.535175879397	42.535175879397	42.535175879397	42.535175879397	42.535175879397	42.535175879397	42.535175879397	42.535175879397	42.535175879397	42.535175879397	42.535175879397	42.535175879397	42.535175879397	42.535175879397	42.535175879397	42.535175879397	42.535175879397	42.535175879397	42.535175879397	42.535175879397	42.535175879397	42.535175879397	42.535175879397	42.535175879397	42.535175879397	42.535175879397	42.535175879397	42.535175879397	42.535175879397	42.535175879397	42.535175879397	42.535175879397	42.535175879397	42.535175879397	42.535175879397	42.535175879397	42.535175879397	42.535175879397	42.535175879397	42.535175879397	42.535175879397	42.535175879397	42.535175879397	42.535175879397	42.535175879397	42.535175879397	42.535175879397	42.535175879397	42.535175879397	42.535175879397	42.535175879397	42.535175879397	42.535175879397	42.535175879397	42.535175879397	42.535175879397	42.535175879397	42.535175879397	42.535175879397	42.535175879397	42.535175879397	42.535175879397	42.535175879397	42.535175879397	42.535175879397	42.535175879397	42.535175879397	42.535175879397	42.535175879397	42.535175879397	42.535175879397	42.535175879397	42.535175879397	42.535175879397	42.535175879397	42.535175879397	42.535175879397	42.535175879397	42.535175879397	42.535175879397	42.535175879397	42.535175879397	42.535175879397	42.535175879397	42.535175879397	42.535175879397	42.535175879397	42.535175879397	42.535175879397	42.535175879397	42.535175879397	42.535175879397	42.535175879397	42.535175879397	42.535175879397	42.535175879397	42.535175879397	42.535175879397	42.535175879397	42.535175879397	42.535175879397	42.535175879397	42.535175879397	42.535175879397	42.535175879397	42.535175879397	42.535175879397	42.535175879397	42.535175879397	42.535175879397	42.535175879397	42.535175879397	42.535175879397	42.535175879397	42.535175879397	42.535175879397	42.535175879397	42.535175879397	42.535175879397	42.535175879397	42.535175879397	42.535175879397	42.535175879397	42.535175879397	42.535175879397	42.535175879397	42.535175879397	42.535175879397	42.535175879397	42.535175879397	42.535175879397	42.535175879397	42.535175879397	42.535175879397	42.535175879397	42.535175879397	42.535175879397	42.535175879397	42.535175879397	42.535175879397	42.535175879397	42.535175879397	42.535175879397	42.535175879397	42.535175879397	42.535175879397	42.535175879397	42.535175879397	42.535175879397	42.535175879397	42.535175879397	42.535175879397	42.535175879397	42.535175879397	42.535175879397	42.535175879397	42.535175879397	42.535175879397	42.535175879397	42.535175879397	42.535175879397	42.535175879397	42.535175879397	42.535175879397	42.535175879397	42.535175879397	42.535175879397	42.535175879397	42.535175879397
43.032663316583	43.032663316583	43.032663316583	43.032663316583	43.032663316583	43.032663316583	43.032663316583	43.032663316583	43.032663316583	43.032663316583	43.032663316583	43.032663316583	43.032663316583	43.032663316583	43.032663316583	43.032663316583	43.032663316583	43.032663316583	43.032663316583	43.032663316583	43.032663316583	43.032663316583	43.032663316583	43.032663316583	43.032663316583	43.032663316583	43.032663316583	43.032663316583	43.032663316583	43.032663316583	43.032663316583	43.032663316583	43.032663316583	43.032663316583	43.032663316583	43.032663316583	43.032663316583	43.032663316583	43.032663316583	43.032663316583	43.032663316583	43.032663316583	43.032663316583	43.032663316583	43.032663316583	43.032663316583	43.032663316583	43.032663316583	43.032663316583	43.032663316583	43.032663316583	43.032663316583	43.032663316583	43.032663316583	43.032663316583	43.032663316583	43.032663316583	43.032663316583	43.032663316583	43.032663316583	43.032663316583	43.032663316583	43.032663316583	43.032663316583	43.032663316583	43.032663316583	43.032663316583	43.032663316583	43.032663316583	43.032663316583	43.032663316583	43.032663316583	43.032663316583	43.032663316583	43.032663316583	43.032663316583	43.032663316583	43.032663316583	43.032663316583	43.032663316583	43.032663316583	43.032663316583	43.032663316583	43.032663316583	43.032663316583	43.032663316583	43.032663316583	43.032663316583	43.032663316583	43.032663316583	43.032663316583	43.032663316583	43.032663316583	43.032663316583	43.032663316583	43.032663316583	43.032663316583	43.032663316583	43.032663316583	43.032663316583	43.032663316583	43.032663316583	43.032663316583	43.032663316583	43.032663316583	43.032663316583	43.032663316583	43.032663316583	43.032663316583	43.032663316583	43.032663316583	43.032663316583	43.032663316583	43.032663316583	43.032663316583	43.032663316583	43.032663316583	43.032663316583	43.032663316583	43.032663316583	43.032663316583	43.032663316583	43.032663316583	43.032663316583	43.032663316583	43.032663316583	43.032663316583	43.032663316583	43.032663316583	43.032663316583	43.032663316583	43.032663316583	43.032663316583	43.032663316583	43.032663316583	43.032663316583	43.032663316583	43.032663316583	43.032663316583	43.032663316583	43.032663316583	43.032663316583	43.032663316583	43.032663316583	43.032663316583	43.032663316583	43.032663316583	43.032663316583	43.032663316583	43.032663316583	43.032663316583	43.032663316583	43.032663316583	43.032663316583	43.032663316583	43.032663316583	43.032663316583	43.032663316583	43.032663316583	43.032663316583	43.032663316583	43.032663316583	43.032663316583	43.032663316583	43.032663316583	43.032663316583	43.032663316583	43.032663316583	43.032663316583	43.032663316583	43.032663316583	43.032663316583	43.032663316583	43.032663316583	43.032663316583	43.032663316583	43.032663316583	43.032663316583	43.032663316583	43.032663316583	43.032663316583	43.032663316583	43.032663316583	43.032663316583	43.032663316583	43.032663316583	43.032663316583	43.032663316583	43.032663316583	43.032663316583	43.032663316583	43.032663316583	43.032663316583	43.032663316583	43.032663316583	43.032663316583	43.032663316583	43.032663316583	43.032663316583	43.032663316583
43.530150753769	43.530150753769	43.530150753769	43.530150753769	43.530150753769	43.530150753769	43.530150753769	43.530150753769	43.530150753769	43.530150753769	43.530150753769	43.530150753769	43.530150753769	43.530150753769	43.530150753769	43.530150753769	43.530150753769	43.530150753769	43.530150753769	43.530150753769	43.530150753769	43.530150753769	43.530150753769	43.530150753769	43.530150753769	43.530150753769	43.530150753769	43.530150753769	43.530150753769	43.530150753769	43.530150753769	43.530150753769	43.530150753769	43.530150753769	43.530150753769	43.530150753769	43.530150753769	43.530150753769	43.530150753769	43.530150753769	43.530150753769	43.530150753769	43.530150753769	43.530150753769	43.530150753769	43.530150753769	43.530150753769	43.530150753769	43.530150753769	43.530150753769	43.530150753769	43.530150753769	43.530150753769	43.530150753769	43.530150753769	43.530150753769	43.530150753769	43.530150753769	43.530150753769	43.530150753769	43.530150753769	43.530150753769	43.530150753769	43.530150753769	43.530150753769	43.530150753769	43.530150753769	43.530150753769	43.530150753769	43.530150753769	43.530150753769	43.530150753769	43.530150753769	43.530150753769	43.530150753769	43.530150753769	43.530150753769	43.530150753769	43.530150753769	43.530150753769	43.530150753769	43.530150753769	43.530150753769	43.530150753769	43.530150753769	43.530150753769	43.530150753769	43.530150753769	43.530150753769	43.530150753769	43.530150753769	43.530150753769	43.530150753769	43.530150753769	43.530150753769	43.530150753769	43.530150753769	43.530150753769	43.530150753769	43.530150753769	43.530150753769	43.530150753769	43.530150753769	43.530150753769	43.530150753769	43.530150753769	43.530150753769	43.530150753769	43.530150753769	43.530150753769	43.530150753769	43.530150753769	43.530150753769	43.530150753769	43.530150753769	43.530150753769	43.530150753769	43.530150753769	43.530150753769	43.530150753769	43.530150753769	43.530150753769	43.530150753769	43.530150753769	43.530150753769	43.530150753769	43.530150753769	43.530150753769	43.530150753769	43.530150753769	43.530150753769	43.530150753769	43.530150753769	43.530150753769	43.530150753769	43.530150753769	43.530150753769	43.530150753769	43.530150753769	43.530150753769	43.530150753769	43.530150753769	43.530150753769	43.530150753769	43.530150753769	43.530150753769	43.530150753769	43.530150753769	43.530150753769	43.530150753769	43.530150753769	43.530150753769	43.530150753769	43.530150753769	43.530150753769	43.530150753769	43.530150753769	43.530150753769	43.530150753769	43.530150753769	43.530150753769	43.530150753769	43.530150753769	43.530150753769	43.530150753769	43.530150753769	43.530150753769	43.530150753769	43.530150753769	43.530150753769	43.530150753769	43.530150753769	43.530150753769	43.530150753769	43.530150753769	43.530150753769	43.530150753769	43.530150753769	43.530150753769	43.530150753769	43.530150753769	43.530150753769	43.530150753769	43.530150753769	43.530150753769	43.530150753769	43.530150753769	43.530150753769	43.530150753769	43.530150753769	43.530150753769	43.530150753769	43.530150753769	43.530150753769	43.530150753769	43.530150753769	43.530150753769	43.530150753769	43.530150753769	43.530150753769
44.027638190955	44.027638190955	44.027638190955	44.027638190955	44.027638190955	44.027638190955	44.027638190955	44.027638190955	44.027638190955	44.027638190955	44.027638190955	44.027638190955	44.027638190955	44.027638190955	44.027638190955	44.027638190955	44.027638190955	44.027638190955	44.027638190955	44.027638190955	44.027638190955	44.027638190955	44.027638190955	44.027638190955	44.027638190955	44.027638190955	44.027638190955	44.027638190955	44.027638190955	44.027638190955	44.027638190955	44.027638190955	44.027638190955	44.027638190955	44.027638190955	44.027638190955	44.027638190955	44.027638190955	44.027638190955	44.027638190955	44.027638190955	44.027638190955	44.027638190955	44.027638190955	44.027638190955	44.027638190955	44.027638190955	44.027638190955	44.027638190955	44.027638190955	44.027638190955	44.027638190955	44.027638190955	44.027638190955	44.027638190955	44.027638190955	44.027638190955	44.027638190955	44.027638190955	44.027638190955	44.027638190955	44.027638190955	44.027638190955	44.027638190955	44.027638190955	44.027638190955	44.027638190955	44.027638190955	44.027638190955	44.027638190955	44.027638190955	44.027638190955	44.027638190955	44.027638190955	44.027638190955	44.027638190955	44.027638190955	44.027638190955	44.027638190955	44.027638190955	44.027638190955	44.027638190955	44.027638190955	44.027638190955	44.027638190955	44.027638190955	44.027638190955	44.027638190955	44.027638190955	44.027638190955	44.027638190955	44.027638190955	44.027638190955	44.027638190955	44.027638190955	44.027638190955	44.027638190955	44.027638190955	44.027638190955	44.027638190955	44.027638190955	44.027638190955	44.027638190955	44.027638190955	44.027638190955	44.027638190955	44.027638190955	44.027638190955	44.027638190955	44.027638190955	44.027638190955	44.027638190955	44.027638190955	44.027638190955	44.027638190955	44.027638190955	44.027638190955	44.027638190955	44.027638190955	44.027638190955	44.027638190955	44.027638190955	44.027638190955	44.027638190955	44.027638190955	44.027638190955	44.027638190955	44.027638190955	44.027638190955	44.027638190955	44.027638190955	44.027638190955	44.027638190955	44.027638190955	44.027638190955	44.027638190955	44.027638190955	44.027638190955	44.027638190955	44.027638190955	44.027638190955	44.027638190955	44.027638190955	44.027638190955	44.027638190955	44.027638190955	44.027638190955	44.027638190955	44.027638190955	44.027638190955	44.027638190955	44.027638190955	44.027638190955	44.027638190955	44.027638190955	44.027638190955	44.027638190955	44.027638190955	44.027638190955	44.027638190955	44.027638190955	44.027638190955	44.027638190955	44.027638190955	44.027638190955	44.027638190955	44.027638190955	44.027638190955	44.027638190955	44.027638190955	44.027638190955	44.027638190955	44.027638190955	44.027638190955	44.027638190955	44.027638190955	44.027638190955	44.027638190955	44.027638190955	44.027638190955	44.027638190955	44.027638190955	44.027638190955	44.027638190955	44.027638190955	44.027638190955	44.027638190955	44.027638190955	44.027638190955	44.027638190955	44.027638190955	44.027638190955	44.027638190955	44.027638190955	44.027638190955	44.027638190955	44.027638190955	44.027638190955	44.027638190955	44.027638190955
44.525125628141	44.525125628141	44.525125628141	44.525125628141	44.525125628141	44.525125628141	44.525125628141	44.525125628141	44.525125628141	44.525125628141	44.525125628141	44.525125628141	44.525125628141	44.525125628141	44.525125628141	44.525125628141	44.525125628141	44.525125628141	44.525125628141	44.525125628141	44.525125628141	44.525125628141	44.525125628141	44.525125628141	44.525125628141	44.525125628141	44.525125628141	44.525125628141	44.525125628141	44.525125628141	44.525125628141	44.525125628141	44.525125628141	44.525125628141	44.525125628141	44.525125628141	44.525125628141	44.525125628141	44.525125628141	44.525125628141	44.525125628141	44.525125628141	44.525125628141	44.525125628141	44.525125628141	44.525125628141	44.525125628141	44.525125628141	44.525125628141	44.525125628141	44.525125628141	44.525125628141	44.525125628141	44.525125628141	44.525125628141	44.525125628141	44.525125628141	44.525125628141	44.525125628141	44.525125628141	44.525125628141	44.525125628141	44.525125628141	44.525125628141	44.525125628141	44.525125628141	44.525125628141	44.525125628141	44.525125628141	44.525125628141	44.525125628141	44.525125628141	44.525125628141	44.525125628141	44.525125628141	44.525125628141	44.525125628141	44.525125628141	44.525125628141	44.525125628141	44.525125628141	44.525125628141	44.525125628141	44.525125628141	44.525125628141	44.525125628141	44.525125628141	44.525125628141	44.525125628141	44.525125628141	44.525125628141	44.525125628141	44.525125628141	44.525125628141	44.525125628141	44.525125628141	44.525125628141	44.525125628141	44.525125628141	44.525125628141	44.525125628141	44.525125628141	44.525125628141	44.525125628141	44.525125628141	44.525125628141	44.525125628141	44.525125628141	44.525125628141	44.525125628141	44.525125628141	44.525125628141	44.525125628141	44.525125628141	44.525125628141	44.525125628141	44.525125628141	44.525125628141	44.525125628141	44.525125628141	44.525125628141	44.525125628141	44.525125628141	44.525125628141	44.525125628141	44.525125628141	44.525125628141	44.525125628141	44.525125628141	44.525125628141	44.525125628141	44.525125628141	44.525125628141	44.525125628141	44.525125628141	44.525125628141	44.525125628141	44.525125628141	44.525125628141	44.525125628141	44.525125628141	44.525125628141	44.525125628141	44.525125628141	44.525125628141	44.525125628141	44.525125628141	44.525125628141	44.525125628141	44.525125628141	44.525125628141	44.525125628141	44.525125628141	44.525125628141	44.525125628141	44.525125628141	44.525125628141	44.525125628141	44.525125628141	44.525125628141	44.525125628141	44.525125628141	44.525125628141	44.525125628141	44.525125628141	44.525125628141	44.525125628141	44.525125628141	44.525125628141	44.525125628141	44.525125628141	44.525125628141	44.525125628141	44.525125628141	44.525125628141	44.525125628141	44.525125628141	44.525125628141	44.525125628141	44.525125628141	44.525125628141	44.525125628141	44.525125628141	44.525125628141	44.525125628141	44.525125628141	44.525125628141	44.525125628141	44.525125628141	44.525125628141	44.525125628141	44.525125628141	44.525125628141	44.525125628141	44.525125628141	44.525125628141	44.525125628141	44.525125628141	44.525125628141	44.525125628141
45.022613065327	45.022613065327	45.022613065327	45.022613065327	45.022613065327	45.022613065327	45.022613065327	45.022613065327	45.022613065327	45.022613065327	45.022613065327	45.022613065327	45.022613065327	45.022613065327	45.022613065327	45.022613065327	45.022613065327	45.022613065327	45.022613065327	45.022613065327	45.022613065327	45.022613065327	45.022613065327	45.022613065327	45.022613065327	45.022613065327	45.022613065327	45.022613065327	45.022613065327	45.022613065327	45.022613065327	45.022613065327	45.022613065327	45.022613065327	45.022613065327	45.022613065327	45.022613065327	45.022613065327	45.022613065327	45.022613065327	45.022613065327	45.022613065327	45.022613065327	45.022613065327	45.022613065327	45.022613065327	45.022613065327	45.022613065327	45.022613065327	45.022613065327	45.022613065327	45.022613065327	45.022613065327	45.022613065327	45.022613065327	45.022613065327	45.022613065327	45.022613065327	45.022613065327	45.022613065327	45.022613065327	45.022613065327	45.022613065327	45.022613065327	45.022613065327	45.022613065327	45.022613065327	45.022613065327	45.022613065327	45.022613065327	45.022613065327	45.022613065327	45.022613065327	45.022613065327	45.022613065327	45.022613065327	45.022613065327	45.022613065327	45.022613065327	45.022613065327	45.022613065327	45.022613065327	45.022613065327	45.022613065327	45.022613065327	45.022613065327	45.022613065327	45.022613065327	45.022613065327	45.022613065327	45.022613065327	45.022613065327	45.022613065327	45.022613065327	45.022613065327	45.022613065327	45.022613065327	45.022613065327	45.022613065327	45.022613065327	45.022613065327	45.022613065327	45.022613065327	45.022613065327	45.022613065327	45.022613065327	45.022613065327	45.022613065327	45.022613065327	45.022613065327	45.022613065327	45.022613065327	45.022613065327	45.022613065327	45.022613065327	45.022613065327	45.022613065327	45.022613065327	45.022613065327	45.022613065327	45.022613065327	45.022613065327	45.022613065327	45.022613065327	45.022613065327	45.022613065327	45.022613065327	45.022613065327	45.022613065327	45.022613065327	45.022613065327	45.022613065327	45.022613065327	45.022613065327	45.022613065327	45.022613065327	45.022613065327	45.022613065327	45.022613065327	45.022613065327	45.022613065327	45.022613065327	45.022613065327	45.022613065327	45.022613065327	45.022613065327	45.022613065327	45.022613065327	45.022613065327	45.022613065327	45.022613065327	45.022613065327	45.022613065327	45.022613065327	45.022613065327	45.022613065327	45.022613065327	45.022613065327	45.022613065327	45.022613065327	45.022613065327	45.022613065327	45.022613065327	45.022613065327	45.022613065327	45.022613065327	45.022613065327	45.022613065327	45.022613065327	45.022613065327	45.022613065327	45.022613065327	45.022613065327	45.022613065327	45.022613065327	45.022613065327	45.022613065327	45.022613065327	45.022613065327	45.022613065327	45.022613065327	45.022613065327	45.022613065327	45.022613065327	45.022613065327	45.022613065327	45.022613065327	45.022613065327	45.022613065327	45.022613065327	45.022613065327	45.022613065327	45.022613065327	45.022613065327	45.022613065327	45.022613065327	45.022613065327	45.022613065327	45.022613065327	45.022613065327
45.520100502513	45.520100502513	45.520100502513	45.520100502513	45.520100502513	45.520100502513	45.520100502513	45.520100502513	45.520100502513	45.520100502513	45.520100502513	45.520100502513	45.520100502513	45.520100502513	45.520100502513	45.520100502513	45.520100502513	45.520100502513	45.520100502513	45.520100502513	45.520100502513	45.520100502513	45.520100502513	45.520100502513	45.520100502513	45.520100502513	45.520100502513	45.520100502513	45.520100502513	45.520100502513	45.520100502513	45.520100502513	45.520100502513	45.520100502513	45.520100502513	45.520100502513	45.520100502513	45.520100502513	45.520100502513	45.520100502513	45.520100502513	45.520100502513	45.520100502513	45.520100502513	45.520100502513	45.520100502513	45.520100502513	45.520100502513	45.520100502513	45.520100502513	45.520100502513	45.520100502513	45.520100502513	45.520100502513	45.520100502513	45.520100502513	45.520100502513	45.520100502513	45.520100502513	45.520100502513	45.520100502513	45.520100502513	45.520100502513	45.520100502513	45.520100502513	45.520100502513	45.520100502513	45.520100502513	45.520100502513	45.520100502513	45.520100502513	45.520100502513	45.520100502513	45.520100502513	45.520100502513	45.520100502513	45.520100502513	45.520100502513	45.520100502513	45.520100502513	45.520100502513	45.520100502513	45.520100502513	45.520100502513	45.520100502513	45.520100502513	45.520100502513	45.520100502513	45.520100502513	45.520100502513	45.520100502513	45.520100502513	45.520100502513	45.520100502513	45.520100502513	45.520100502513	45.520100502513	45.520100502513	45.520100502513	45.520100502513	45.520100502513	45.520100502513	45.520100502513	45.520100502513	45.520100502513	45.520100502513	45.520100502513	45.520100502513	45.520100502513	45.520100502513	45.520100502513	45.520100502513	45.520100502513	45.520100502513	45.520100502513	45.520100502513	45.520100502513	45.520100502513	45.520100502513	45.520100502513	45.520100502513	45.520100502513	45.520100502513	45.520100502513	45.520100502513	45.520100502513	45.520100502513	45.520100502513	45.520100502513	45.520100502513	45.520100502513	45.520100502513	45.520100502513	45.520100502513	45.520100502513	45.520100502513	45.520100502513	45.520100502513	45.520100502513	45.520100502513	45.520100502513	45.520100502513	45.520100502513	45.520100502513	45.520100502513	45.520100502513	45.520100502513	45.520100502513	45.520100502513	45.520100502513	45.520100502513	45.520100502513	45.520100502513	45.520100502513	45.520100502513	45.520100502513	45.520100502513	45.520100502513	45.520100502513	45.520100502513	45.520100502513	45.520100502513	45.520100502513	45.520100502513	45.520100502513	45.520100502513	45.520100502513	45.520100502513	45.520100502513	45.520100502513	45.520100502513	45.520100502513	45.520100502513	45.520100502513	45.520100502513	45.520100502513	45.520100502513	45.520100502513	45.520100502513	45.520100502513	45.520100502513	45.520100502513	45.520100502513	45.520100502513	45.520100502513	45.520100502513	45.520100502513	45.520100502513	45.520100502513	45.520100502513	45.520100502513	45.520100502513	45.520100502513	45.520100502513	45.520100502513	45.520100502513	45.520100502513	45.520100502513	45.520100502513	45.520100502513
46.017587939698	46.017587939698	46.017587939698	46.017587939698	46.017587939698	46.017587939698	46.017587939698	46.017587939698	46.017587939698	46.017587939698	46.017587939698	46.017587939698	46.017587939698	46.017587939698	46.017587939698	46.017587939698	46.017587939698	46.017587939698	46.017587939698	46.017587939698	46.017587939698	46.017587939698	46.017587939698	46.017587939698	46.017587939698	46.017587939698	46.017587939698	46.017587939698	46.017587939698	46.017587939698	46.017587939698	46.017587939698	46.017587939698	46.017587939698	46.017587939698	46.017587939698	46.017587939698	46.017587939698	46.017587939698	46.017587939698	46.017587939698	46.017587939698	46.017587939698	46.017587939698	46.017587939698	46.017587939698	46.017587939698	46.017587939698	46.017587939698	46.017587939698	46.017587939698	46.017587939698	46.017587939698	46.017587939698	46.017587939698	46.017587939698	46.017587939698	46.017587939698	46.017587939698	46.017587939698	46.017587939698	46.017587939698	46.017587939698	46.017587939698	46.017587939698	46.017587939698	46.017587939698	46.017587939698	46.017587939698	46.017587939698	46.017587939698	46.017587939698	46.017587939698	46.017587939698	46.017587939698	46.017587939698	46.017587939698	46.017587939698	46.017587939698	46.017587939698	46.017587939698	46.017587939698	46.017587939698	46.017587939698	46.017587939698	46.017587939698	46.017587939698	46.017587939698	46.017587939698	46.017587939698	46.017587939698	46.017587939698	46.017587939698	46.017587939698	46.017587939698	46.017587939698	46.017587939698	46.017587939698	46.017587939698	46.017587939698	46.017587939698	46.017587939698	46.017587939698	46.017587939698	46.017587939698	46.017587939698	46.017587939698	46.017587939698	46.017587939698	46.017587939698	46.017587939698	46.017587939698	46.017587939698	46.017587939698	46.017587939698	46.017587939698	46.017587939698	46.017587939698	46.017587939698	46.017587939698	46.017587939698	46.017587939698	46.017587939698	46.017587939698	46.017587939698	46.017587939698	46.017587939698	46.017587939698	46.017587939698	46.017587939698	46.017587939698	46.017587939698	46.017587939698	46.017587939698	46.017587939698	46.017587939698	46.017587939698	46.017587939698	46.017587939698	46.017587939698	46.017587939698	46.017587939698	46.017587939698	46.017587939698	46.017587939698	46.017587939698	46.017587939698	46.017587939698	46.017587939698	46.017587939698	46.017587939698	46.017587939698	46.017587939698	46.017587939698	46.017587939698	46.017587939698	46.017587939698	46.017587939698	46.017587939698	46.017587939698	46.017587939698	46.017587939698	46.017587939698	46.017587939698	46.017587939698	46.017587939698	46.017587939698	46.017587939698	46.017587939698	46.017587939698	46.017587939698	46.017587939698	46.017587939698	46.017587939698	46.017587939698	46.017587939698	46.017587939698	46.017587939698	46.017587939698	46.017587939698	46.017587939698	46.017587939698	46.017587939698	46.017587939698	46.017587939698	46.017587939698	46.017587939698	46.017587939698	46.017587939698	46.017587939698	46.017587939698	46.017587939698	46.017587939698	46.017587939698	46.017587939698	46.017587939698	46.017587939698	46.017587939698	46.017587939698	46.017587939698
46.515075376884	46.515075376884	46.515075376884	46.515075376884	46.515075376884	46.515075376884	46.515075376884	46.515075376884	46.515075376884	46.515075376884	46.515075376884	46.515075376884	46.515075376884	46.515075376884	46.515075376884	46.515075376884	46.515075376884	46.515075376884	46.515075376884	46.515075376884	46.515075376884	46.515075376884	46.515075376884	46.515075376884	46.515075376884	46.515075376884	46.515075376884	46.515075376884	46.515075376884	46.515075376884	46.515075376884	46.515075376884	46.515075376884	46.515075376884	46.515075376884	46.515075376884	46.515075376884	46.515075376884	46.515075376884	46.515075376884	46.515075376884	46.515075376884	46.515075376884	46.515075376884	46.515075376884	46.515075376884	46.515075376884	46.515075376884	46.515075376884	46.515075376884	46.515075376884	46.515075376884	46.515075376884	46.515075376884	46.515075376884	46.515075376884	46.515075376884	46.515075376884	46.515075376884	46.515075376884	46.515075376884	46.515075376884	46.515075376884	46.515075376884	46.515075376884	46.515075376884	46.515075376884	46.515075376884	46.515075376884	46.515075376884	46.515075376884	46.515075376884	46.515075376884	46.515075376884	46.515075376884	46.515075376884	46.515075376884	46.515075376884	46.515075376884	46.515075376884	46.515075376884	46.515075376884	46.515075376884	46.515075376884	46.515075376884	46.515075376884	46.515075376884	46.515075376884	46.515075376884	46.515075376884	46.515075376884	46.515075376884	46.515075376884	46.515075376884	46.515075376884	46.515075376884	46.515075376884	46.515075376884	46.515075376884	46.515075376884	46.515075376884	46.515075376884	46.515075376884	46.515075376884	46.515075376884	46.515075376884	46.515075376884	46.515075376884	46.515075376884	46.515075376884	46.515075376884	46.515075376884	46.515075376884	46.515075376884	46.515075376884	46.515075376884	46.515075376884	46.515075376884	46.515075376884	46.515075376884	46.515075376884	46.515075376884	46.515075376884	46.515075376884	46.515075376884	46.515075376884	46.515075376884	46.515075376884	46.515075376884	46.515075376884	46.515075376884	46.515075376884	46.515075376884	46.515075376884	46.515075376884	46.515075376884	46.515075376884	46.515075376884	46.515075376884	46.515075376884	46.515075376884	46.515075376884	46.515075376884	46.515075376884	46.515075376884	46.515075376884	46.515075376884	46.515075376884	46.515075376884	46.515075376884	46.515075376884	46.515075376884	46.515075376884	46.515075376884	46.515075376884	46.515075376884	46.515075376884	46.515075376884	46.515075376884	46.515075376884	46.515075376884	46.515075376884	46.515075376884	46.515075376884	46.515075376884	46.515075376884	46.515075376884	46.515075376884	46.515075376884	46.515075376884	46.515075376884	46.515075376884	46.515075376884	46.515075376884	46.515075376884	46.515075376884	46.515075376884	46.515075376884	46.515075376884	46.515075376884	46.515075376884	46.515075376884	46.515075376884	46.515075376884	46.515075376884	46.515075376884	46.515075376884	46.515075376884	46.515075376884	46.515075376884	46.515075376884	46.515075376884	46.515075376884	46.515075376884	46.515075376884	46.515075376884	46.515075376884	46.515075376884	46.515075376884	46.515075376884
47.01256281407	47.01256281407	47.01256281407	47.01256281407	47.01256281407	47.01256281407	47.01256281407	47.01256281407	47.01256281407	47.01256281407	47.01256281407	47.01256281407	47.01256281407	47.01256281407	47.01256281407	47.01256281407	47.01256281407	47.01256281407	47.01256281407	47.01256281407	47.01256281407	47.01256281407	47.01256281407	47.01256281407	47.01256281407	47.01256281407	47.01256281407	47.01256281407	47.01256281407	47.01256281407	47.01256281407	47.01256281407	47.01256281407	47.01256281407	47.01256281407	47.01256281407	47.01256281407	47.01256281407	47.01256281407	47.01256281407	47.01256281407	47.01256281407	47.01256281407	47.01256281407	47.01256281407	47.01256281407	47.01256281407	47.01256281407	47.01256281407	47.01256281407	47.01256281407	47.01256281407	47.01256281407	47.01256281407	47.01256281407	47.01256281407	47.01256281407	47.01256281407	47.01256281407	47.01256281407	47.01256281407	47.01256281407	47.01256281407	47.01256281407	47.01256281407	47.01256281407	47.01256281407	47.01256281407	47.01256281407	47.01256281407	47.01256281407	47.01256281407	47.01256281407	47.01256281407	47.01256281407	47.01256281407	47.01256281407	47.01256281407	47.01256281407	47.01256281407	47.01256281407	47.01256281407	47.01256281407	47.01256281407	47.01256281407	47.01256281407	47.01256281407	47.01256281407	47.01256281407	47.01256281407	47.01256281407	47.01256281407	47.01256281407	47.01256281407	47.01256281407	47.01256281407	47.01256281407	47.01256281407	47.01256281407	47.01256281407	47.01256281407	47.01256281407	47.01256281407	47.01256281407	47.01256281407	47.01256281407	47.01256281407	47.01256281407	47.01256281407	47.01256281407	47.01256281407	47.01256281407	47.01256281407	47.01256281407	47.01256281407	47.01256281407	47.01256281407	47.01256281407	47.01256281407	47.01256281407	47.01256281407	47.01256281407	47.01256281407	47.01256281407	47.01256281407	47.01256281407	47.01256281407	47.01256281407	47.01256281407	47.01256281407	47.01256281407	47.01256281407	47.01256281407	47.01256281407	47.01256281407	47.01256281407	47.01256281407	47.01256281407	47.01256281407	47.01256281407	47.01256281407	47.01256281407	47.01256281407	47.01256281407	47.01256281407	47.01256281407	47.01256281407	47.01256281407	47.01256281407	47.01256281407	47.01256281407	47.01256281407	47.01256281407	47.01256281407	47.01256281407	47.01256281407	47.01256281407	47.01256281407	47.01256281407	47.01256281407	47.01256281407	47.01256281407	47.01256281407	47.01256281407	47.01256281407	47.01256281407	47.01256281407	47.01256281407	47.01256281407	47.01256281407	47.01256281407	47.01256281407	47.01256281407	47.01256281407	47.01256281407	47.01256281407	47.01256281407	47.01256281407	47.01256281407	47.01256281407	47.01256281407	47.01256281407	47.01256281407	47.01256281407	47.01256281407	47.01256281407	47.01256281407	47.01256281407	47.01256281407	47.01256281407	47.01256281407	47.01256281407	47.01256281407	47.01256281407	47.01256281407	47.01256281407	47.01256281407	47.01256281407	47.01256281407	47.01256281407
47.510050251256	47.510050251256	47.510050251256	47.510050251256	47.510050251256	47.510050251256	47.510050251256	47.510050251256	47.510050251256	47.510050251256	47.510050251256	47.510050251256	47.510050251256	47.510050251256	47.510050251256	47.510050251256	47.510050251256	47.510050251256	47.510050251256	47.510050251256	47.510050251256	47.510050251256	47.510050251256	47.510050251256	47.510050251256	47.510050251256	47.510050251256	47.510050251256	47.510050251256	47.510050251256	47.510050251256	47.510050251256	47.510050251256	47.510050251256	47.510050251256	47.510050251256	47.510050251256	47.510050251256	47.510050251256	47.510050251256	47.510050251256	47.510050251256	47.510050251256	47.510050251256	47.510050251256	47.510050251256	47.510050251256	47.510050251256	47.510050251256	47.510050251256	47.510050251256	47.510050251256	47.510050251256	47.510050251256	47.510050251256	47.510050251256	47.510050251256	47.510050251256	47.510050251256	47.510050251256	47.510050251256	47.510050251256	47.510050251256	47.510050251256	47.510050251256	47.510050251256	47.510050251256	47.510050251256	47.510050251256	47.510050251256	47.510050251256	47.510050251256	47.510050251256	47.510050251256	47.510050251256	47.510050251256	47.510050251256	47.510050251256	47.510050251256	47.510050251256	47.510050251256	47.510050251256	47.510050251256	47.510050251256	47.510050251256	47.510050251256	47.510050251256	47.510050251256	47.510050251256	47.510050251256	47.510050251256	47.510050251256	47.510050251256	47.510050251256	47.510050251256	47.510050251256	47.510050251256	47.510050251256	47.510050251256	47.510050251256	47.510050251256	47.510050251256	47.510050251256	47.510050251256	47.510050251256	47.510050251256	47.510050251256	47.510050251256	47.510050251256	47.510050251256	47.510050251256	47.510050251256	47.510050251256	47.510050251256	47.510050251256	47.510050251256	47.510050251256	47.510050251256	47.510050251256	47.510050251256	47.510050251256	47.510050251256	47.510050251256	47.510050251256	47.510050251256	47.510050251256	47.510050251256	47.510050251256	47.510050251256	47.510050251256	47.510050251256	47.510050251256	47.510050251256	47.510050251256	47.510050251256	47.510050251256	47.510050251256	47.510050251256	47.510050251256	47.510050251256	47.510050251256	47.510050251256	47.510050251256	47.510050251256	47.510050251256	47.510050251256	47.510050251256	47.510050251256	47.510050251256	47.510050251256	47.510050251256	47.510050251256	47.510050251256	47.510050251256	47.510050251256	47.510050251256	47.510050251256	47.510050251256	47.510050251256	47.510050251256	47.510050251256	47.510050251256	47.510050251256	47.510050251256	47.510050251256	47.510050251256	47.510050251256	47.510050251256	47.510050251256	47.510050251256	47.510050251256	47.510050251256	47.510050251256	47.510050251256	47.510050251256	47.510050251256	47.510050251256	47.510050251256	47.510050251256	47.510050251256	47.510050251256	47.510050251256	47.510050251256	47.510050251256	47.510050251256	47.510050251256	47.510050251256	47.510050251256	47.510050251256	47.510050251256	47.510050251256	47.510050251256	47.510050251256	47.510050251256	47.510050251256	47.510050251256	47.510050251256	47.510050251256	47.510050251256	47.510050251256
48.007537688442	48.007537688442	48.007537688442	48.007537688442	48.007537688442	48.007537688442	48.007537688442	48.007537688442	48.007537688442	48.007537688442	48.007537688442	48.007537688442	48.007537688442	48.007537688442	48.007537688442	48.007537688442	48.007537688442	48.007537688442	48.007537688442	48.007537688442	48.007537688442	48.007537688442	48.007537688442	48.007537688442	48.007537688442	48.007537688442	48.007537688442	48.007537688442	48.007537688442	48.007537688442	48.007537688442	48.007537688442	48.007537688442	48.007537688442	48.007537688442	48.007537688442	48.007537688442	48.007537688442	48.007537688442	48.007537688442	48.007537688442	48.007537688442	48.007537688442	48.007537688442	48.007537688442	48.007537688442	48.007537688442	48.007537688442	48.007537688442	48.007537688442	48.007537688442	48.007537688442	48.007537688442	48.007537688442	48.007537688442	48.007537688442	48.007537688442	48.007537688442	48.007537688442	48.007537688442	48.007537688442	48.007537688442	48.007537688442	48.007537688442	48.007537688442	48.007537688442	48.007537688442	48.007537688442	48.007537688442	48.007537688442	48.007537688442	48.007537688442	48.007537688442	48.007537688442	48.007537688442	48.007537688442	48.007537688442	48.007537688442	48.007537688442	48.007537688442	48.007537688442	48.007537688442	48.007537688442	48.007537688442	48.007537688442	48.007537688442	48.007537688442	48.007537688442	48.007537688442	48.007537688442	48.007537688442	48.007537688442	48.007537688442	48.007537688442	48.007537688442	48.007537688442	48.007537688442	48.007537688442	48.007537688442	48.007537688442	48.007537688442	48.007537688442	48.007537688442	48.007537688442	48.007537688442	48.007537688442	48.007537688442	48.007537688442	48.007537688442	48.007537688442	48.007537688442	48.007537688442	48.007537688442	48.007537688442	48.007537688442	48.007537688442	48.007537688442	48.007537688442	48.007537688442	48.007537688442	48.007537688442	48.007537688442	48.007537688442	48.007537688442	48.007537688442	48.007537688442	48.007537688442	48.007537688442	48.007537688442	48.007537688442	48.007537688442	48.007537688442	48.007537688442	48.007537688442	48.007537688442	48.007537688442	48.007537688442	48.007537688442	48.007537688442	48.007537688442	48.007537688442	48.007537688442	48.007537688442	48.007537688442	48.007537688442	48.007537688442	48.007537688442	48.007537688442	48.007537688442	48.007537688442	48.007537688442	48.007537688442	48.007537688442	48.007537688442	48.007537688442	48.007537688442	48.007537688442	48.007537688442	48.007537688442	48.007537688442	48.007537688442	48.007537688442	48.007537688442	48.007537688442	48.007537688442	48.007537688442	48.007537688442	48.007537688442	48.007537688442	48.007537688442	48.007537688442	48.007537688442	48.007537688442	48.007537688442	48.007537688442	48.007537688442	48.007537688442	48.007537688442	48.007537688442	48.007537688442	48.007537688442	48.007537688442	48.007537688442	48.007537688442	48.007537688442	48.007537688442	48.007537688442	48.007537688442	48.007537688442	48.007537688442	48.007537688442	48.007537688442	48.007537688442	48.007537688442	48.007537688442	48.007537688442	48.007537688442	48.007537688442	48.007537688442	48.007537688442
48.505025125628	48.505025125628	48.505025125628	48.505025125628	48.505025125628	48.505025125628	48.505025125628	48.505025125628	48.505025125628	48.505025125628	48.505025125628	48.505025125628	48.505025125628	48.505025125628	48.505025125628	48.505025125628	48.505025125628	48.505025125628	48.505025125628	48.505025125628	48.505025125628	48.505025125628	48.505025125628	48.505025125628	48.505025125628	48.505025125628	48.505025125628	48.505025125628	48.505025125628	48.505025125628	48.505025125628	48.505025125628	48.505025125628	48.505025125628	48.505025125628	48.505025125628	48.505025125628	48.505025125628	48.505025125628	48.505025125628	48.505025125628	48.505025125628	48.505025125628	48.505025125628	48.505025125628	48.505025125628	48.505025125628	48.505025125628	48.505025125628	48.505025125628	48.505025125628	48.505025125628	48.505025125628	48.505025125628	48.505025125628	48.505025125628	48.505025125628	48.505025125628	48.505025125628	48.505025125628	48.505025125628	48.505025125628	48.505025125628	48.505025125628	48.505025125628	48.505025125628	48.505025125628	48.505025125628	48.505025125628	48.505025125628	48.505025125628	48.505025125628	48.505025125628	48.505025125628	48.505025125628	48.505025125628	48.505025125628	48.505025125628	48.505025125628	48.505025125628	48.505025125628	48.505025125628	48.505025125628	48.505025125628	48.505025125628	48.505025125628	48.505025125628	48.505025125628	48.505025125628	48.505025125628	48.505025125628	48.505025125628	48.505025125628	48.505025125628	48.505025125628	48.505025125628	48.505025125628	48.505025125628	48.505025125628	48.505025125628	48.505025125628	48.505025125628	48.505025125628	48.505025125628	48.505025125628	48.505025125628	48.505025125628	48.505025125628	48.505025125628	48.505025125628	48.505025125628	48.505025125628	48.505025125628	48.505025125628	48.505025125628	48.505025125628	48.505025125628	48.505025125628	48.505025125628	48.505025125628	48.505025125628	48.505025125628	48.505025125628	48.505025125628	48.505025125628	48.505025125628	48.505025125628	48.505025125628	48.505025125628	48.505025125628	48.505025125628	48.505025125628	48.505025125628	48.505025125628	48.505025125628	48.505025125628	48.505025125628	48.505025125628	48.505025125628	48.505025125628	48.505025125628	48.505025125628	48.505025125628	48.505025125628	48.505025125628	48.505025125628	48.505025125628	48.505025125628	48.505025125628	48.505025125628	48.505025125628	48.505025125628	48.505025125628	48.505025125628	48.505025125628	48.505025125628	48.505025125628	48.505025125628	48.505025125628	48.505025125628	48.505025125628	48.505025125628	48.505025125628	48.505025125628	48.505025125628	48.505025125628	48.505025125628	48.505025125628	48.505025125628	48.505025125628	48.505025125628	48.505025125628	48.505025125628	48.505025125628	48.505025125628	48.505025125628	48.505025125628	48.505025125628	48.505025125628	48.505025125628	48.505025125628	48.505025125628	48.505025125628	48.505025125628	48.505025125628	48.505025125628	48.505025125628	48.505025125628	48.505025125628	48.505025125628	48.505025125628	48.505025125628	48.505025125628	48.505025125628	48.505025125628	48.505025125628	48.505025125628	48.505025125628	48.505025125628	48.505025125628
49.002512562814	49.002512562814	49.002512562814	49.002512562814	49.002512562814	49.002512562814	49.002512562814	49.002512562814	49.002512562814	49.002512562814	49.002512562814	49.002512562814	49.002512562814	49.002512562814	49.002512562814	49.002512562814	49.002512562814	49.002512562814	49.002512562814	49.002512562814	49.002512562814	49.002512562814	49.002512562814	49.002512562814	49.002512562814	49.002512562814	49.002512562814	49.002512562814	49.002512562814	49.002512562814	49.002512562814	49.002512562814	49.002512562814	49.002512562814	49.002512562814	49.002512562814	49.002512562814	49.002512562814	49.002512562814	49.002512562814	49.002512562814	49.002512562814	49.002512562814	49.002512562814	49.002512562814	49.002512562814	49.002512562814	49.002512562814	49.002512562814	49.002512562814	49.002512562814	49.002512562814	49.002512562814	49.002512562814	49.002512562814	49.002512562814	49.002512562814	49.002512562814	49.002512562814	49.002512562814	49.002512562814	49.002512562814	49.002512562814	49.002512562814	49.002512562814	49.002512562814	49.002512562814	49.002512562814	49.002512562814	49.002512562814	49.002512562814	49.002512562814	49.002512562814	49.002512562814	49.002512562814	49.002512562814	49.002512562814	49.002512562814	49.002512562814	49.002512562814	49.002512562814	49.002512562814	49.002512562814	49.002512562814	49.002512562814	49.002512562814	49.002512562814	49.002512562814	49.002512562814	49.002512562814	49.002512562814	49.002512562814	49.002512562814	49.002512562814	49.002512562814	49.002512562814	49.002512562814	49.002512562814	49.002512562814	49.002512562814	49.002512562814	49.002512562814	49.002512562814	49.002512562814	49.002512562814	49.002512562814	49.002512562814	49.002512562814	49.002512562814	49.002512562814	49.002512562814	49.002512562814	49.002512562814	49.002512562814	49.002512562814	49.002512562814	49.002512562814	49.002512562814	49.002512562814	49.002512562814	49.002512562814	49.002512562814	49.002512562814	49.002512562814	49.002512562814	49.002512562814	49.002512562814	49.002512562814	49.002512562814	49.002512562814	49.002512562814	49.002512562814	49.002512562814	49.002512562814	49.002512562814	49.002512562814	49.002512562814	49.002512562814	49.002512562814	49.002512562814	49.002512562814	49.002512562814	49.002512562814	49.002512562814	49.002512562814	49.002512562814	49.002512562814	49.002512562814	49.002512562814	49.002512562814	49.002512562814	49.002512562814	49.002512562814	49.002512562814	49.002512562814	49.002512562814	49.002512562814	49.002512562814	49.002512562814	49.002512562814	49.002512562814	49.002512562814	49.002512562814	49.002512562814	49.002512562814	49.002512562814	49.002512562814	49.002512562814	49.002512562814	49.002512562814	49.002512562814	49.002512562814	49.002512562814	49.002512562814	49.002512562814	49.002512562814	49.002512562814	49.002512562814	49.002512562814	49.002512562814	49.002512562814	49.002512562814	49.002512562814	49.002512562814	49.002512562814	49.002512562814	49.002512562814	49.002512562814	49.002512562814	49.002512562814	49.002512562814	49.002512562814	49.002512562814	49.002512562814	49.002512562814	49.002512562814	49.002512562814	49.002512562814	49.002512562814	49.002512562814
49.5	49.5	49.5	49.5	49.5	49.5	49.5	49.5	49.5	49.5	49.5	49.5	49.5	49.5	49.5	49.5	49.5	49.5	49.5	49.5	49.5	49.5	49.5	49.5	49.5	49.5	49.5	49.5	49.5	49.5	49.5	49.5	49.5	49.5	49.5	49.5	49.5	49.5	49.5	49.5	49.5	49.5	49.5	49.5	49.5	49.5	49.5	49.5	49.5	49.5	49.5	49.5	49.5	49.5	49.5	49.5	49.5	49.5	49.5	49.5	49.5	49.5	49.5	49.5	49.5	49.5	49.5	49.5	49.5	49.5	49.5	49.5	49.5	49.5	49.5	49.5	49.5	49.5	49.5	49.5	49.5	49.5	49.5	49.5	49.5	49.5	49.5	49.5	49.5	49.5	49.5	49.5	49.5	49.5	49.5	49.5	49.5	49.5	49.5	49.5	49.5	49.5	49.5	49.5	49.5	49.5	49.5	49.5	49.5	49.5	49.5	49.5	49.5	49.5	49.5	49.5	49.5	49.5	49.5	49.5	49.5	49.5	49.5	49.5	49.5	49.5	49.5	49.5	49.5	49.5	49.5	49.5	49.5	49.5	49.5	49.5	49.5	49.5	49.5	49.5	49.5	49.5	49.5	49.5	49.5	49.5	49.5	49.5	49.5	49.5	49.5	49.5	49.5	49.5	49.5	49.5	49.5	49.5	49.5	49.5	49.5	49.5	49.5	49.5	49.5	49.5	49.5	49.5	49.5	49.5	49.5	49.5	49.5	49.5	49.5	49.5	49.5	49.5	49.5	49.5	49.5	49.5	49.5	49.5	49.5	49.5	49.5	49.5	49.5	49.5	49.5	49.5	49.5	49.5	49.5	49.5	49.5	49.5	49.5	49.5
